-28.66,-28.72,-28.37,-28.11,-28.50,-28.15,-28.29,-28.76,-28.81,-28.81,-29.37,-29.69,-29.82,-29.88,-30.00,-30.00,-29.82,-29.77,-29.58,-29.62,-30.09,-29.66,-29.34,-29.86,-29.49,-29.34,-28.98,-27.82,-25.80,-20.79,-13.64,-6.21,-0.31,3.34,5.42,6.44,6.81,6.79,6.13,5.01,4.48,4.45,2.94,-1.40,-6.12,-8.81,-9.18,-7.98,-6.52,-5.31,-3.67,-2.48,-1.24,-0.12,0.48,0.86,1.66,2.33,2.47,2.81,3.36,3.68,4.04,4.18,4.51,4.59,4.97,5.04,5.47,5.60,5.60,5.94,5.74,5.64,5.75,5.77,5.72,5.96,6.09,5.82,5.97,6.01,6.02,6.14,5.92,5.95,6.07,6.21,6.24,6.32,6.31,6.35,6.44,6.41,6.46,6.61,6.62,6.58,6.43,6.46,6.75,6.84,6.59,6.78,6.70,6.85,7.02,7.16,7.40,7.50,7.44,7.41,7.46,7.45,7.22,7.52,7.71,7.46,7.48,7.79,7.88,7.72,7.63,7.74,7.80,8.06,8.12,7.82,7.79,8.04,8.17,8.29,8.50,8.46,8.52,8.29,8.30,8.82,8.96,8.94,9.14,9.38,9.34,9.76,10.05,10.12,10.11,10.13,10.14,10.10,10.12,10.05,9.88,9.89,9.93,9.96,9.92,9.79,9.57,9.34
-28.59,-28.41,-28.24,-27.98,-28.26,-28.02,-27.87,-28.02,-28.11,-27.78,-28.50,-28.87,-28.98,-29.07,-28.91,-28.81,-28.85,-28.79,-28.59,-28.55,-29.04,-28.37,-28.02,-27.96,-27.36,-26.76,-26.30,-25.29,-23.14,-19.19,-12.86,-4.89,0.79,4.06,5.67,6.33,6.48,6.40,6.10,5.39,5.33,5.42,4.82,2.89,0.61,-0.85,-1.06,-0.34,0.54,1.13,1.82,2.23,2.64,3.31,3.56,3.66,3.90,4.30,4.52,4.74,5.08,5.11,5.22,5.36,5.54,5.60,5.44,5.89,5.87,6.04,6.16,6.23,6.33,6.23,6.32,6.24,6.03,6.04,6.06,6.03,6.03,6.18,6.35,6.46,6.22,6.20,6.55,6.48,6.54,6.62,6.53,6.48,6.56,6.63,6.77,6.82,6.83,6.96,6.88,6.92,7.16,7.28,7.07,7.29,7.28,7.40,7.62,7.69,7.90,7.96,7.97,8.00,7.97,7.93,7.88,7.88,8.19,7.71,7.85,8.25,8.22,8.03,8.05,8.14,8.24,8.49,8.58,8.42,8.48,8.72,8.90,9.06,9.19,9.23,9.40,9.12,9.18,9.44,9.80,9.93,9.90,9.98,9.97,10.14,10.11,10.14,10.22,10.29,10.20,10.09,10.08,10.10,10.02,9.72,9.57,9.65,9.70,9.66,9.38,8.96
-28.37,-28.15,-28.02,-27.89,-28.06,-27.95,-27.62,-27.51,-28.09,-27.82,-27.80,-27.80,-27.51,-27.16,-27.27,-26.93,-26.80,-26.51,-26.03,-25.64,-25.75,-24.68,-23.90,-23.18,-22.26,-21.11,-19.94,-18.55,-16.21,-12.58,-8.22,-2.02,2.26,4.52,5.61,6.11,6.31,6.30,6.26,5.79,5.86,5.78,5.46,4.78,4.04,3.47,3.11,3.36,3.73,3.90,4.41,4.51,4.56,4.83,5.04,4.98,5.08,5.31,5.47,5.63,5.75,5.70,5.87,5.94,6.09,6.29,6.13,6.10,6.07,6.11,6.35,6.24,6.10,6.31,6.35,6.23,6.31,6.41,6.35,6.38,6.65,6.69,6.90,7.10,6.92,6.81,6.78,6.84,6.88,7.04,7.12,7.15,7.20,7.18,7.14,7.25,7.55,7.58,7.47,7.70,7.64,7.79,7.81,7.76,7.71,7.87,8.14,8.07,8.27,8.36,8.43,8.48,8.38,8.32,8.23,8.15,8.56,8.57,8.56,8.69,8.64,8.73,8.84,8.77,8.77,9.15,9.09,9.15,9.38,9.58,9.63,9.65,9.73,9.92,9.97,9.61,9.73,9.92,10.11,10.14,10.08,10.00,9.99,9.98,9.96,10.00,10.11,10.18,10.02,9.77,9.80,9.85,9.63,9.24,9.01,8.91,8.93,8.87,8.66,8.36
-27.95,-27.89,-27.53,-27.60,-27.33,-27.36,-27.58,-27.42,-27.27,-26.60,-26.48,-26.10,-25.15,-24.07,-23.98,-23.11,-22.35,-21.73,-20.90,-19.64,-19.16,-17.06,-15.99,-14.66,-13.03,-11.29,-9.60,-7.97,-6.25,-4.81,-2.46,0.37,2.88,4.61,5.53,5.96,6.21,6.18,6.18,6.02,6.07,5.79,5.54,5.35,5.35,5.39,5.15,5.33,5.39,5.19,5.28,5.49,5.53,5.42,5.52,5.57,5.66,5.77,5.77,5.88,6.04,6.13,6.33,6.29,6.39,6.43,6.32,6.30,6.24,6.37,6.62,6.71,6.66,6.65,6.76,6.81,6.86,6.93,6.93,7.20,7.31,7.14,7.23,7.46,7.64,7.47,7.47,7.62,7.49,7.64,7.50,7.55,7.62,7.66,7.72,7.86,7.98,7.79,7.74,8.15,8.40,8.27,8.02,8.24,8.21,8.38,8.66,8.64,8.75,8.87,9.05,9.09,9.06,9.04,8.90,9.10,9.29,9.38,9.22,9.37,9.38,9.43,9.58,9.62,9.61,9.93,10.07,9.79,10.07,10.18,9.95,9.75,9.82,9.98,9.85,9.62,9.98,10.18,10.24,10.20,10.10,10.00,9.78,9.73,9.91,9.78,9.80,9.91,9.65,9.54,9.41,9.31,9.20,8.97,8.43,8.22,8.03,7.79,7.66,7.61
-27.18,-26.71,-26.33,-26.53,-26.69,-26.19,-25.41,-24.90,-24.38,-23.06,-21.88,-20.83,-19.71,-18.57,-17.86,-16.50,-15.26,-14.28,-13.28,-11.46,-10.22,-8.31,-6.80,-5.79,-4.88,-3.93,-2.97,-1.93,-1.02,-0.09,1.06,2.28,3.59,4.78,5.52,5.81,6.13,6.09,6.00,5.95,6.03,5.79,5.81,5.74,5.51,5.51,5.52,5.77,5.74,5.82,5.73,5.82,6.02,5.92,6.00,6.06,6.09,6.16,6.25,6.50,6.67,6.62,6.52,6.54,6.77,6.65,6.73,6.76,6.79,6.84,7.02,7.28,7.37,7.29,7.50,7.62,7.56,7.80,7.91,7.86,7.95,7.81,7.85,8.13,8.19,8.07,8.10,7.88,7.98,8.15,8.06,7.96,7.95,8.11,8.17,8.22,8.31,8.29,8.22,8.30,8.60,8.48,8.80,8.92,9.22,9.29,9.48,9.53,9.42,9.61,9.77,9.80,9.86,9.83,9.77,9.89,10.03,9.98,9.98,10.18,10.12,9.87,10.05,10.28,10.26,10.39,10.17,10.24,10.30,10.17,9.81,9.44,9.44,9.53,9.47,9.63,9.85,10.00,10.12,10.10,9.88,9.70,9.71,9.39,9.58,9.31,9.44,9.57,9.31,9.39,9.11,9.03,8.96,8.77,8.46,8.13,7.41,7.29,7.34,7.23
-24.96,-24.41,-23.60,-22.82,-21.70,-20.49,-19.52,-18.57,-17.97,-16.21,-14.70,-13.57,-12.33,-11.30,-10.08,-8.63,-7.33,-6.16,-4.96,-3.74,-3.26,-2.13,-1.44,-0.92,-0.34,0.32,1.06,1.53,2.00,2.55,3.11,3.69,4.38,5.14,5.60,5.61,6.00,6.11,6.11,5.86,5.86,5.67,5.85,5.99,5.81,5.88,5.82,6.26,5.88,6.14,6.33,6.24,6.30,6.07,6.30,6.46,6.46,6.59,6.74,6.89,6.93,6.82,6.85,6.88,7.21,7.12,7.25,7.42,7.36,7.39,7.64,7.81,7.87,7.88,8.12,8.16,8.10,8.30,8.31,8.28,8.33,8.36,8.41,8.51,8.59,8.56,8.52,8.17,8.36,8.68,8.54,8.50,8.51,8.56,8.60,8.75,8.95,9.04,9.02,9.12,9.39,9.29,9.38,9.63,10.02,10.00,10.39,10.35,10.35,10.38,10.13,10.05,10.10,10.14,10.13,10.11,10.37,10.13,10.12,10.21,10.14,9.96,10.14,10.17,10.02,10.27,10.33,10.22,10.53,10.26,9.59,8.99,8.95,9.14,9.29,9.61,9.63,9.82,9.95,9.90,9.71,9.53,9.42,9.60,9.44,9.21,9.25,9.27,9.12,9.05,8.96,8.92,8.73,8.51,8.32,8.02,7.38,7.57,7.49,7.22
-19.48,-18.02,-17.14,-16.05,-14.75,-13.40,-12.42,-10.90,-10.37,-8.92,-7.50,-6.67,-5.61,-4.45,-3.34,-2.61,-2.00,-1.30,-0.56,-0.18,0.35,1.07,1.52,1.96,2.43,2.82,3.37,3.50,3.69,4.02,4.38,4.68,5.02,5.45,5.79,5.59,5.84,5.81,6.03,5.85,6.07,6.02,5.99,6.06,5.89,5.91,5.82,6.29,6.43,6.39,6.67,6.65,6.68,6.66,6.90,7.04,6.97,7.09,7.21,7.25,7.32,7.17,7.37,7.31,7.80,7.70,7.88,8.11,7.90,7.91,8.21,8.30,8.32,8.40,8.55,8.57,8.55,8.55,8.46,8.63,8.64,8.75,8.76,8.86,8.97,9.04,8.83,8.90,9.13,9.41,9.30,9.32,9.40,9.34,9.38,9.54,9.67,9.71,9.60,9.53,9.90,10.11,10.11,10.24,10.38,10.77,11.18,11.34,11.33,11.00,10.42,10.16,10.09,9.93,9.90,10.11,10.24,9.99,9.95,9.92,9.96,9.95,10.09,10.06,10.05,10.24,10.21,10.02,9.92,9.81,9.22,8.41,8.41,8.86,9.18,9.36,9.59,9.70,9.70,9.62,9.51,9.36,9.21,9.14,9.10,9.05,8.92,8.80,8.87,9.04,8.63,8.65,8.42,8.21,8.10,7.93,7.53,7.79,7.58,7.48
-12.80,-11.55,-10.37,-9.25,-7.96,-6.69,-5.97,-4.71,-4.18,-3.30,-2.30,-1.74,-1.11,-0.31,0.12,0.33,0.76,1.52,2.02,2.31,2.55,2.98,3.31,3.57,3.85,4.09,4.51,4.58,4.62,4.76,5.01,5.17,5.37,5.71,5.88,6.03,5.86,6.09,6.06,6.06,6.29,6.18,5.99,6.00,5.97,6.17,6.04,6.59,6.83,6.94,7.21,7.20,7.37,7.50,7.60,7.63,7.60,7.65,7.65,7.63,7.87,7.80,7.79,7.91,8.32,8.28,8.38,8.58,8.45,8.38,8.56,8.71,8.82,8.94,9.00,9.08,9.13,9.13,9.14,9.19,9.19,9.37,9.27,9.61,9.70,9.71,9.42,9.77,9.92,10.09,10.03,10.09,10.11,9.99,10.01,10.08,10.16,10.19,9.99,9.88,9.92,10.16,10.13,10.39,10.71,11.55,12.38,12.38,11.76,11.34,10.76,10.27,10.11,10.13,10.07,9.98,9.93,9.86,9.95,9.76,9.75,9.83,9.96,9.89,9.86,9.97,9.96,9.67,9.57,9.42,8.74,8.33,8.36,8.55,8.90,9.32,9.37,9.33,9.39,9.42,9.34,9.21,9.05,8.92,9.04,8.99,8.91,8.94,8.97,8.90,8.85,8.60,8.30,8.11,8.04,7.99,7.65,7.80,7.56,7.62
-6.20,-5.49,-4.45,-3.56,-2.82,-1.95,-1.31,-0.85,-0.47,0.08,0.69,0.91,1.79,2.13,2.23,2.31,2.59,3.10,3.42,3.67,3.72,4.03,4.36,4.49,4.55,4.71,4.96,5.12,5.18,5.22,5.18,5.28,5.54,5.75,5.92,5.84,5.84,5.82,6.07,6.15,6.17,6.18,6.10,6.02,6.06,6.37,6.47,7.16,7.42,7.65,7.80,7.82,8.02,8.19,8.16,8.11,8.14,8.16,8.11,8.05,8.29,8.45,8.19,8.41,8.65,8.85,8.71,8.96,8.92,8.84,9.02,9.25,9.22,9.32,9.44,9.48,9.67,9.79,9.89,9.90,9.95,10.09,9.95,10.32,10.56,10.37,10.21,10.23,10.20,10.43,10.23,10.31,10.16,10.03,9.96,9.85,9.92,9.89,9.68,9.52,9.31,9.59,9.72,10.21,10.76,11.38,12.72,12.86,12.09,11.25,10.39,10.02,10.05,10.06,9.88,9.67,9.67,9.53,9.50,9.41,9.32,9.56,9.71,9.56,9.49,9.65,9.60,9.31,9.34,9.25,9.00,8.69,8.55,8.67,9.02,9.27,9.17,9.18,9.30,9.43,9.27,9.10,8.97,8.90,8.92,8.90,8.72,8.77,8.82,8.74,8.90,8.47,8.39,8.16,8.07,8.14,7.70,7.74,7.41,7.47
-1.67,-1.30,-0.61,0.06,0.39,0.61,1.25,1.39,1.55,1.83,2.12,2.54,3.02,3.23,3.31,3.43,3.66,3.94,4.12,4.35,4.44,4.62,4.87,4.95,4.97,5.17,5.32,5.44,5.64,5.73,5.61,5.49,5.65,5.82,5.82,5.87,5.97,6.06,6.23,6.24,6.26,6.32,6.26,6.22,6.15,6.35,6.84,7.52,7.83,8.28,8.32,8.28,8.41,8.54,8.51,8.50,8.57,8.67,8.78,8.69,8.78,9.19,9.01,8.73,9.27,9.62,9.76,9.77,9.52,9.60,9.73,9.90,10.05,10.13,10.10,10.09,10.29,10.40,10.21,10.10,10.31,10.32,10.09,10.41,9.99,10.22,10.02,10.20,10.08,10.29,9.80,9.66,9.43,9.25,9.13,8.90,8.84,8.75,8.52,8.36,8.31,8.75,9.13,9.92,10.52,11.11,12.39,12.60,11.96,10.94,10.12,9.66,9.68,9.62,9.62,9.86,9.75,9.31,9.36,9.19,9.28,9.29,9.50,9.34,9.30,9.39,9.29,9.11,9.20,9.14,9.32,8.83,8.81,9.01,9.01,8.84,8.95,9.18,9.09,9.22,9.05,8.94,8.87,8.77,8.72,8.66,8.60,8.67,8.63,8.56,8.56,8.51,8.31,8.22,8.13,7.85,7.38,7.58,7.06,7.14
1.11,1.19,1.39,1.71,2.02,2.41,2.63,2.84,2.87,2.93,3.19,3.38,3.92,3.90,3.99,4.15,4.24,4.42,4.51,4.72,4.87,4.98,5.09,5.19,5.21,5.24,5.49,5.50,5.64,5.74,5.80,5.88,5.96,5.91,6.07,6.13,6.10,6.22,6.37,6.30,6.26,6.33,6.35,6.40,6.24,6.29,6.84,7.32,7.78,8.48,8.62,8.59,8.76,8.82,8.84,8.99,9.04,9.32,9.58,9.52,9.56,9.88,9.93,10.03,10.91,11.43,11.05,10.56,10.23,10.13,10.09,10.19,10.18,10.16,10.21,10.28,10.32,10.23,10.11,10.11,10.45,10.58,10.14,10.37,10.18,10.18,9.21,9.05,8.99,8.92,8.49,8.21,7.99,7.82,7.83,7.70,7.54,7.41,7.28,7.21,7.42,7.98,8.60,9.63,10.13,10.70,11.35,11.55,11.15,10.35,9.70,9.48,9.41,9.36,9.46,9.54,9.43,9.31,9.14,9.22,9.13,9.27,9.46,9.40,9.17,9.05,9.05,8.96,9.03,9.08,9.37,8.90,9.06,9.13,9.01,8.90,8.94,9.23,9.19,8.95,8.87,8.80,8.66,8.62,8.67,8.54,8.77,8.68,8.48,8.37,8.54,8.54,8.57,8.16,7.74,7.28,6.75,6.79,6.53,6.66
3.01,3.00,3.14,3.40,3.29,3.65,3.75,3.80,3.79,3.84,4.10,4.11,4.61,4.62,4.64,4.76,4.63,4.76,4.85,4.99,5.04,5.18,5.45,5.50,5.56,5.52,5.71,5.96,5.89,5.85,5.89,5.89,5.91,5.88,6.20,6.15,5.92,6.00,6.20,6.26,6.31,6.36,6.32,6.40,6.07,6.36,6.58,6.81,7.46,8.22,8.60,9.08,9.29,9.37,9.70,9.87,9.83,10.14,10.24,10.21,10.58,10.76,10.99,11.12,11.26,10.82,10.88,10.76,10.42,10.29,10.32,10.49,10.44,10.24,10.14,10.09,10.01,10.03,10.26,10.27,10.11,10.10,9.99,10.09,9.65,9.53,8.48,7.58,7.04,7.16,6.74,6.88,6.77,6.59,6.60,6.78,6.67,6.62,6.79,6.94,7.21,7.69,8.46,9.27,9.65,9.99,10.23,10.28,10.10,9.78,9.24,9.27,9.15,9.09,9.05,9.04,9.13,9.13,9.06,9.03,8.76,8.85,8.76,8.95,8.86,8.72,8.71,8.77,8.95,9.08,9.27,9.04,9.15,9.08,9.09,8.99,8.82,8.90,9.03,8.95,8.91,8.87,8.90,8.86,8.74,8.94,8.84,8.72,8.42,8.30,8.41,8.56,8.51,8.10,7.68,7.14,6.54,6.31,6.24,6.22
4.15,4.10,4.04,4.22,4.18,4.38,4.59,4.62,4.55,4.54,4.67,4.82,5.28,5.22,5.12,5.17,4.96,5.07,5.19,5.25,5.33,5.57,5.79,5.73,5.86,5.88,6.02,6.04,5.95,5.89,5.92,5.99,6.09,5.99,6.09,6.06,5.95,6.03,6.18,6.35,6.52,6.54,6.41,6.44,5.85,6.33,6.35,6.73,7.16,8.08,8.83,9.25,9.47,9.62,9.82,9.98,10.02,10.00,10.33,10.10,10.53,10.61,10.63,10.88,11.05,10.87,10.80,10.50,10.20,9.99,9.89,9.93,9.90,9.89,9.79,9.61,9.66,9.65,9.57,9.62,9.70,9.38,9.32,9.58,9.34,8.82,7.49,7.04,6.69,7.05,7.21,6.91,7.10,6.69,6.98,7.31,7.25,7.42,7.72,7.88,8.00,8.10,8.49,8.93,9.23,9.47,9.76,9.58,9.37,9.37,8.92,9.09,8.93,8.87,8.87,8.87,9.00,9.03,8.97,8.97,8.65,8.73,8.76,8.58,8.49,8.68,8.84,8.99,9.25,9.00,9.20,9.21,9.19,9.17,9.18,9.04,8.88,8.91,8.83,8.99,8.91,8.84,8.80,8.68,8.56,8.55,8.65,8.55,8.43,8.27,8.21,8.38,8.29,8.03,7.64,7.01,6.30,6.01,6.08,6.25
4.59,4.61,4.58,4.69,4.67,4.90,4.97,4.92,4.81,4.70,4.82,5.12,5.60,5.56,5.31,5.35,5.10,5.30,5.24,5.45,5.68,5.75,5.94,5.96,6.21,6.20,6.33,6.38,6.26,6.11,6.00,5.95,6.20,6.08,6.13,6.09,6.23,6.35,6.44,6.56,6.71,6.69,6.62,6.82,6.28,6.51,6.39,6.71,6.93,7.73,8.80,9.36,9.54,9.78,9.99,10.03,10.10,10.07,10.14,10.10,10.37,10.13,10.21,10.39,10.35,10.31,10.09,9.92,9.60,9.50,9.53,9.50,9.49,9.58,9.48,9.19,9.19,9.28,9.27,9.32,9.28,9.33,9.29,9.13,8.87,8.57,8.17,7.93,7.49,7.48,7.34,7.32,7.53,7.45,7.47,7.66,7.81,7.99,7.91,7.62,7.76,8.19,8.48,8.71,9.00,9.12,9.44,9.31,9.01,9.03,8.69,9.00,8.93,8.85,8.82,8.84,8.88,8.87,8.86,8.81,8.68,8.39,8.50,8.52,8.55,8.67,8.77,8.76,8.73,8.81,9.20,9.24,9.23,9.23,9.12,8.95,8.93,8.95,8.83,9.13,8.80,8.65,8.54,8.48,8.54,8.66,8.69,8.66,8.40,8.30,8.27,8.10,8.19,7.89,7.60,6.99,6.28,5.95,6.03,6.02
5.29,5.40,5.32,5.30,5.11,5.18,5.31,5.26,5.05,4.87,5.10,5.36,5.70,5.77,5.59,5.59,5.31,5.32,5.39,5.50,5.66,5.93,6.26,6.09,6.20,6.16,6.37,6.53,6.46,6.29,6.17,6.08,6.26,6.31,6.40,6.28,6.33,6.36,6.47,6.63,6.76,6.94,6.69,6.74,6.51,6.73,6.89,6.71,7.22,7.71,8.28,8.90,9.29,9.54,9.69,9.62,9.68,9.78,9.97,9.91,9.78,9.95,9.83,10.03,9.89,9.73,9.62,9.50,9.33,9.30,9.30,9.34,9.39,9.51,9.36,8.97,9.05,9.27,9.38,9.11,9.14,9.24,9.19,8.94,8.85,8.57,8.31,8.16,7.82,7.96,7.80,7.94,7.88,7.81,7.81,7.79,7.87,7.99,7.91,7.78,7.73,7.70,7.89,8.47,8.57,8.99,9.02,9.01,9.04,8.87,8.62,8.83,9.03,8.77,8.69,8.77,8.80,8.80,8.81,8.86,8.58,8.54,8.64,8.60,8.54,8.66,8.73,8.71,8.67,8.54,8.86,8.87,8.85,9.06,8.83,8.75,8.83,8.83,8.85,8.94,8.66,8.49,8.41,8.47,8.59,8.62,8.46,8.48,8.37,8.40,8.38,8.17,8.08,7.80,7.64,7.08,6.38,5.97,6.00,5.88
5.45,5.61,5.58,5.58,5.40,5.33,5.46,5.54,5.39,5.28,5.61,5.91,6.14,6.21,6.10,5.85,5.72,5.61,5.65,5.79,5.92,6.06,6.41,6.32,6.39,6.38,6.59,6.67,6.59,6.46,6.32,6.44,6.45,6.63,6.71,6.54,6.29,6.39,6.62,6.76,7.02,7.15,6.91,7.07,6.88,7.15,7.25,7.25,7.49,7.85,8.24,8.62,8.84,9.04,9.22,9.40,9.41,9.47,9.68,9.46,9.33,9.47,9.40,9.34,9.28,9.21,9.19,9.13,8.94,9.00,9.03,9.06,9.19,9.30,9.22,8.97,9.05,9.21,9.32,9.09,9.02,9.15,8.97,8.99,8.81,8.60,8.06,7.88,7.74,7.85,7.52,7.42,7.14,6.92,6.91,6.77,6.85,6.85,6.56,6.22,6.26,6.75,7.22,8.16,8.59,8.83,8.91,8.66,8.94,8.81,8.51,8.67,8.80,8.60,8.69,8.81,8.73,8.68,8.76,8.80,8.57,8.65,8.59,8.78,8.65,8.56,8.52,8.64,8.71,8.62,8.86,8.88,9.12,9.11,8.85,8.81,8.80,8.74,8.72,8.71,8.63,8.48,8.47,8.56,8.60,8.55,8.47,8.46,8.56,8.45,8.21,8.03,7.99,7.88,7.63,7.06,6.39,5.92,5.97,5.66
5.61,5.59,5.51,5.54,5.64,5.56,5.53,5.59,5.65,5.49,5.67,5.95,6.23,6.35,6.30,6.02,6.03,6.06,6.02,6.11,6.28,6.22,6.54,6.53,6.70,6.74,6.76,6.82,6.81,6.75,6.55,6.81,6.74,6.75,6.93,6.98,6.89,6.86,7.08,7.40,7.57,7.56,7.77,7.39,7.79,7.85,7.90,7.85,7.98,8.15,8.40,8.64,8.72,8.77,8.88,9.05,9.13,8.96,9.31,9.00,8.95,9.13,9.05,8.82,8.96,8.84,8.92,8.94,8.74,8.71,8.81,8.90,8.97,9.04,9.05,8.97,8.97,9.10,9.12,9.02,8.97,9.19,8.78,8.96,8.77,8.48,7.62,6.93,6.73,6.76,6.39,6.50,6.17,5.97,6.04,5.91,5.89,5.86,5.71,5.68,6.00,6.36,6.82,7.97,8.69,8.94,8.99,8.82,8.87,8.67,8.60,8.56,8.72,8.81,8.88,8.88,8.67,8.54,8.68,8.69,8.66,8.50,8.59,8.75,8.56,8.41,8.47,8.55,8.49,8.57,8.95,8.85,8.74,8.67,8.81,8.74,8.77,8.76,8.65,8.74,8.65,8.54,8.49,8.49,8.45,8.40,8.52,8.37,8.36,8.29,8.37,8.39,8.03,7.73,7.34,6.90,6.26,5.82,5.95,5.51
5.78,5.73,5.65,5.63,5.78,5.77,5.74,5.79,5.84,5.59,5.73,6.06,6.45,6.65,6.37,5.93,6.07,6.38,6.43,6.38,6.47,6.52,6.84,6.92,6.96,7.02,7.08,7.13,7.21,7.21,7.22,7.16,7.30,7.23,7.71,7.93,7.76,7.57,7.80,8.30,8.32,8.07,8.17,8.19,8.32,8.54,8.57,8.45,8.62,8.71,8.92,9.08,8.78,8.75,8.74,8.81,8.86,8.76,8.99,8.75,8.65,8.88,8.67,8.71,8.96,8.76,8.69,8.87,8.82,8.69,8.76,8.85,8.88,8.90,8.94,8.97,8.99,9.09,9.11,9.01,9.03,9.11,8.72,8.81,8.76,8.25,6.99,5.92,5.74,5.74,5.59,5.79,5.64,5.56,5.51,5.39,5.32,5.54,5.54,5.46,5.72,6.07,6.66,7.79,8.55,8.85,8.72,8.67,8.67,8.91,8.66,8.62,8.59,8.51,8.56,8.77,8.72,8.59,8.73,8.74,8.68,8.41,8.64,8.59,8.46,8.24,8.38,8.49,8.45,8.46,8.57,8.66,8.96,8.54,8.55,8.62,8.65,8.64,8.71,8.80,8.71,8.52,8.40,8.41,8.37,8.36,8.54,8.22,8.30,8.28,8.47,8.48,7.96,7.69,7.61,7.09,6.36,5.89,5.99,5.59
6.00,5.97,6.01,5.92,5.88,5.74,5.77,6.01,5.89,5.74,5.85,6.08,6.37,6.63,6.73,6.47,6.61,6.85,6.90,6.82,6.91,7.07,7.34,7.41,7.30,7.39,7.72,7.86,7.65,7.94,7.87,7.88,7.77,7.81,8.23,8.40,8.27,8.13,8.27,8.60,8.74,8.86,8.75,8.93,8.88,9.03,8.94,9.04,9.36,9.54,9.60,9.50,9.06,8.73,8.66,8.63,8.60,8.69,8.75,8.57,8.43,8.69,8.42,8.63,8.83,8.64,8.50,8.69,8.81,8.76,8.73,8.78,8.76,8.75,8.91,9.01,8.94,9.03,9.11,9.02,8.92,8.93,8.73,8.73,8.63,8.11,6.54,5.52,5.35,5.30,5.30,5.44,5.60,5.44,5.32,5.22,5.28,5.50,5.50,5.57,5.80,5.78,6.29,7.77,8.41,8.56,8.67,8.87,8.40,8.86,8.37,8.59,8.34,8.63,8.46,8.49,8.51,8.51,8.72,8.71,8.54,8.50,8.48,8.46,8.42,8.17,8.23,8.27,8.31,8.48,8.63,8.71,8.63,8.49,8.62,8.72,8.67,8.72,8.88,8.92,8.73,8.51,8.36,8.47,8.41,8.38,8.54,8.29,8.38,8.30,8.32,8.27,8.05,7.89,7.82,7.60,6.69,5.92,5.78,5.51
6.29,6.21,6.10,6.16,6.14,6.16,6.23,6.30,6.03,6.29,6.59,6.66,6.69,6.92,7.05,7.14,7.44,7.55,7.47,7.41,7.52,7.66,7.93,7.95,7.90,8.13,8.33,8.30,8.19,8.03,8.34,8.41,8.37,8.65,8.90,8.96,9.05,9.13,9.04,9.12,9.32,9.53,9.61,9.58,9.63,9.75,9.67,9.68,9.92,10.08,9.97,9.78,9.51,8.84,8.46,8.46,8.48,8.57,8.62,8.49,8.37,8.62,8.47,8.48,8.52,8.34,8.50,8.56,8.63,8.62,8.59,8.76,8.69,8.65,8.91,8.80,8.67,8.88,8.81,8.77,8.78,8.95,8.63,8.77,8.43,8.02,6.39,5.52,5.26,5.25,5.17,5.30,5.59,5.35,5.26,5.23,5.35,5.38,5.38,5.52,5.65,5.64,6.16,7.50,8.31,8.51,8.57,8.80,8.34,8.71,8.22,8.54,8.45,8.43,8.51,8.58,8.49,8.48,8.62,8.63,8.42,8.48,8.38,8.36,8.47,8.30,8.25,8.22,8.28,8.56,8.76,8.60,8.67,8.72,8.69,8.62,8.62,8.75,8.92,8.94,8.66,8.60,8.32,8.45,8.37,8.37,8.58,8.40,8.45,8.33,8.29,8.21,8.06,7.91,7.94,7.60,6.60,6.01,6.00,5.70
6.33,6.56,6.56,6.91,6.94,7.10,7.29,6.93,6.86,7.13,7.44,7.63,7.63,7.57,7.69,7.78,7.96,8.12,8.12,8.03,8.00,8.17,8.55,8.67,8.63,8.82,9.08,9.03,8.99,9.31,9.24,9.14,9.24,9.42,9.51,9.48,9.53,9.60,9.48,9.62,9.92,9.97,9.85,9.91,9.95,10.00,10.05,10.12,10.26,10.30,10.17,10.07,9.83,9.00,8.30,8.30,8.54,8.62,8.59,8.56,8.41,8.50,8.43,8.45,8.52,8.49,8.52,8.69,8.60,8.51,8.63,8.73,8.73,8.77,8.83,8.65,8.65,8.78,8.75,8.80,8.88,8.84,8.43,8.69,8.38,7.80,6.33,5.45,5.36,5.38,5.28,5.30,5.45,5.23,5.24,5.23,5.26,5.31,5.37,5.43,5.53,5.70,6.21,7.28,8.13,8.47,8.63,8.67,8.43,8.78,8.13,8.59,8.43,8.69,8.57,8.45,8.58,8.60,8.57,8.69,8.63,8.48,8.54,8.38,8.50,8.43,8.49,8.51,8.49,8.65,8.77,8.59,8.90,8.88,8.74,8.66,8.78,8.78,8.77,8.77,8.58,8.40,8.40,8.47,8.34,8.40,8.55,8.28,8.48,8.37,8.23,8.16,8.10,7.85,7.82,7.36,6.83,6.38,5.97,5.74
6.84,7.09,7.39,7.37,7.52,7.74,7.82,7.65,7.78,7.78,7.91,8.12,8.24,8.23,8.23,8.29,8.39,8.58,8.76,8.71,8.42,9.13,9.44,9.22,9.20,9.28,9.36,9.53,9.51,9.53,9.73,9.52,9.53,9.71,9.86,9.81,9.77,9.79,9.63,9.66,10.08,10.20,10.11,10.07,10.01,10.01,9.96,10.07,10.23,10.27,10.26,10.22,9.85,8.87,8.34,8.27,8.54,8.60,8.57,8.39,8.29,8.50,8.42,8.52,8.51,8.45,8.48,8.64,8.55,8.50,8.64,8.66,8.69,8.90,9.03,8.92,8.88,9.03,9.01,8.73,8.76,8.88,8.50,8.80,8.59,7.79,6.50,5.71,5.21,5.22,5.44,5.36,5.51,5.29,5.26,5.19,5.22,5.35,5.43,5.50,5.65,5.73,6.11,7.18,8.08,8.41,8.65,8.65,8.48,8.71,8.27,8.65,8.48,8.65,8.67,8.72,8.59,8.46,8.48,8.55,8.47,8.24,8.55,8.47,8.41,8.56,8.52,8.60,8.63,8.75,8.77,8.60,8.96,8.88,8.77,8.65,8.84,8.84,8.84,8.75,8.48,8.49,8.08,8.47,8.29,8.28,8.38,8.27,8.50,8.34,8.08,8.06,7.99,7.77,7.78,7.37,7.20,6.68,6.11,6.03
7.28,7.63,7.93,8.08,8.16,8.19,8.17,8.33,8.27,8.28,8.38,8.47,8.47,8.71,8.63,8.65,9.01,9.24,9.28,9.47,9.32,10.08,10.28,10.13,10.10,10.09,9.93,9.85,9.83,9.71,9.46,9.42,9.54,9.62,9.56,9.29,8.86,8.62,8.59,9.10,9.67,10.16,10.19,10.03,9.89,9.95,9.80,9.69,9.82,9.86,9.85,9.89,9.53,8.68,8.27,8.46,8.25,8.45,8.58,8.45,8.31,8.39,8.33,8.30,8.41,8.45,8.50,8.60,8.57,8.46,8.47,8.60,8.67,8.73,8.94,9.04,8.80,8.84,8.84,9.02,8.86,8.83,8.74,8.68,8.49,7.91,6.62,5.77,5.17,5.30,5.33,5.35,5.59,5.29,5.31,5.30,5.28,5.37,5.49,5.63,5.72,5.65,5.99,7.13,8.13,8.41,8.68,8.62,8.47,8.56,8.24,8.58,8.57,8.56,8.52,8.58,8.48,8.36,8.34,8.39,8.38,8.22,8.43,8.39,8.34,8.36,8.31,8.37,8.41,8.68,8.69,8.49,8.83,8.83,8.74,8.65,8.78,8.87,8.80,8.69,8.67,8.38,8.16,8.38,8.32,8.31,8.25,8.14,8.33,8.28,8.17,8.10,7.93,7.73,7.82,7.53,7.49,7.08,6.65,6.51
8.22,8.41,8.36,8.55,8.73,8.75,8.72,8.82,8.75,8.85,8.97,8.97,8.84,9.19,9.27,9.21,9.38,9.57,9.56,9.91,10.17,10.30,10.07,10.24,10.28,10.05,9.89,9.70,9.42,9.09,8.43,8.47,8.75,8.83,8.56,8.05,7.56,7.23,7.23,8.22,9.10,9.77,9.76,9.72,9.54,9.52,9.40,9.29,9.39,9.48,9.53,9.60,9.27,8.50,8.23,8.29,8.30,8.34,8.54,8.30,8.25,8.25,8.22,8.28,8.48,8.22,8.29,8.62,8.64,8.48,8.51,8.60,8.67,8.74,8.69,8.82,8.69,8.84,8.72,8.72,8.96,8.76,8.56,8.71,8.33,8.00,6.63,5.46,5.32,5.54,5.46,5.31,5.35,5.45,5.38,5.40,5.26,5.39,5.60,5.75,5.81,5.71,6.02,7.13,8.13,8.48,8.69,8.55,8.47,8.49,8.14,8.49,8.49,8.42,8.55,8.59,8.42,8.34,8.41,8.45,8.33,8.19,8.32,8.45,8.36,8.54,8.59,8.55,8.46,8.51,8.57,8.57,8.76,8.84,8.71,8.71,8.93,8.96,8.83,8.82,8.78,8.48,8.29,8.58,8.60,8.52,8.42,8.38,8.29,8.05,8.28,8.39,8.20,7.95,8.00,7.83,7.81,7.54,7.22,7.00
8.84,8.91,9.01,9.00,9.03,9.09,9.08,9.14,9.15,9.28,9.36,9.29,9.22,9.68,9.62,9.82,10.00,10.06,10.13,10.01,9.44,10.00,10.24,10.33,10.23,9.98,9.76,9.30,8.68,8.12,7.32,7.28,7.93,8.04,7.61,7.07,6.56,6.45,6.50,7.30,8.48,9.33,9.53,9.47,9.36,9.32,9.22,9.08,9.09,9.10,9.22,9.40,9.11,8.49,8.10,8.13,8.52,8.57,8.51,8.27,8.19,8.33,8.23,8.07,8.25,8.14,8.31,8.56,8.50,8.37,8.43,8.46,8.46,8.72,8.75,8.63,8.54,8.76,8.94,8.92,8.96,9.31,8.42,8.58,8.72,7.91,6.69,5.60,5.15,5.54,5.33,5.36,5.50,5.38,5.43,5.42,5.28,5.45,5.58,5.65,5.75,5.72,6.06,7.10,8.12,8.57,8.60,8.57,8.47,8.49,8.25,8.34,8.54,8.38,8.39,8.51,8.46,8.34,8.45,8.56,8.49,8.40,8.47,8.50,8.19,8.51,8.22,8.43,8.54,8.66,8.69,8.71,8.87,8.82,8.77,8.72,9.04,8.92,8.76,8.80,8.78,8.51,8.42,8.49,8.47,8.45,8.49,8.52,8.30,8.20,8.52,8.60,8.48,8.36,8.47,8.30,8.15,7.89,7.66,7.53
9.02,9.15,9.47,9.41,9.17,9.05,8.99,9.02,9.06,9.24,9.43,9.41,9.24,9.39,9.54,9.69,9.90,10.05,9.77,9.04,8.45,9.38,10.02,10.19,9.90,9.53,9.51,9.06,7.87,7.16,6.47,6.60,7.40,7.63,7.21,6.67,6.03,5.95,6.17,6.60,7.89,9.10,9.59,9.33,9.08,9.17,9.20,9.10,9.10,9.04,9.23,9.38,8.99,8.25,8.31,8.15,8.32,8.66,8.56,8.45,8.40,8.30,8.28,8.45,8.72,8.59,8.59,8.59,8.64,8.58,8.55,8.85,8.66,8.41,8.68,8.75,8.86,9.12,8.84,8.85,8.84,9.10,8.51,8.63,8.62,7.97,6.63,5.74,5.29,5.53,5.60,5.18,5.39,5.25,5.61,5.70,5.46,5.68,5.60,5.60,5.79,5.70,5.95,7.00,8.08,8.55,8.60,8.65,8.46,8.54,8.33,8.25,8.58,8.52,8.34,8.43,8.45,8.40,8.45,8.50,8.47,8.37,8.37,8.52,8.13,8.30,8.19,8.42,8.38,8.38,8.40,8.52,8.68,8.68,8.72,8.67,8.84,8.78,8.67,8.72,8.69,8.51,8.46,8.63,8.52,8.49,8.51,8.48,8.34,8.37,8.37,8.43,8.39,8.40,8.65,8.62,8.41,8.23,8.14,8.15
9.11,9.17,9.46,9.53,9.29,8.88,8.60,8.41,8.65,9.08,9.43,9.57,9.59,9.42,9.59,9.62,9.65,9.72,9.46,8.55,8.03,8.82,9.53,9.89,9.73,9.22,9.18,8.80,7.60,6.73,6.11,6.35,7.15,7.53,7.16,6.46,5.85,5.73,5.89,6.31,7.81,8.92,9.42,9.30,9.08,9.09,8.97,8.88,9.14,9.09,9.23,9.33,9.15,8.46,8.27,8.24,8.50,8.47,8.86,8.50,8.37,8.47,8.39,8.34,8.39,8.42,8.45,8.57,8.54,8.48,8.56,8.68,8.77,8.72,8.86,8.64,8.72,8.84,8.66,8.82,8.65,8.76,8.67,8.64,8.62,8.11,6.76,5.54,5.44,5.21,5.36,5.08,5.38,5.31,5.46,5.63,5.43,5.53,5.49,5.79,5.82,5.56,5.92,6.92,7.99,8.60,8.77,8.67,8.43,8.51,8.25,8.33,8.59,8.65,8.49,8.45,8.38,8.47,8.52,8.49,8.41,8.34,8.43,8.63,8.29,8.29,8.32,8.37,8.51,8.54,8.65,8.69,8.69,8.90,8.72,8.82,8.78,8.82,8.76,8.72,8.67,8.56,8.55,8.68,8.43,8.52,8.56,8.51,8.62,8.77,8.57,8.49,8.54,8.64,8.66,8.59,8.65,8.59,8.64,8.71
8.81,8.87,9.06,9.32,9.34,8.82,8.23,8.07,8.32,8.64,8.88,9.17,9.52,9.38,9.56,9.50,9.34,9.44,9.56,8.05,7.65,8.04,8.90,9.53,9.54,9.19,9.05,8.60,7.57,6.70,6.09,6.22,6.98,7.46,7.09,6.30,5.67,5.70,5.57,6.17,7.73,8.71,9.09,9.09,8.93,9.00,9.11,8.99,9.04,9.20,9.10,9.28,9.22,8.47,8.27,8.05,8.54,8.40,8.46,8.41,8.33,8.37,8.43,8.40,8.31,8.29,8.38,8.54,8.56,8.51,8.58,8.77,8.84,8.84,8.87,8.56,8.71,8.66,8.77,8.76,8.64,8.82,8.78,8.65,8.60,8.11,6.58,5.82,5.72,5.63,5.39,5.53,5.51,5.49,5.66,5.80,5.70,5.71,5.71,5.70,5.63,5.60,6.21,7.41,8.21,8.49,8.78,8.72,8.46,8.43,8.32,8.48,8.64,8.57,8.50,8.47,8.40,8.54,8.56,8.46,8.43,8.49,8.54,8.73,8.58,8.45,8.48,8.51,8.56,8.51,8.50,8.66,8.84,8.82,8.74,9.04,8.81,8.92,8.78,8.74,8.68,8.60,8.72,8.55,8.39,8.57,8.60,8.54,8.54,8.67,8.55,8.52,8.66,8.77,8.77,8.76,8.69,8.54,8.52,8.59
7.83,8.16,8.56,9.03,9.22,8.52,8.10,7.71,7.86,8.22,8.55,9.13,9.44,9.49,9.54,9.50,9.39,9.28,9.13,7.78,7.64,7.94,8.64,9.32,9.46,9.14,8.90,8.55,7.55,6.74,6.18,6.23,6.88,7.37,7.04,6.22,5.52,5.79,5.77,6.20,7.61,8.67,9.14,9.00,8.83,8.93,9.05,9.17,9.15,9.22,9.36,9.33,8.93,8.55,8.31,8.17,8.48,8.48,8.55,8.50,8.52,8.47,8.47,8.64,8.72,8.66,8.56,8.51,8.65,8.81,8.91,9.02,9.04,8.93,9.00,8.84,8.78,8.77,8.82,8.94,8.92,9.17,8.67,8.56,8.73,8.21,6.96,5.89,5.81,5.59,5.28,5.45,5.39,5.54,5.72,5.85,6.03,6.09,6.14,6.29,6.45,6.38,6.89,7.81,8.38,8.64,8.66,8.64,8.60,8.55,8.36,8.60,8.48,8.52,8.45,8.45,8.50,8.52,8.51,8.45,8.43,8.51,8.60,8.63,8.52,8.28,8.37,8.37,8.51,8.74,8.80,8.78,8.83,8.84,8.78,8.71,8.81,8.80,8.71,8.76,8.69,8.60,8.71,8.54,8.42,8.47,8.55,8.52,8.48,8.56,8.40,8.50,8.62,8.73,8.78,8.67,8.74,8.55,8.60,8.65
6.91,7.41,8.00,8.52,8.83,8.16,7.66,7.55,7.61,7.98,8.67,9.04,9.03,9.32,9.42,9.36,9.18,9.02,8.99,7.66,7.57,7.89,8.62,9.33,9.32,9.01,8.68,8.39,7.62,6.90,6.40,6.45,7.00,7.39,7.05,6.28,5.99,5.92,5.81,6.25,7.70,8.82,9.14,9.06,8.88,8.86,8.99,9.06,9.18,9.27,9.30,9.14,9.02,8.49,8.38,8.19,8.66,8.58,8.68,8.52,8.65,8.73,8.65,8.68,8.83,8.86,8.75,8.78,8.84,8.84,9.02,9.15,9.14,9.11,9.29,9.00,8.99,9.20,9.06,8.95,9.12,9.32,8.58,8.57,8.62,7.98,7.33,6.35,6.48,6.47,6.23,6.39,6.15,6.15,6.45,6.73,6.88,7.00,7.12,7.25,7.39,7.44,7.66,8.13,8.60,8.88,8.90,8.74,8.55,8.57,8.41,8.65,8.48,8.58,8.39,8.45,8.52,8.48,8.40,8.40,8.31,8.29,8.50,8.52,8.49,8.21,8.38,8.46,8.41,8.60,8.67,8.71,8.80,8.77,8.54,8.64,8.73,8.91,8.94,8.94,8.75,8.57,8.55,8.60,8.36,8.39,8.49,8.51,8.51,8.55,8.38,8.50,8.56,8.60,8.64,8.59,8.48,8.49,8.60,8.64
6.59,7.17,7.91,8.47,8.66,8.16,7.57,7.65,7.82,7.93,8.27,8.80,8.85,9.13,9.34,9.38,9.23,8.90,9.08,7.83,7.53,7.82,8.60,9.37,9.14,8.87,8.71,8.34,7.65,7.01,6.55,6.55,6.99,7.28,6.81,6.22,5.89,5.94,5.77,6.28,7.62,8.68,9.13,8.96,8.71,8.76,8.96,9.08,9.14,9.29,9.01,9.09,9.02,8.54,8.50,8.37,8.55,8.62,8.97,8.81,8.75,8.80,8.71,8.81,8.96,9.00,8.86,8.82,8.81,8.77,9.00,9.05,9.00,8.91,9.08,8.95,9.11,9.24,9.28,8.84,8.93,9.15,8.95,8.72,8.57,8.16,7.55,7.18,7.36,7.37,7.08,7.26,7.24,7.31,7.50,7.63,7.71,7.96,8.10,8.20,8.45,8.46,8.46,8.58,8.60,8.73,8.82,8.68,8.49,8.56,8.22,8.50,8.55,8.52,8.21,8.39,8.54,8.58,8.45,8.45,8.32,8.27,8.41,8.47,8.51,8.41,8.37,8.49,8.45,8.58,8.76,8.81,8.78,8.71,8.50,8.59,8.93,8.87,8.84,8.87,8.73,8.54,8.50,8.59,8.45,8.55,8.48,8.43,8.47,8.51,8.45,8.51,8.50,8.46,8.46,8.51,8.36,8.38,8.55,8.54
6.11,6.59,7.30,7.88,8.16,7.99,7.52,7.44,7.58,7.79,8.24,8.69,8.65,8.95,9.21,9.28,9.24,9.02,8.99,8.05,7.65,7.93,8.62,9.25,9.30,9.00,8.66,8.34,7.86,7.44,7.06,7.14,7.48,7.52,7.37,6.85,6.37,6.51,6.03,6.44,7.65,8.67,9.03,9.03,8.88,8.80,8.88,8.99,9.12,9.31,8.95,9.11,8.81,8.51,8.59,8.55,8.72,8.78,8.94,8.94,8.87,8.90,8.74,8.87,8.88,8.86,8.86,8.75,8.85,8.99,9.10,8.95,8.84,8.75,8.86,8.94,9.09,9.02,9.09,9.03,8.93,8.87,8.96,9.11,8.76,8.55,8.27,7.96,8.25,8.40,7.78,8.30,8.36,8.05,8.12,8.11,8.46,8.65,8.63,8.62,8.64,8.68,8.78,8.75,8.76,8.84,8.75,8.66,8.52,8.54,8.46,8.64,8.56,8.65,8.37,8.51,8.65,8.73,8.73,8.66,8.55,8.46,8.41,8.46,8.57,8.50,8.49,8.50,8.43,8.68,8.64,8.65,8.82,8.77,8.49,8.75,8.69,8.73,8.93,8.92,8.72,8.55,8.51,8.47,8.54,8.54,8.42,8.38,8.47,8.55,8.40,8.48,8.37,8.31,8.40,8.52,8.38,8.30,8.34,8.31
6.17,6.67,7.37,7.99,8.58,8.07,7.55,7.44,7.62,7.90,8.30,8.66,8.71,9.03,9.22,9.12,9.01,9.02,8.82,8.11,7.62,7.77,8.47,9.18,9.17,8.99,8.91,8.49,8.06,7.88,7.57,7.42,7.60,7.63,7.47,7.28,6.99,6.78,6.50,6.83,7.64,8.54,8.91,8.91,8.95,9.00,8.87,8.80,9.03,9.02,8.99,8.86,8.85,8.51,8.56,8.77,8.72,8.68,8.86,8.81,8.90,8.88,8.68,8.80,8.78,8.69,8.73,8.75,8.90,9.03,9.08,8.80,8.81,8.85,8.82,8.82,9.05,9.01,8.86,9.05,9.04,8.84,8.77,9.13,8.81,8.84,8.63,8.23,8.33,8.40,7.94,8.28,8.00,7.53,7.15,7.09,7.09,6.65,6.55,6.90,7.58,8.28,8.67,8.76,8.65,8.56,8.63,8.64,8.49,8.52,8.12,8.59,8.39,8.47,8.39,8.68,8.60,8.62,8.66,8.63,8.57,8.47,8.40,8.50,8.56,8.46,8.52,8.48,8.43,8.73,8.60,8.66,8.82,8.74,8.55,8.78,8.62,8.80,8.60,8.73,8.68,8.60,8.55,8.40,8.46,8.37,8.45,8.52,8.57,8.52,8.32,8.38,8.28,8.22,8.24,8.31,8.36,8.28,8.31,8.31
6.16,6.61,7.36,7.98,8.36,8.12,7.48,7.34,7.62,7.90,8.33,8.58,8.84,9.22,9.36,9.19,9.02,8.87,8.71,8.17,7.69,7.82,8.57,9.27,9.29,8.90,8.71,8.54,8.19,8.04,7.86,7.82,8.02,7.87,7.87,7.42,7.17,7.22,7.01,7.15,8.07,8.74,8.87,8.85,8.94,9.08,8.99,8.90,9.22,9.19,9.22,8.95,8.80,8.66,8.59,8.66,8.71,8.73,8.92,8.74,8.72,8.71,8.69,8.88,8.91,8.81,8.81,8.80,8.84,8.90,8.85,8.66,8.92,9.09,8.92,8.75,9.02,9.04,8.80,8.81,9.02,8.96,8.51,7.85,7.23,7.01,6.97,6.40,6.18,5.79,5.38,5.33,5.07,4.82,4.63,4.74,4.55,4.15,4.50,5.40,6.18,7.05,7.94,8.36,8.56,8.72,8.66,8.76,8.65,8.59,8.60,8.41,8.51,8.63,8.39,8.60,8.56,8.86,8.88,8.71,8.66,8.59,8.51,8.54,8.47,8.46,8.48,8.57,8.64,8.86,8.71,8.67,8.78,8.82,8.78,8.87,8.78,8.86,8.76,8.68,8.59,8.56,8.52,8.48,8.29,8.59,8.40,8.38,8.40,8.36,8.31,8.21,8.30,8.21,8.10,8.11,8.25,8.32,8.25,8.38
6.16,6.62,7.39,8.05,8.12,8.10,7.54,7.30,7.48,7.71,8.31,8.59,8.83,9.18,9.34,9.20,9.15,8.96,8.57,8.21,7.90,7.97,8.57,9.30,9.30,8.78,8.75,8.33,8.22,8.17,7.94,7.82,8.07,8.17,7.77,7.48,7.28,7.41,6.84,7.21,8.15,8.71,8.88,8.95,8.96,8.99,9.01,9.02,9.15,9.09,9.25,8.86,8.77,8.72,8.64,8.56,8.65,8.90,9.05,8.77,8.73,8.85,8.81,8.81,8.84,8.94,8.92,8.84,8.92,8.84,8.71,8.68,9.11,9.23,9.13,8.88,8.93,9.05,8.74,8.73,8.94,8.74,8.13,5.74,4.81,5.18,5.17,4.72,4.70,4.62,4.39,4.62,4.63,4.12,4.35,4.62,4.83,5.12,5.45,5.92,6.07,6.32,6.98,7.68,8.12,8.38,8.59,8.59,8.47,8.55,8.62,8.49,8.76,8.57,8.45,8.60,8.59,8.73,8.63,8.56,8.48,8.46,8.55,8.60,8.64,8.59,8.57,8.68,8.74,8.87,8.64,8.68,8.82,8.81,8.80,8.92,8.78,9.01,8.85,8.71,8.64,8.54,8.52,8.66,8.51,8.57,8.36,8.42,8.63,8.64,8.33,8.34,8.33,8.30,8.27,8.23,8.29,8.41,8.27,8.42
6.11,6.48,7.24,7.97,8.06,8.10,7.60,7.39,7.55,7.64,8.31,8.83,8.92,9.17,9.38,9.23,9.03,9.22,8.71,8.38,8.21,8.34,8.84,9.15,9.14,8.68,8.67,8.33,8.30,8.07,7.88,8.05,8.20,8.19,8.11,7.93,7.79,7.49,6.96,7.29,8.12,8.66,8.91,8.85,8.66,8.84,8.81,8.77,9.09,8.94,9.28,8.99,8.97,8.78,8.81,8.64,8.60,8.94,9.02,8.78,8.82,8.92,8.78,8.66,8.73,8.82,8.81,8.84,8.95,8.84,8.75,8.74,9.11,9.20,9.14,8.88,8.88,9.05,8.81,8.88,8.78,8.24,7.40,5.78,5.17,5.74,5.45,5.36,5.52,5.61,5.56,5.89,5.86,5.79,5.96,6.21,6.51,6.78,6.94,7.01,6.66,6.45,6.48,7.02,7.73,8.22,8.49,8.47,8.47,8.52,8.47,8.60,8.76,8.81,8.56,8.52,8.59,8.68,8.67,8.72,8.45,8.47,8.59,8.54,8.68,8.69,8.65,8.57,8.62,8.77,8.60,8.73,8.85,8.84,8.81,8.87,8.86,9.15,8.87,8.91,8.88,8.69,8.62,8.69,8.64,8.50,8.55,8.52,8.46,8.42,8.49,8.63,8.41,8.38,8.31,8.30,8.47,8.48,8.45,8.46
6.10,6.39,7.17,7.87,7.99,8.13,7.66,7.48,7.83,7.79,8.47,9.12,9.17,9.30,9.51,9.30,9.13,9.18,8.84,8.59,8.50,8.59,8.93,9.33,9.17,9.06,8.74,8.49,8.62,8.67,8.49,8.43,8.38,8.13,8.34,8.15,8.13,7.61,7.33,7.63,8.22,8.72,8.93,8.80,8.66,9.01,9.02,8.95,8.99,9.06,9.30,9.12,8.84,8.75,9.00,8.72,8.71,9.02,9.01,8.81,8.75,8.77,8.71,8.73,8.73,8.69,8.80,8.86,8.99,8.93,8.87,8.85,8.93,9.02,9.04,8.88,8.97,8.97,8.83,8.76,8.40,7.62,7.06,7.23,6.94,6.75,6.48,6.62,6.81,6.65,6.48,6.74,6.79,6.91,6.89,7.07,7.24,7.40,7.42,7.40,7.26,7.06,6.90,7.01,7.29,7.73,8.27,8.45,8.47,8.54,8.55,8.66,8.75,8.62,8.76,8.56,8.63,8.43,8.49,8.48,8.52,8.63,8.60,8.64,8.80,8.69,8.76,8.68,8.72,8.94,8.72,8.71,8.84,8.88,8.88,9.00,9.17,9.24,8.83,8.95,9.00,8.86,8.78,8.86,8.81,8.78,8.63,8.57,8.52,8.45,8.45,8.57,8.40,8.48,8.49,8.43,8.40,8.52,8.50,8.50
6.21,6.47,7.31,7.98,8.00,8.08,7.76,7.56,7.79,7.76,8.42,8.94,9.11,9.25,9.42,9.36,9.08,8.96,8.78,8.77,8.80,8.81,9.03,9.41,9.19,9.09,8.94,8.77,8.69,8.78,8.84,8.69,8.49,8.31,8.34,8.21,8.17,7.86,7.62,7.93,8.41,8.83,9.00,8.84,8.71,9.04,9.24,9.21,8.90,9.10,9.19,9.12,8.88,8.71,8.92,8.66,8.72,9.05,9.13,8.91,8.76,8.77,8.72,8.72,8.72,8.72,8.91,8.91,9.09,9.02,8.93,8.92,8.86,8.77,8.93,9.03,8.87,8.77,8.56,8.22,7.87,7.29,7.31,7.57,7.37,7.08,6.99,7.15,7.16,7.05,6.88,7.09,7.33,7.20,7.17,7.24,7.23,7.39,7.37,7.37,7.48,7.42,7.25,7.17,7.31,7.68,7.88,8.06,8.46,8.54,8.50,8.77,8.87,8.80,8.51,8.71,8.82,8.64,8.73,8.85,8.51,8.56,8.73,8.63,8.57,8.54,8.71,8.74,8.68,9.03,8.83,8.84,8.88,8.82,8.83,9.06,9.23,9.24,8.80,8.95,8.97,8.94,8.92,8.86,8.71,8.68,8.75,8.54,8.51,8.52,8.34,8.34,8.71,8.69,8.54,8.45,8.52,8.72,8.40,8.47
6.30,6.51,7.37,8.08,8.04,7.99,7.69,7.47,7.69,7.65,8.23,8.75,8.87,8.97,9.18,9.23,9.10,9.06,8.87,8.78,8.82,8.84,8.91,9.13,9.22,9.08,8.91,8.73,8.67,8.81,8.95,8.93,8.75,8.49,8.30,8.23,8.15,8.11,7.87,8.13,8.59,8.86,8.94,8.85,8.68,8.82,9.17,9.06,8.87,8.99,9.17,9.19,9.20,8.83,8.72,8.72,8.74,8.95,9.04,8.92,8.86,8.88,8.83,8.81,8.75,8.75,8.94,8.87,8.91,8.90,8.83,8.78,8.75,8.66,8.78,8.81,8.38,8.30,8.07,7.88,7.49,7.48,7.36,7.49,7.34,7.24,7.20,7.31,7.01,7.10,7.05,7.17,7.32,7.31,7.39,7.30,7.28,7.33,7.34,7.41,7.50,7.47,7.41,7.47,7.54,7.70,7.80,7.88,8.23,8.36,8.43,8.52,8.49,8.65,8.30,8.72,8.88,8.62,8.63,8.55,8.55,8.71,8.67,8.67,8.71,8.40,8.54,8.64,8.67,9.02,8.93,8.95,9.00,8.81,8.69,8.92,9.10,9.20,8.84,9.01,8.94,8.92,8.90,8.83,8.64,8.48,8.56,8.58,8.57,8.52,8.48,8.33,8.32,8.38,8.36,8.39,8.55,8.74,8.83,8.80
6.38,6.50,7.40,8.12,8.00,8.04,7.93,7.71,7.68,7.86,8.22,8.77,8.92,8.95,9.11,8.88,8.92,8.97,8.94,8.91,8.94,8.95,8.87,9.21,9.12,8.88,8.81,8.63,8.63,8.80,8.85,8.71,8.69,8.42,8.37,8.40,8.17,8.20,8.23,8.49,8.75,8.86,8.91,8.84,8.72,8.80,9.05,9.02,8.87,8.86,9.13,9.09,9.10,8.87,8.59,8.84,8.86,8.86,8.84,8.83,8.87,8.99,8.92,8.81,8.78,8.83,9.03,8.97,8.84,8.65,8.66,8.59,8.49,8.49,8.56,8.31,7.91,7.90,7.60,7.61,7.39,7.44,7.49,7.31,7.15,7.20,7.15,7.25,7.02,7.16,7.01,6.94,7.17,7.25,7.39,7.22,7.22,7.10,7.22,7.36,7.33,7.34,7.39,7.49,7.48,7.54,7.64,7.66,7.80,7.90,8.02,8.38,8.48,8.66,8.71,8.88,8.75,8.43,8.43,8.51,8.59,8.71,8.65,8.56,8.56,8.48,8.64,8.58,8.83,8.86,8.81,8.85,8.90,8.77,8.69,8.86,9.06,9.15,8.99,8.99,8.92,8.74,8.68,8.72,8.69,8.58,8.38,8.48,8.46,8.41,8.45,8.40,8.32,8.37,8.39,8.40,8.49,8.59,8.42,8.51
6.47,6.74,7.61,8.31,8.40,8.36,8.13,7.88,8.03,7.81,8.20,8.72,8.92,8.97,9.18,9.11,9.06,8.94,8.96,8.96,8.87,8.84,8.81,9.14,9.19,8.99,8.83,8.77,8.83,8.99,9.01,8.77,8.81,8.63,8.46,8.71,8.51,8.51,8.57,8.72,8.80,8.92,9.09,8.94,8.82,8.84,8.94,9.04,9.02,8.83,8.99,8.95,8.97,8.86,8.67,8.72,8.68,8.81,8.88,8.87,8.95,9.02,8.81,8.71,8.83,8.78,8.76,8.76,8.65,8.58,8.46,8.33,8.28,8.08,8.07,7.87,7.69,7.55,7.21,7.32,7.34,7.29,7.34,7.15,6.89,7.33,7.02,7.17,7.10,7.12,7.00,6.81,7.02,7.04,7.23,7.14,7.16,6.98,7.14,7.18,7.14,7.22,7.29,7.30,7.39,7.53,7.52,7.55,7.65,7.64,7.76,7.96,8.25,8.32,8.52,8.76,8.76,8.66,8.77,8.75,8.49,8.60,8.71,8.72,8.71,8.52,8.85,8.67,8.93,8.91,8.92,9.06,9.11,9.02,8.91,8.93,9.05,9.08,9.14,8.99,8.84,8.59,8.51,8.57,8.57,8.48,8.31,8.30,8.29,8.29,8.28,8.19,8.23,8.28,8.22,8.28,8.41,8.47,8.51,8.46
6.65,6.94,7.82,8.28,8.39,8.54,8.48,8.27,8.42,8.41,8.59,8.71,8.73,8.82,9.10,9.10,9.04,9.11,8.93,8.77,8.82,8.82,8.82,9.11,9.18,9.08,8.93,8.91,8.95,9.04,9.11,9.01,8.92,8.78,8.52,8.83,8.78,8.83,8.76,8.75,8.81,8.95,9.10,8.97,8.96,8.78,8.90,8.94,9.06,8.90,8.97,8.90,8.88,8.71,8.73,8.60,8.77,8.93,8.97,8.94,8.97,9.05,8.94,8.85,8.88,8.85,8.68,8.63,8.49,8.46,8.43,8.15,8.12,7.90,7.57,7.54,7.52,7.47,7.24,7.40,7.50,7.18,7.25,7.29,7.14,7.30,7.02,7.48,7.20,7.09,7.07,7.08,7.02,6.88,7.10,7.13,7.25,7.15,7.28,7.28,7.22,7.25,7.23,7.17,7.30,7.53,7.49,7.33,7.37,7.48,7.55,7.71,7.81,7.88,8.14,8.12,8.50,8.60,8.51,8.60,8.67,8.75,8.72,8.55,8.47,8.58,8.71,8.73,8.65,8.52,8.97,9.02,8.91,8.75,8.78,8.88,8.84,9.05,9.15,9.06,8.84,8.66,8.59,8.54,8.47,8.33,8.28,8.29,8.30,8.30,8.29,8.31,8.27,8.28,8.24,8.30,8.38,8.38,8.51,8.41
7.24,7.44,7.88,8.29,8.63,8.65,8.69,8.93,8.82,8.64,8.69,8.80,8.85,8.85,8.96,9.06,9.11,8.99,8.86,8.85,8.97,9.06,8.94,9.10,8.99,8.88,8.88,8.94,9.00,8.99,8.96,9.08,8.84,8.77,8.65,8.85,8.74,8.74,8.73,8.81,8.94,9.01,8.97,8.86,9.00,8.83,9.02,8.97,9.02,8.74,8.92,8.94,8.92,8.55,8.52,8.56,8.82,9.04,9.03,8.96,8.92,8.83,8.78,8.82,8.77,8.67,8.50,8.45,8.33,8.07,7.99,7.78,7.68,7.61,7.32,7.22,7.48,7.42,7.20,7.09,7.39,7.08,7.30,7.36,7.28,7.23,7.10,7.34,7.07,7.25,7.01,7.28,7.22,7.04,7.09,7.09,7.22,7.18,7.37,7.37,7.29,7.25,7.14,7.09,7.18,7.31,7.32,7.22,7.20,7.34,7.32,7.46,7.65,7.48,7.83,7.71,8.20,8.41,8.43,8.56,8.49,8.56,8.62,8.57,8.58,8.67,8.72,8.59,8.58,8.92,8.91,9.05,8.97,8.99,8.95,8.87,9.04,9.27,9.30,9.17,8.93,8.77,8.67,8.60,8.58,8.43,8.29,8.39,8.45,8.42,8.39,8.38,8.39,8.48,8.36,8.30,8.33,8.40,8.47,8.55
8.02,8.21,8.55,8.54,8.66,8.74,8.82,8.96,8.84,8.87,8.68,8.74,8.87,8.96,9.12,9.01,9.04,8.86,8.91,9.02,9.01,9.17,8.94,9.03,8.85,8.73,8.86,8.85,8.91,9.01,8.81,8.94,8.77,8.73,8.68,8.88,8.78,8.69,8.68,8.84,9.00,9.12,9.21,8.94,9.14,8.92,9.23,9.01,9.01,8.93,9.02,8.97,9.18,8.93,8.87,8.84,9.11,9.04,8.97,8.97,8.85,8.71,8.63,8.67,8.64,8.60,8.41,8.31,8.08,7.79,7.60,7.46,7.36,7.54,7.40,7.26,7.47,7.29,7.21,7.15,7.37,7.16,7.36,7.46,7.31,7.20,7.12,7.09,7.01,7.32,7.00,7.23,7.09,6.97,7.04,7.20,7.14,7.12,7.28,7.24,7.24,7.28,7.20,7.18,7.21,7.24,7.26,7.20,7.20,7.30,7.36,7.45,7.64,7.40,7.45,7.74,7.81,7.97,8.11,7.97,8.12,8.33,8.33,8.37,8.47,8.51,8.69,8.71,8.57,8.87,8.85,9.09,9.09,9.10,9.02,8.94,9.04,9.08,9.12,9.30,8.97,8.82,8.76,8.67,8.51,8.39,8.38,8.45,8.47,8.41,8.33,8.32,8.40,8.38,8.32,8.22,8.29,8.58,8.57,8.45
8.48,8.47,8.57,8.51,8.50,8.68,8.80,8.69,8.81,8.80,8.68,8.76,8.86,8.87,9.08,8.86,8.91,8.73,8.80,8.88,8.77,8.88,8.80,8.80,8.78,8.72,8.94,8.81,8.65,8.95,8.80,8.73,8.64,8.55,8.62,8.81,8.77,8.73,8.75,8.85,8.93,9.06,9.29,9.00,9.06,8.93,9.08,9.02,9.03,8.97,9.21,9.09,9.15,8.92,8.83,8.91,9.08,9.10,8.95,8.81,8.84,8.80,8.58,8.50,8.42,8.21,8.02,7.85,7.52,7.20,7.22,7.15,7.38,7.42,7.25,7.31,7.39,7.31,7.44,7.30,7.37,7.09,7.24,7.24,7.17,7.25,7.15,7.21,6.76,7.14,6.98,7.12,7.14,6.78,7.09,7.28,7.14,7.06,7.16,7.15,7.20,7.33,7.30,7.21,7.18,7.32,7.32,7.22,7.25,7.23,7.34,7.42,7.45,7.25,7.29,7.55,7.48,7.70,7.64,7.66,7.80,7.83,7.90,8.03,8.11,8.24,8.55,8.82,8.84,8.94,8.80,8.99,9.05,8.90,8.75,8.94,9.20,9.00,9.04,8.97,8.93,8.87,8.82,8.68,8.54,8.55,8.48,8.51,8.43,8.37,8.33,8.33,8.36,8.23,8.27,8.21,8.33,8.74,8.62,8.45
8.64,8.65,8.67,8.57,8.43,8.47,8.54,8.51,8.68,8.81,8.69,8.74,8.84,8.83,8.93,8.73,8.81,8.68,8.69,8.75,8.62,8.67,8.71,8.68,8.88,8.83,8.93,8.74,8.54,8.87,8.85,8.71,8.55,8.46,8.77,8.78,8.74,8.69,8.75,8.94,9.01,9.00,9.09,8.85,9.02,8.82,9.04,9.11,9.04,9.03,9.37,9.21,9.17,8.82,8.74,8.86,8.92,9.04,9.05,8.87,8.78,8.60,8.27,8.07,7.96,7.81,7.57,7.26,7.14,7.09,6.99,7.07,7.30,7.20,7.37,7.21,7.01,7.28,7.39,7.09,7.22,6.89,7.31,7.24,7.28,7.24,7.06,7.29,7.01,7.36,6.97,7.12,7.41,6.92,7.10,7.13,7.10,7.15,7.22,7.21,7.10,7.22,7.21,7.21,7.26,7.34,7.39,7.31,7.25,7.24,7.36,7.44,7.34,7.29,7.32,7.40,7.33,7.70,7.64,7.66,7.77,7.87,7.94,7.83,7.81,8.15,8.50,8.81,8.83,9.17,9.10,9.10,9.22,9.20,9.03,9.04,9.22,9.04,9.22,9.09,9.01,8.94,8.85,8.81,8.78,8.74,8.82,8.62,8.54,8.59,8.56,8.36,8.34,8.45,8.39,8.29,8.46,8.75,8.55,8.42
8.55,8.57,8.51,8.47,8.29,8.32,8.46,8.38,8.52,8.71,8.59,8.62,8.76,8.82,9.05,8.72,8.77,8.74,8.69,8.71,8.75,8.76,8.75,8.86,9.09,8.93,8.80,8.59,8.51,8.85,8.87,8.74,8.72,8.57,8.75,8.72,8.78,8.75,8.75,8.80,8.77,8.96,9.19,8.87,8.90,8.80,9.32,9.31,9.20,9.22,9.42,9.32,9.24,8.96,8.76,8.78,8.85,8.87,8.85,8.90,8.82,8.48,7.98,7.60,7.47,7.29,7.18,7.10,7.12,7.17,7.10,7.04,7.30,7.24,7.31,7.26,7.23,7.34,7.50,7.10,7.42,7.12,7.41,7.37,7.26,7.17,7.06,7.31,7.18,7.44,6.92,7.08,7.24,7.06,7.14,7.14,7.09,7.29,7.44,7.44,7.28,7.20,7.12,7.30,7.41,7.46,7.49,7.39,7.26,7.31,7.44,7.46,7.44,7.44,7.39,7.45,7.40,7.49,7.50,7.70,7.77,7.87,7.94,7.97,8.05,8.13,8.28,8.64,8.93,9.17,8.93,9.06,9.14,9.04,9.05,9.23,9.29,9.17,9.08,8.81,8.93,8.90,8.71,8.64,8.69,8.67,8.92,8.93,8.67,8.59,8.58,8.49,8.40,8.62,8.48,8.40,8.52,8.69,8.56,8.50
8.51,8.42,8.36,8.21,8.24,8.34,8.42,8.34,8.42,8.51,8.52,8.62,8.76,8.87,9.08,8.78,8.77,8.76,8.69,8.66,8.78,8.82,8.80,8.87,8.96,8.84,8.81,8.69,8.55,8.71,8.69,8.62,8.68,8.64,8.49,8.63,8.78,8.80,8.86,8.95,8.93,8.97,9.17,8.97,8.77,9.15,9.18,9.23,9.23,9.19,9.25,9.15,9.02,9.00,8.66,8.45,8.56,8.71,8.74,8.71,8.55,8.19,7.64,7.24,7.08,7.00,7.00,6.89,7.15,7.18,7.22,7.06,7.31,7.26,7.22,7.22,7.20,7.46,7.41,7.30,7.36,7.26,7.37,7.34,7.02,7.25,7.29,7.56,7.20,7.39,7.09,7.20,7.24,7.09,7.17,7.17,7.45,7.42,7.48,7.53,7.53,7.45,7.26,7.23,7.41,7.61,7.62,7.56,7.56,7.60,7.66,7.62,7.70,7.69,7.69,7.74,7.89,7.74,7.86,7.90,8.00,8.25,8.28,8.28,8.36,8.37,8.43,8.51,8.90,9.09,9.02,9.17,9.28,9.14,9.06,9.19,9.30,9.17,9.13,9.04,9.06,8.97,8.97,8.90,8.73,8.60,8.64,8.74,8.58,8.48,8.59,8.74,8.54,8.54,8.40,8.45,8.58,8.62,8.60,8.65
8.48,8.20,8.36,8.23,8.25,8.36,8.39,8.40,8.32,8.33,8.45,8.62,8.81,8.96,9.00,8.88,8.73,8.65,8.71,8.75,8.60,8.66,8.66,8.78,8.82,8.83,8.83,8.75,8.71,8.80,8.74,8.80,8.67,8.75,8.64,8.90,9.04,8.84,8.78,8.92,8.92,8.97,9.02,9.04,8.88,9.10,9.27,9.39,9.22,9.21,9.36,9.33,9.18,8.81,8.45,8.23,8.28,8.39,8.20,7.83,7.63,7.53,7.34,7.15,6.96,7.04,7.04,6.97,7.16,7.08,7.15,7.31,7.42,7.41,7.33,7.46,7.38,7.44,7.44,7.23,7.30,7.16,7.26,7.57,7.34,7.46,7.42,7.32,7.29,7.47,7.47,7.53,7.46,7.50,7.50,7.57,7.77,7.87,7.98,7.94,7.76,7.88,7.90,7.91,7.94,8.02,8.08,8.08,8.15,8.22,8.19,8.17,8.19,8.27,8.29,8.29,8.47,8.45,8.50,8.49,8.56,8.72,8.64,8.63,8.68,8.59,8.66,8.73,8.99,9.19,9.19,9.15,9.24,9.12,9.15,9.27,9.13,9.02,9.14,9.23,9.04,8.92,8.97,9.13,9.14,8.84,8.86,8.92,8.85,8.81,8.82,8.83,8.77,8.65,8.49,8.55,8.72,8.74,8.57,8.59
8.30,7.97,8.15,8.32,8.22,8.24,8.46,8.34,8.23,8.25,8.32,8.48,8.68,8.87,9.21,9.03,8.73,8.58,8.57,8.56,8.62,8.62,8.78,8.86,8.88,8.86,8.86,8.82,8.78,8.84,8.73,8.91,8.49,8.69,8.65,8.90,8.91,8.93,8.93,8.80,8.81,8.99,9.27,9.33,9.01,9.23,9.17,9.39,9.24,9.40,9.50,9.40,9.24,8.63,8.04,7.85,7.74,7.68,7.68,7.60,7.52,7.48,7.40,7.37,7.24,7.15,7.31,7.31,7.02,7.20,7.44,7.50,7.47,7.36,7.48,7.46,7.60,7.66,7.68,7.63,7.60,7.54,7.54,7.76,7.79,7.78,7.96,7.77,7.74,7.74,7.68,7.80,8.07,8.03,8.06,8.23,8.25,8.37,8.63,8.52,8.41,8.50,8.63,8.57,8.56,8.67,8.81,8.83,8.76,8.78,8.83,8.81,8.65,8.92,8.88,8.77,8.85,8.93,8.92,9.01,8.90,8.84,8.94,8.95,8.91,8.99,9.03,8.94,9.32,9.39,9.27,9.18,9.14,9.13,9.14,9.14,9.13,9.10,9.09,9.42,9.25,9.01,9.06,9.11,9.04,9.00,8.92,9.05,8.99,8.96,8.95,8.93,8.88,8.90,8.66,8.77,8.96,8.99,8.88,8.86
8.17,7.95,8.02,8.27,8.19,8.22,8.50,8.20,8.32,8.40,8.41,8.47,8.63,8.90,9.14,8.97,8.82,8.77,8.81,8.86,8.81,8.62,8.87,9.00,8.91,8.91,8.87,8.69,8.64,8.92,8.76,9.04,8.62,8.78,8.74,8.68,8.81,8.87,8.87,8.93,9.11,9.28,9.18,9.29,8.83,9.38,8.92,9.12,9.25,9.34,9.56,9.31,8.75,8.11,7.68,7.64,7.72,7.79,7.81,7.74,7.65,7.55,7.47,7.31,7.20,7.50,7.70,7.73,7.65,7.39,7.42,7.70,8.11,7.85,7.87,7.96,8.07,8.15,8.34,8.19,8.40,8.27,8.23,8.55,8.37,8.25,8.50,8.51,8.55,8.64,8.33,8.42,8.65,8.63,8.47,8.46,8.80,8.99,9.11,9.19,8.95,8.93,8.94,8.78,8.86,9.05,9.24,9.30,9.17,9.19,9.29,9.30,9.13,9.28,9.17,9.12,9.18,9.11,9.18,9.27,9.05,8.96,9.13,9.15,9.08,9.19,9.29,9.10,9.29,9.25,9.23,9.22,9.33,9.19,9.11,9.17,9.14,9.04,9.27,9.13,9.20,9.27,9.30,9.37,9.36,9.21,9.28,9.21,9.13,9.05,9.15,9.29,9.11,9.05,8.91,8.93,9.11,9.19,8.85,9.12
8.30,8.10,8.49,8.48,8.25,8.23,8.56,8.40,8.54,8.52,8.43,8.51,8.75,8.99,9.51,9.06,8.77,8.74,8.85,8.93,8.92,9.05,8.87,9.00,9.11,9.08,9.04,8.96,8.84,8.94,8.90,8.87,8.65,8.67,8.75,8.82,8.87,8.93,8.91,8.95,9.13,9.24,9.18,9.27,9.22,9.13,9.24,9.12,9.25,9.03,9.30,9.11,8.73,8.36,8.05,7.86,7.87,7.89,7.85,7.89,8.00,8.14,7.99,7.80,8.02,8.29,8.41,8.43,8.36,8.45,8.59,8.33,8.74,8.74,8.51,8.87,8.92,9.08,8.90,8.99,8.84,8.71,8.83,9.02,8.71,8.84,9.10,8.92,9.05,9.11,9.08,8.93,8.84,8.99,8.97,8.82,9.21,9.41,9.32,9.33,9.38,9.25,9.28,9.28,9.32,9.48,9.58,9.52,9.41,9.47,9.56,9.60,9.47,9.52,9.42,9.46,9.46,9.31,9.39,9.48,9.50,9.50,9.52,9.54,9.51,9.47,9.42,9.31,9.34,9.31,9.24,9.34,9.29,9.15,9.09,9.12,9.20,9.20,9.23,9.13,9.21,9.27,9.27,9.32,9.38,9.34,9.20,9.37,9.20,9.13,9.12,9.06,9.05,8.94,8.86,8.93,9.02,9.01,8.83,8.84
8.60,8.32,8.42,8.39,8.31,8.34,8.49,8.40,8.56,8.43,8.49,8.77,9.02,8.94,9.40,9.10,8.91,8.78,8.77,8.90,9.00,9.09,9.06,9.09,9.17,9.11,9.04,9.00,8.97,9.13,9.21,8.96,8.87,8.73,8.77,8.84,8.99,9.08,9.00,8.91,9.08,9.32,9.30,9.18,9.39,9.03,9.13,9.53,9.56,9.27,8.92,9.06,9.02,8.57,8.37,8.50,8.59,8.59,8.47,8.45,8.62,8.65,8.62,8.63,8.67,8.80,8.66,8.90,8.75,8.76,8.78,9.04,9.20,9.14,9.06,8.85,9.11,9.10,9.13,9.10,9.29,9.19,9.20,9.39,9.25,9.17,9.34,8.86,9.04,9.28,9.13,9.22,9.11,9.27,9.13,9.27,9.43,9.68,9.82,9.82,9.54,9.53,9.67,9.67,9.77,9.82,9.88,9.91,9.83,9.95,9.95,9.82,9.70,9.78,9.86,9.93,9.80,9.79,9.83,9.85,9.96,10.01,10.07,10.05,9.96,9.83,9.70,9.56,9.53,9.51,9.29,9.39,9.24,9.27,9.25,9.25,9.29,9.19,9.13,9.41,9.29,9.40,9.40,9.48,9.50,9.31,9.23,9.36,9.32,9.31,9.39,9.44,9.17,9.21,9.23,9.10,8.97,8.93,9.00,9.20
8.59,8.49,8.63,8.73,8.62,8.46,8.45,8.31,8.73,8.55,8.59,8.84,8.93,8.91,9.37,8.92,8.78,8.84,8.96,9.10,9.17,9.11,9.21,9.08,9.06,9.02,9.14,9.20,8.85,9.08,8.99,9.01,8.82,8.84,8.77,8.92,8.93,9.02,9.13,9.03,9.13,9.24,9.20,9.13,9.30,9.02,9.14,9.24,9.56,9.56,9.66,9.44,9.24,9.14,9.15,9.11,9.08,9.04,9.03,9.23,9.22,9.05,8.99,8.95,8.95,9.19,9.09,9.23,9.23,9.04,9.31,9.43,9.41,9.63,9.60,9.49,9.43,9.37,9.46,9.46,9.58,9.53,9.52,9.91,10.01,9.71,9.41,9.66,9.57,9.93,9.76,9.89,9.97,9.89,9.68,9.95,9.89,10.12,10.18,10.22,10.23,10.29,10.18,10.20,10.27,10.29,10.33,10.26,10.16,10.18,10.17,10.24,10.19,9.97,10.20,10.24,10.07,10.14,10.16,10.08,10.00,10.14,10.32,10.31,10.22,10.14,9.95,9.69,9.56,9.42,9.34,9.37,9.21,9.28,9.32,9.32,9.34,9.24,9.19,9.44,9.24,9.32,9.38,9.44,9.48,9.29,9.02,9.22,9.23,9.15,9.13,9.12,9.02,8.94,9.10,9.11,9.08,9.01,8.92,8.97
8.65,8.38,8.50,8.57,8.62,8.63,8.59,8.42,8.34,8.47,8.69,8.92,9.01,9.03,9.29,8.99,8.84,8.75,8.74,8.96,8.95,8.75,8.60,8.99,9.04,9.02,9.10,9.10,8.92,9.02,9.02,8.81,8.92,8.71,8.94,8.97,8.90,8.93,9.08,9.08,9.02,9.23,9.22,9.21,9.33,9.20,9.28,9.38,9.51,9.38,9.50,9.56,9.33,9.20,9.21,9.29,9.23,9.14,9.27,9.39,9.46,9.44,9.37,9.43,9.38,9.43,9.66,9.75,9.42,9.50,9.52,9.91,10.06,9.91,9.92,10.31,10.09,10.14,9.81,9.80,10.13,10.07,10.12,10.20,10.27,10.42,10.06,10.41,10.47,10.34,10.16,10.24,10.28,10.22,10.32,10.28,10.35,10.32,10.23,10.28,10.26,10.17,10.20,10.28,10.24,10.18,10.18,10.12,10.00,10.01,10.18,10.31,10.21,10.17,10.17,10.06,9.91,10.03,9.88,9.83,9.78,10.08,10.39,10.47,10.49,10.41,9.99,9.80,9.61,9.48,9.54,9.28,9.25,9.27,9.22,9.30,9.40,9.28,9.31,9.39,9.24,9.21,9.22,9.21,9.17,9.17,9.04,9.20,9.22,9.06,8.95,8.93,8.82,8.80,8.90,9.02,9.00,8.88,8.90,9.10
8.60,8.69,8.55,8.58,8.56,8.60,8.85,8.56,8.72,8.66,8.77,8.92,8.91,9.02,9.20,8.93,8.93,8.97,8.93,8.92,8.72,8.93,9.03,9.01,8.93,8.99,9.09,9.00,8.93,9.25,8.90,9.05,8.92,8.63,8.73,8.81,8.75,8.86,9.08,9.12,9.09,9.30,9.30,9.30,9.30,9.15,9.66,9.40,9.52,9.57,9.65,9.56,9.50,9.34,9.27,9.17,9.29,9.62,9.65,9.62,9.72,9.81,9.85,9.80,9.87,9.99,10.10,10.11,10.23,9.93,10.08,10.35,10.59,10.07,10.14,10.19,10.22,10.49,10.35,10.32,10.42,10.45,10.30,10.08,10.28,10.26,10.09,10.31,10.12,10.24,10.27,10.24,10.29,10.14,10.02,10.30,10.24,10.00,10.21,10.30,10.27,10.07,10.05,10.05,10.03,10.07,10.12,10.07,9.98,10.02,10.05,10.24,10.12,9.90,9.95,9.81,9.75,9.77,9.69,9.73,9.47,9.80,10.21,10.42,10.50,10.35,10.08,9.85,9.68,9.79,9.61,9.21,9.37,9.41,9.31,9.39,9.52,9.36,9.40,9.31,9.38,9.36,9.29,9.14,9.06,9.14,9.06,9.19,9.33,9.17,9.00,9.02,8.93,8.88,8.87,8.90,8.95,8.94,8.76,9.01
8.52,8.52,8.54,8.64,8.72,8.75,8.77,8.62,8.71,8.65,8.64,8.80,9.06,9.05,9.15,9.01,8.96,8.93,8.95,9.13,8.90,8.81,8.97,9.02,8.95,8.84,8.93,9.15,9.00,9.15,8.81,8.96,9.12,8.77,8.82,8.93,9.01,9.03,9.03,9.02,9.02,9.13,9.23,9.31,9.31,9.37,9.43,9.57,9.62,9.47,9.61,9.58,9.58,9.36,9.06,9.03,9.19,9.65,10.01,9.99,10.01,9.92,10.03,10.19,10.14,10.23,10.17,10.32,10.39,10.41,10.18,10.02,10.37,10.27,10.51,10.53,10.44,10.55,10.33,10.29,10.00,10.13,10.19,10.13,9.99,10.05,10.14,9.88,10.07,10.07,9.83,10.02,9.91,9.82,9.86,10.11,9.90,9.78,9.85,9.90,9.90,9.70,9.70,9.73,9.57,9.61,9.76,9.68,9.72,9.83,9.79,9.87,9.80,9.66,9.83,9.73,9.60,9.59,9.53,9.69,9.24,9.57,9.99,10.27,10.34,10.19,10.13,9.90,9.67,9.76,9.48,9.29,9.41,9.50,9.52,9.56,9.56,9.46,9.36,9.34,9.50,9.50,9.42,9.22,9.10,9.17,9.09,9.25,9.37,9.31,9.15,9.05,9.09,9.08,8.96,8.91,9.01,9.10,8.90,8.91
8.68,8.52,8.64,8.69,8.68,8.72,8.90,8.67,8.64,8.62,8.52,8.55,8.84,9.00,9.04,9.12,9.06,9.05,9.18,9.32,9.24,9.11,9.04,9.13,9.10,9.09,9.23,9.30,9.09,9.29,8.95,8.80,8.95,8.93,9.04,9.02,9.03,9.08,9.17,9.31,9.19,9.31,9.40,9.31,9.25,9.51,9.57,9.62,9.60,9.67,10.01,9.97,9.85,9.59,9.05,8.73,8.92,9.34,9.68,9.81,9.87,10.17,10.13,9.82,9.83,9.88,10.14,10.20,9.95,9.83,9.99,9.99,10.40,10.26,10.09,10.20,9.99,9.92,9.93,10.16,10.26,10.17,9.89,10.21,10.23,10.10,10.14,10.03,9.99,10.00,9.81,9.89,9.81,9.58,9.44,9.51,9.66,9.41,9.47,9.54,9.63,9.50,9.60,9.62,9.53,9.67,9.71,9.65,9.65,9.61,9.65,9.60,9.56,9.67,9.65,9.44,9.19,9.38,9.32,9.30,8.99,9.32,9.80,10.22,10.28,10.06,10.11,9.96,9.69,9.57,9.51,9.49,9.56,9.62,9.65,9.57,9.49,9.52,9.23,9.42,9.38,9.34,9.32,9.23,9.13,9.18,9.11,9.21,9.29,9.34,9.27,9.13,9.18,9.20,9.09,9.00,9.04,9.08,8.87,8.94
8.66,8.46,8.59,8.60,8.59,8.62,8.69,8.76,8.59,8.54,8.49,8.54,8.84,9.06,9.31,9.20,9.10,9.06,9.17,9.46,9.59,9.47,9.13,9.20,9.25,9.17,9.19,9.25,9.06,9.12,9.10,9.13,8.92,8.93,9.34,9.22,9.14,9.30,9.34,9.36,9.46,9.68,9.60,9.59,9.47,9.38,9.69,9.67,9.89,9.76,10.02,10.30,10.20,9.58,8.91,8.63,8.73,9.02,9.39,9.68,9.67,9.78,9.90,9.66,9.71,9.88,9.76,9.73,9.78,9.58,9.40,9.43,9.59,9.44,9.68,9.36,9.57,9.46,10.13,9.85,10.17,10.16,10.05,10.12,10.02,9.89,10.05,10.05,10.03,9.85,9.68,9.76,9.50,9.25,9.29,9.15,9.39,9.34,9.30,9.54,9.53,9.32,9.37,9.40,9.44,9.50,9.43,9.44,9.41,9.36,9.37,9.18,9.33,9.52,9.47,9.15,8.78,9.09,8.96,9.02,8.80,9.10,9.57,9.93,10.11,10.12,10.05,9.85,9.81,9.53,9.41,9.72,9.78,9.72,9.66,9.56,9.60,9.71,9.27,9.36,9.19,9.20,9.18,9.12,9.10,9.13,9.21,9.04,9.22,9.30,9.27,9.22,9.19,9.36,9.24,9.09,9.00,8.92,8.74,8.93
8.85,8.75,8.64,8.60,8.63,8.59,8.49,8.60,8.56,8.51,8.49,8.62,8.93,9.15,9.25,9.19,9.10,9.09,9.27,9.58,9.76,9.50,9.36,9.39,9.52,9.54,9.46,9.33,9.42,9.48,9.32,9.46,9.18,9.30,9.54,9.50,9.48,9.59,9.69,9.58,9.62,9.69,9.78,9.59,9.48,9.39,9.52,9.76,10.05,10.06,10.16,10.31,10.12,9.48,9.22,9.18,9.01,9.12,9.29,9.43,9.47,9.36,9.54,9.60,9.34,9.36,9.40,9.39,9.46,8.90,8.93,9.08,9.34,9.30,9.15,9.01,9.40,9.36,9.85,9.67,10.30,10.28,10.08,10.27,10.06,9.71,9.82,9.60,9.66,9.54,9.27,9.12,9.11,9.10,9.14,9.24,9.30,9.00,9.14,9.38,9.43,9.40,9.33,9.34,9.37,9.33,9.41,9.41,9.23,9.36,9.44,9.15,9.50,9.42,9.41,9.37,9.18,9.32,9.18,9.09,8.86,9.12,9.61,10.02,10.20,10.10,9.95,10.02,9.97,9.72,9.49,9.61,9.91,9.75,9.62,9.67,9.72,9.77,9.44,9.39,9.24,9.29,9.22,9.11,9.04,9.10,9.28,9.03,9.12,9.13,9.14,9.17,8.96,9.37,9.19,9.00,8.91,8.88,8.81,8.88
8.90,8.86,8.80,8.72,8.73,8.73,8.56,8.57,8.56,8.43,8.37,8.52,8.86,9.17,9.17,9.24,9.18,9.25,9.52,9.60,9.73,9.63,9.57,9.67,9.73,9.70,9.62,9.57,9.56,9.68,9.59,9.62,9.46,9.68,9.61,9.61,9.67,9.63,9.58,9.65,9.80,9.79,9.75,9.48,9.50,9.51,9.41,9.69,9.88,9.89,9.90,9.98,9.71,9.24,9.19,9.15,9.08,9.18,9.19,9.22,9.15,9.18,9.40,9.38,9.17,9.09,8.99,9.14,9.21,8.87,8.90,8.68,8.82,8.92,8.83,8.92,9.04,9.46,9.61,9.44,10.16,9.63,9.17,9.37,9.05,8.99,9.12,9.15,9.04,9.08,8.96,9.12,9.15,8.96,8.92,8.93,9.05,8.94,9.09,9.36,9.25,9.13,9.14,9.15,9.24,9.36,9.30,9.20,9.18,9.19,9.17,9.19,9.36,9.23,9.38,9.28,9.28,9.29,8.97,9.10,9.09,9.29,9.78,9.95,9.95,10.10,10.13,10.09,10.03,9.98,9.63,9.70,9.78,9.62,9.59,9.62,9.62,9.66,9.52,9.36,9.32,9.24,9.15,9.13,9.14,9.15,8.96,8.96,9.00,8.88,8.96,9.09,8.76,9.02,8.85,8.81,8.86,8.91,8.85,9.06
8.92,8.91,9.01,8.85,8.85,8.95,8.66,8.55,8.62,8.51,8.52,8.74,8.99,9.11,9.03,9.25,9.30,9.39,9.60,9.63,9.66,9.54,9.52,9.51,9.71,9.79,9.75,9.75,9.53,9.77,9.77,9.81,9.56,9.89,9.78,9.69,9.68,9.69,9.72,9.80,9.99,9.70,9.65,9.39,9.27,9.33,9.32,9.54,9.76,10.16,10.26,10.13,9.81,9.50,9.42,9.49,9.47,9.42,9.36,9.15,9.03,8.92,9.04,9.10,9.08,8.84,8.88,9.05,9.09,8.67,8.84,8.74,8.94,8.78,8.95,8.96,9.03,9.33,9.37,9.69,9.96,9.20,9.53,9.18,9.25,9.12,9.14,8.97,9.01,9.14,8.86,8.92,9.10,8.88,9.00,8.97,9.25,9.19,9.11,9.19,9.24,9.19,9.08,9.09,9.22,9.25,9.12,9.10,9.18,9.00,8.85,9.01,9.28,9.08,9.13,9.30,9.38,9.34,8.93,9.10,9.21,9.37,9.89,10.20,10.06,9.99,10.10,10.17,9.89,9.81,9.37,9.71,9.81,9.76,9.58,9.61,9.91,9.98,9.37,9.20,9.29,9.24,9.20,9.11,9.01,8.95,8.86,9.06,9.03,8.90,8.92,9.03,8.83,8.93,8.86,8.84,8.83,8.80,8.76,9.14
8.97,9.10,9.19,8.96,8.87,8.95,8.78,8.43,8.67,8.81,8.84,8.91,9.09,9.05,9.22,9.51,9.40,9.32,9.48,9.54,9.51,9.33,9.37,9.32,9.68,9.76,9.63,9.73,9.50,9.59,9.66,9.68,9.50,9.77,9.70,9.66,9.72,9.78,9.73,9.65,9.63,9.38,9.65,9.56,9.28,9.34,9.40,9.42,9.62,9.86,10.21,10.31,10.06,9.75,9.59,9.66,9.56,9.30,9.23,9.04,9.13,9.11,9.01,9.10,9.04,8.80,8.71,8.71,8.78,8.69,8.58,8.47,8.80,8.84,8.99,8.96,9.13,9.28,9.48,9.23,9.53,9.18,9.53,8.80,8.80,8.58,8.91,8.85,8.74,9.11,8.74,8.80,8.67,8.64,8.84,8.76,8.86,8.83,8.92,8.91,9.04,8.97,8.86,9.04,9.06,9.00,9.11,9.05,8.96,9.08,9.09,9.05,8.99,8.97,9.19,9.43,9.44,9.56,9.17,9.19,9.05,9.30,9.73,10.06,10.10,9.91,9.90,9.99,9.80,9.96,9.66,9.61,9.83,9.90,9.77,9.79,9.97,9.81,9.18,9.32,9.23,9.19,9.27,9.32,9.23,9.06,8.91,9.13,9.09,8.97,8.97,9.06,8.92,9.03,8.97,8.78,8.68,8.75,8.78,8.82
8.92,9.25,9.22,9.08,8.95,8.99,9.08,8.62,8.85,9.08,9.12,9.09,9.14,9.15,9.52,9.73,9.51,9.39,9.49,9.39,9.33,9.22,9.25,9.29,9.49,9.57,9.57,9.59,9.39,9.51,9.56,9.33,9.42,9.62,9.69,9.60,9.70,9.83,9.67,9.58,9.83,9.49,9.44,9.54,9.30,9.42,9.21,9.51,9.73,9.82,10.20,10.34,10.44,10.06,9.53,9.38,9.28,9.20,9.14,9.11,9.22,9.17,9.13,9.04,8.87,8.86,8.68,8.85,8.78,8.93,8.91,8.88,8.86,8.78,9.05,9.04,9.19,9.36,9.28,9.28,9.46,9.31,9.33,8.94,8.91,8.86,9.27,9.03,9.14,9.18,9.00,8.83,8.88,8.86,9.05,9.06,8.86,8.83,9.00,9.09,9.15,9.19,9.14,9.21,9.10,8.99,8.95,8.87,9.10,9.11,9.20,9.28,9.31,9.17,9.32,9.37,9.23,9.40,9.28,9.48,9.28,9.47,9.88,10.09,10.09,9.98,9.87,9.92,9.91,9.80,9.77,9.79,9.87,9.83,9.88,9.92,9.83,9.78,9.31,9.30,9.18,9.32,9.28,9.09,8.95,9.03,8.99,8.93,8.85,8.80,8.86,8.90,8.49,8.66,8.62,8.77,8.99,9.03,8.73,8.76
8.93,9.25,9.20,9.11,9.13,9.24,9.22,9.09,9.17,9.25,9.32,9.36,9.33,9.29,9.66,9.79,9.75,9.63,9.50,9.33,9.27,9.28,9.23,9.28,9.36,9.54,9.60,9.39,9.25,9.49,9.61,9.24,9.27,9.37,9.57,9.50,9.49,9.62,9.62,9.66,9.85,9.59,9.52,9.43,9.47,9.54,9.28,9.54,9.83,9.87,10.17,10.38,10.39,10.12,9.54,9.22,9.17,9.08,9.11,9.13,9.27,9.22,9.03,8.99,9.01,8.96,8.82,8.69,8.63,8.82,8.74,8.71,8.85,8.87,8.95,9.00,9.17,9.29,9.32,9.32,9.47,9.04,9.17,9.02,9.05,9.09,9.19,9.18,9.25,9.32,9.23,8.97,9.18,8.81,8.68,8.92,8.96,8.66,8.74,9.03,9.23,9.04,8.95,9.09,9.17,9.15,9.11,9.21,9.14,9.04,9.23,9.14,9.11,9.23,9.18,9.51,9.17,9.23,9.23,9.42,9.13,9.21,9.65,9.88,10.02,10.18,9.86,10.01,9.91,10.06,9.61,9.49,9.72,9.77,9.92,9.93,9.65,9.76,9.18,9.11,9.14,9.18,9.10,8.99,9.03,9.27,8.93,9.00,8.67,8.76,9.03,8.96,8.71,8.66,8.93,8.84,8.76,8.94,8.87,8.67
9.02,8.99,9.15,9.01,8.99,9.14,9.08,9.22,9.32,9.34,9.30,9.30,9.37,9.27,9.67,9.83,9.82,9.62,9.36,9.28,9.15,9.19,9.22,9.29,9.38,9.51,9.53,9.32,9.21,9.30,9.53,9.15,9.23,9.25,9.31,9.25,9.36,9.48,9.49,9.65,9.58,9.67,9.51,9.37,9.52,9.41,9.40,9.58,9.66,9.82,10.08,10.21,10.34,10.16,9.60,9.28,9.25,9.23,9.19,9.24,9.40,9.18,8.95,9.13,9.14,8.90,8.97,8.94,8.92,8.94,8.88,8.76,8.93,9.02,8.84,9.18,9.34,9.14,9.39,9.34,9.60,9.11,8.86,8.86,8.92,9.04,9.15,9.22,9.20,9.19,9.11,9.00,9.02,8.80,8.84,8.71,8.90,8.71,8.85,8.92,9.18,9.18,9.01,8.77,8.82,9.10,9.18,9.12,8.93,8.94,9.04,9.18,8.87,9.23,9.13,9.24,9.09,9.24,9.17,9.18,8.91,8.95,9.47,9.88,9.95,9.87,9.79,10.03,10.13,9.82,9.58,9.61,9.89,9.89,9.81,9.80,9.81,9.76,9.30,9.24,9.41,9.27,9.18,9.10,9.03,9.13,9.42,8.97,8.80,8.91,9.00,8.84,8.65,8.59,8.67,8.76,8.90,8.99,8.71,8.71
9.03,9.01,9.13,9.10,8.84,8.73,9.15,9.13,9.21,9.32,9.38,9.38,9.40,9.31,9.52,9.59,9.51,9.33,9.21,9.24,9.09,9.09,9.15,9.37,9.39,9.41,9.41,9.21,9.01,9.06,9.37,9.04,9.15,9.14,9.02,9.00,9.28,9.41,9.42,9.66,9.56,9.72,9.47,9.40,9.58,9.59,9.66,9.76,9.72,9.97,10.26,10.27,10.23,10.06,9.63,9.33,9.23,9.23,9.29,9.36,9.43,9.20,9.15,9.20,9.17,9.01,9.10,8.99,9.04,9.03,9.04,9.05,9.11,9.24,9.41,9.15,9.39,9.51,9.48,9.14,9.42,8.83,9.17,9.04,9.09,9.03,9.22,9.14,9.20,9.13,8.95,8.85,8.81,8.97,8.75,8.76,8.85,8.72,8.87,8.91,9.11,9.10,8.88,8.87,8.92,8.94,8.87,8.72,8.78,8.95,9.04,8.97,9.04,9.15,9.34,9.17,9.30,9.23,9.17,8.95,8.82,8.96,9.31,9.58,9.66,9.77,9.98,10.03,9.81,10.14,9.60,9.68,10.01,10.03,9.90,9.76,9.61,9.68,9.33,9.41,9.40,9.33,9.36,9.34,9.28,9.24,9.13,9.08,8.90,8.75,8.65,8.60,8.73,8.78,9.00,8.95,8.90,9.01,8.97,9.01
9.27,9.09,9.24,9.02,8.85,8.94,9.22,9.41,9.27,9.33,9.44,9.56,9.61,9.37,9.54,9.50,9.41,9.24,9.10,9.21,9.27,9.23,9.09,9.30,9.36,9.37,9.36,9.13,8.76,8.95,9.15,8.99,8.91,8.78,8.82,8.92,9.08,9.15,9.19,9.37,9.42,9.58,9.47,9.47,9.59,9.40,9.56,9.65,9.51,9.76,10.14,10.17,10.26,10.21,9.66,9.22,9.17,9.15,9.10,9.08,9.20,8.95,8.86,8.94,9.25,9.17,9.00,9.03,9.05,8.95,9.11,9.01,9.30,9.28,9.40,9.20,9.44,9.37,9.56,9.30,9.51,9.03,9.02,9.17,8.93,9.02,9.05,8.84,9.05,8.95,8.94,8.81,8.97,8.88,8.62,8.63,8.56,8.51,8.76,8.99,8.96,8.83,8.69,8.73,8.99,9.02,8.81,8.76,8.76,8.78,8.81,8.74,8.65,8.84,9.42,8.90,8.90,8.91,8.80,8.72,8.64,8.75,9.24,9.63,9.68,9.69,9.79,10.13,9.99,9.77,9.57,9.57,9.76,9.71,9.61,9.66,9.75,9.63,9.43,9.28,9.31,9.29,9.33,9.34,9.18,9.00,9.06,8.92,8.65,8.56,8.66,8.73,8.62,8.77,8.91,8.87,8.82,8.87,8.94,8.75
9.15,8.92,9.23,9.06,8.91,9.00,9.11,9.14,9.33,9.24,9.31,9.62,9.79,9.28,9.72,9.41,9.29,9.21,9.08,9.12,9.21,9.15,8.88,8.99,9.25,9.24,9.15,9.14,8.74,8.91,8.97,8.87,8.75,8.65,8.84,8.93,8.95,8.94,8.95,9.08,9.22,9.25,9.42,9.46,9.62,9.34,9.40,9.42,9.47,9.67,10.08,10.23,10.31,10.19,9.60,9.22,9.21,9.06,9.11,9.11,9.08,9.00,8.88,8.83,9.06,9.28,8.85,9.03,9.04,8.80,8.81,8.94,9.03,9.12,9.14,9.11,9.27,9.25,9.39,9.19,9.31,9.09,8.93,9.00,9.08,9.12,8.87,9.00,8.90,8.91,8.93,8.94,8.86,8.87,8.62,8.71,8.87,8.75,8.75,8.75,8.78,8.77,8.78,8.80,8.75,8.72,8.75,8.73,8.56,8.64,8.88,9.06,8.99,9.03,9.38,9.03,8.97,8.94,8.67,8.42,8.43,8.83,9.19,9.56,9.88,9.82,9.82,9.82,9.95,10.05,9.71,9.65,9.82,9.76,9.63,9.62,9.59,9.62,9.54,9.24,9.31,9.13,9.34,9.44,9.09,8.97,8.96,8.85,8.71,8.65,8.72,8.69,8.60,8.82,8.88,8.84,8.85,8.93,8.86,8.82
8.92,9.15,9.01,8.91,9.03,9.25,9.18,9.02,9.44,9.29,9.15,9.32,9.58,9.28,9.63,9.54,9.39,9.28,9.22,9.13,9.05,9.14,9.00,9.03,9.28,9.19,9.00,9.02,8.75,8.82,8.90,8.85,8.85,8.69,8.81,8.88,8.90,8.85,8.85,9.05,9.15,9.04,9.25,9.28,9.46,9.27,9.46,9.51,9.54,9.66,9.98,10.18,10.26,10.05,9.50,9.19,9.14,9.14,9.15,8.82,8.78,8.82,8.90,8.92,8.84,8.93,8.83,8.87,8.94,8.74,8.68,8.88,8.94,9.09,8.95,8.93,8.91,8.88,9.19,9.30,9.52,9.24,9.09,9.20,9.48,9.29,9.43,9.44,9.04,9.25,9.24,8.99,9.01,9.03,8.75,8.75,8.74,8.65,8.66,8.76,8.86,8.94,9.03,9.00,8.91,8.90,8.92,8.94,8.86,9.00,8.88,8.96,8.99,9.00,9.49,9.02,9.31,8.85,8.66,8.56,8.80,8.96,9.13,9.56,9.91,9.97,10.08,9.96,10.20,10.24,9.79,9.62,9.72,9.80,9.83,9.90,9.93,9.86,9.31,9.28,9.36,9.29,9.24,9.27,9.24,9.06,8.87,8.94,8.94,8.90,8.87,8.84,8.66,8.68,8.77,8.78,8.84,9.02,8.88,8.78
8.95,9.03,9.04,9.13,9.11,9.09,9.25,8.95,9.21,9.23,9.09,9.10,9.29,8.92,9.48,9.56,9.50,9.29,9.09,9.19,9.03,8.95,9.11,9.04,9.09,9.11,9.06,8.95,8.71,8.84,8.85,8.82,8.78,8.51,8.59,8.78,8.78,8.73,8.85,9.01,8.90,8.91,9.14,9.08,9.22,9.18,9.54,9.66,9.60,9.62,10.00,10.16,10.07,9.83,9.36,9.14,9.14,9.00,9.11,9.06,8.84,8.77,8.74,8.88,8.86,8.86,8.86,8.76,9.02,8.85,8.77,8.87,8.95,8.87,9.09,8.92,9.18,9.06,9.11,9.32,9.22,9.10,8.82,9.15,9.25,9.36,9.50,9.24,8.87,9.37,9.28,8.93,8.86,8.82,8.76,8.62,8.68,8.63,8.71,8.92,8.99,9.06,9.01,8.91,9.00,9.13,9.31,9.25,8.88,9.23,9.12,9.18,9.09,9.20,9.37,9.03,9.17,8.91,8.76,8.65,8.64,8.78,9.09,9.49,9.85,9.98,9.89,10.20,9.91,9.91,9.75,9.65,9.65,9.70,9.79,9.89,9.98,9.95,9.56,9.32,9.33,9.19,9.13,9.14,9.13,9.05,8.71,8.94,9.03,8.88,8.80,8.88,8.68,8.67,8.75,8.80,8.84,8.91,8.80,8.75
8.91,8.99,9.09,9.08,9.09,9.18,9.17,9.04,9.21,9.10,9.09,9.25,9.39,9.49,9.63,9.57,9.46,9.28,9.13,9.15,8.92,8.97,9.01,8.78,8.90,9.03,8.91,8.72,8.72,8.93,9.00,8.76,8.64,8.56,8.57,8.74,8.71,8.68,8.91,8.88,8.81,8.88,9.12,8.96,9.43,9.22,9.54,9.54,9.59,9.71,9.97,9.95,9.67,9.53,9.24,9.11,9.17,9.00,9.06,8.99,8.78,8.69,8.80,8.77,8.92,8.84,8.85,8.96,8.85,8.87,8.95,8.95,8.93,8.74,9.11,9.04,9.03,9.01,9.13,9.18,9.28,9.38,8.83,9.06,9.14,9.25,9.32,9.33,9.10,9.14,9.02,9.14,9.19,8.78,8.75,8.76,8.81,8.74,8.69,8.82,9.03,8.95,8.94,8.90,8.84,9.01,9.05,9.09,9.01,9.12,9.03,9.20,8.95,9.04,9.32,9.25,9.08,9.02,8.82,8.83,8.86,8.84,9.00,9.34,9.80,10.21,10.11,10.24,10.27,10.18,9.68,9.61,9.70,9.68,9.67,9.73,9.86,10.08,9.66,9.49,9.33,9.17,9.15,9.17,9.00,9.08,8.99,9.01,8.97,8.87,8.85,8.97,8.72,8.83,8.97,8.97,8.93,9.01,8.75,8.68
8.90,8.90,9.21,9.23,9.15,9.14,9.22,9.18,9.08,8.88,8.95,9.12,9.11,9.39,9.66,9.24,9.17,9.21,9.10,8.99,9.06,8.97,8.84,8.69,8.87,8.97,8.81,8.54,8.45,8.84,8.82,8.76,8.72,8.81,8.67,8.69,8.72,8.76,8.84,8.78,8.90,8.94,9.17,8.92,9.37,9.10,9.48,9.50,9.48,9.61,9.72,9.69,9.44,9.28,9.15,9.14,9.13,9.08,9.21,9.01,8.96,8.85,8.78,8.83,8.87,8.93,8.90,8.85,8.87,9.04,8.96,8.93,9.02,8.84,9.09,8.99,8.97,9.13,8.96,9.14,9.08,9.21,9.01,9.18,9.06,9.33,9.13,9.22,9.31,9.25,9.10,9.08,9.18,8.84,8.63,8.73,8.81,8.68,8.84,8.94,9.12,9.09,8.93,8.91,9.01,9.24,9.12,8.96,8.73,8.76,8.95,8.97,8.85,8.75,9.17,9.06,9.03,9.08,8.85,8.80,8.88,8.94,9.10,9.53,9.98,10.17,9.89,10.17,10.03,10.01,9.59,9.69,9.78,9.80,9.89,9.88,9.73,9.96,9.54,9.42,9.37,9.28,9.24,9.15,8.88,8.97,9.03,8.96,8.92,8.94,8.99,8.99,8.87,8.83,9.03,9.02,8.88,9.12,8.88,8.78
9.01,9.01,9.21,9.06,9.04,9.22,9.31,9.09,8.95,8.97,8.96,8.95,9.02,9.19,9.38,9.05,8.96,9.04,8.99,8.76,8.87,9.03,8.94,8.75,8.69,8.67,8.60,8.52,8.48,8.65,8.85,8.51,8.62,8.71,8.57,8.62,8.73,8.76,8.71,8.68,8.85,9.01,9.30,8.91,9.22,8.97,9.30,9.39,9.27,9.31,9.41,9.56,9.52,9.31,9.14,9.21,9.21,9.12,9.12,8.82,8.88,8.85,8.78,8.77,8.72,8.74,8.88,8.77,8.93,8.76,8.83,8.94,9.05,8.87,8.92,9.01,8.86,8.94,8.82,8.84,8.83,9.05,8.86,8.90,8.96,8.94,9.19,9.05,9.03,8.96,8.93,8.93,9.06,8.81,8.55,8.52,8.64,8.69,8.72,8.84,9.05,8.91,8.77,8.80,8.75,8.90,8.82,8.74,8.72,8.68,8.81,8.93,8.93,8.90,8.97,8.77,8.72,8.82,8.62,8.55,8.62,8.72,8.99,9.46,9.92,10.05,9.96,9.97,10.08,9.83,9.48,9.57,9.61,9.67,9.79,9.86,9.73,9.90,9.52,9.21,9.25,9.27,9.23,9.10,8.80,9.10,8.99,8.97,9.05,9.04,8.93,8.88,8.76,8.74,8.94,8.97,8.82,9.09,9.02,8.99
9.03,8.97,9.22,9.12,9.17,9.27,9.15,8.99,8.87,8.91,8.83,8.86,9.11,9.04,9.12,9.03,8.95,8.84,8.75,8.72,8.51,8.64,8.55,8.47,8.66,8.68,8.68,8.71,8.55,8.63,8.80,8.84,8.68,8.60,8.29,8.39,8.68,8.77,8.68,8.69,8.94,9.11,9.21,8.95,9.31,8.99,9.02,9.03,9.21,9.19,9.38,9.49,9.62,9.52,9.24,9.18,9.13,9.10,9.03,8.68,8.86,8.87,8.85,8.78,8.69,8.88,8.68,8.64,8.84,8.74,8.86,8.83,9.03,8.82,9.01,9.05,8.88,9.04,8.80,8.88,9.06,9.14,8.92,8.83,8.82,8.76,8.86,8.88,8.84,8.73,8.85,8.90,9.02,8.83,8.73,8.73,8.56,8.59,8.60,8.72,8.99,8.92,8.90,8.94,8.74,8.82,8.74,8.56,8.68,8.65,8.77,8.73,8.83,8.86,9.05,8.85,8.65,8.74,8.65,8.65,8.55,8.50,8.85,9.39,9.86,9.90,9.88,9.90,10.02,9.68,9.42,9.44,9.51,9.51,9.51,9.63,9.72,9.87,9.54,9.14,9.20,9.27,9.22,9.08,8.87,9.10,9.04,8.92,8.99,9.02,8.87,8.91,8.60,8.74,8.97,9.06,9.01,9.03,9.11,9.02
9.00,9.03,9.24,9.15,9.17,9.19,9.01,8.94,8.99,8.86,8.92,9.05,9.04,9.04,9.10,9.02,8.87,8.72,8.60,8.52,8.43,8.43,8.85,8.57,8.32,8.23,8.38,8.66,8.74,8.59,8.66,8.72,8.81,8.59,8.37,8.57,8.88,9.00,8.86,8.74,8.85,9.01,9.02,8.92,8.96,9.03,9.04,8.91,9.27,9.32,9.56,9.52,9.57,9.42,9.21,9.23,9.17,9.13,9.10,8.81,8.86,8.95,8.85,8.76,8.72,8.94,8.76,8.68,8.88,8.80,8.76,8.77,9.05,8.91,9.30,9.10,9.10,9.04,8.97,8.77,9.05,8.96,8.82,8.92,8.63,8.66,8.72,8.71,8.72,8.78,8.88,8.80,8.91,8.67,8.50,8.64,8.60,8.45,8.46,8.67,8.84,8.73,8.74,8.83,8.77,8.86,8.78,8.74,8.74,8.66,8.75,8.74,8.78,8.80,8.97,8.97,8.75,8.66,8.75,8.82,8.83,8.74,8.88,9.38,9.70,9.85,9.73,9.75,9.68,9.53,9.42,9.50,9.59,9.53,9.37,9.38,9.72,9.75,9.44,9.27,9.21,9.19,9.17,9.13,9.03,8.92,9.00,8.77,8.67,8.76,8.85,8.99,8.71,8.78,8.83,8.97,9.19,8.82,8.99,8.97
9.08,9.23,9.30,9.08,9.05,9.11,9.04,9.01,8.99,8.88,8.96,9.02,9.00,9.18,9.19,9.03,8.93,8.74,8.54,8.54,8.62,8.62,8.31,8.45,8.42,8.62,8.86,8.92,8.90,8.78,8.78,8.51,8.55,8.60,8.52,8.68,8.88,8.85,8.83,8.97,8.99,9.09,9.08,8.83,8.92,9.06,9.15,9.12,9.41,9.37,9.56,9.57,9.54,9.36,9.18,9.30,9.27,9.13,9.06,8.83,8.87,8.95,8.80,8.77,8.80,8.82,8.78,8.80,8.83,8.78,8.63,8.78,9.00,8.91,9.11,8.88,8.87,9.23,9.18,8.95,9.29,9.10,8.87,8.90,8.67,8.81,8.78,8.76,8.67,8.93,8.95,8.76,8.85,8.82,8.62,8.47,8.54,8.65,8.63,8.73,8.85,8.84,8.88,8.87,8.86,9.02,8.97,8.84,8.80,8.54,8.86,8.84,8.99,8.74,8.94,8.96,8.81,8.77,8.77,8.74,8.81,8.91,9.02,9.33,9.65,9.85,9.75,9.71,9.53,9.56,9.43,9.50,9.67,9.62,9.39,9.31,9.57,9.50,9.27,9.36,9.20,9.08,9.12,9.14,9.00,8.84,8.94,8.84,8.72,8.64,8.59,8.87,8.64,8.63,8.58,8.60,8.81,8.63,8.82,8.63
9.23,9.21,9.28,9.10,9.04,9.05,9.05,8.99,9.02,9.03,8.97,8.93,9.02,9.14,9.21,8.99,8.84,8.66,8.55,8.55,8.67,8.47,8.43,8.71,8.64,8.68,8.83,8.87,8.82,8.87,9.04,8.43,8.51,8.69,8.62,8.69,8.86,8.81,8.84,9.09,9.08,9.06,9.40,9.29,8.92,9.00,9.11,9.24,9.50,9.23,9.52,9.50,9.48,9.47,9.32,9.29,9.31,9.19,8.99,8.71,8.69,8.90,8.76,8.77,8.76,8.84,8.83,8.65,8.80,8.77,8.71,8.93,8.95,8.83,9.17,8.92,8.57,8.95,8.93,9.01,9.05,8.87,8.80,8.81,8.65,8.72,8.71,8.72,8.64,8.80,8.94,8.78,8.81,8.59,8.47,8.39,8.41,8.51,8.63,8.69,8.78,8.87,8.82,8.73,8.77,8.80,8.87,8.80,8.73,8.65,8.87,8.75,8.74,8.75,8.83,8.95,8.95,8.81,8.66,8.55,8.58,8.73,8.90,9.10,9.38,9.61,9.54,9.54,9.46,9.40,9.32,9.38,9.60,9.60,9.30,9.25,9.33,9.18,9.09,9.23,9.18,9.15,9.20,9.15,8.95,8.83,8.99,8.94,8.93,8.96,8.87,9.19,8.93,8.90,8.78,8.76,9.04,8.96,8.72,8.58
9.25,9.04,9.04,9.04,9.10,9.11,9.04,9.00,9.08,9.09,8.95,8.83,8.85,8.94,8.96,8.80,8.52,8.39,8.49,8.65,8.41,8.49,8.76,9.00,8.92,9.00,8.96,8.82,8.84,8.78,8.90,8.76,8.69,8.84,8.66,8.56,8.66,8.78,8.85,8.94,9.08,9.11,9.33,9.21,9.00,9.05,9.25,9.15,9.29,9.15,9.42,9.50,9.43,9.48,9.41,9.32,9.46,9.40,9.02,8.71,8.66,8.92,8.76,8.73,8.58,8.74,8.69,8.56,8.75,8.57,8.58,8.90,9.01,8.74,8.96,9.04,8.69,8.92,8.93,9.14,9.14,9.21,9.13,8.86,8.80,8.87,8.92,8.92,8.97,8.88,8.86,8.84,8.88,8.78,8.64,8.49,8.51,8.54,8.60,8.64,8.71,8.87,8.80,8.73,8.75,8.60,8.65,8.74,8.59,8.77,8.80,8.69,8.72,8.83,8.85,8.82,8.94,8.84,8.71,8.55,8.55,8.74,8.77,8.83,9.00,9.21,9.27,9.21,9.30,9.25,9.24,9.37,9.49,9.43,9.19,9.05,9.20,8.96,8.97,9.11,9.17,9.15,9.14,9.12,9.21,8.94,9.03,9.18,9.21,9.08,8.77,8.94,8.88,8.83,8.60,8.52,8.97,8.87,8.81,8.86
9.10,8.90,9.12,9.05,9.20,9.25,9.13,9.18,9.08,9.03,8.93,8.84,8.81,8.86,8.76,8.69,8.40,8.39,8.59,8.67,8.57,8.65,8.87,8.96,8.99,9.14,9.09,8.92,8.93,8.93,8.97,8.48,8.45,8.91,8.60,8.60,8.90,9.04,8.99,8.99,9.09,9.19,9.14,9.21,9.32,9.39,9.19,9.14,9.22,9.12,9.15,9.33,9.40,9.38,9.24,9.21,9.40,9.25,8.76,8.56,8.55,8.63,8.63,8.57,8.46,8.59,8.63,8.51,8.68,8.42,8.56,8.66,8.75,8.66,8.71,8.62,8.73,8.77,8.81,8.90,8.96,9.24,9.13,8.94,8.96,8.95,8.92,8.86,8.97,9.02,8.81,8.84,8.84,8.68,8.59,8.55,8.59,8.54,8.42,8.42,8.48,8.60,8.60,8.59,8.47,8.39,8.45,8.55,8.41,8.55,8.58,8.47,8.74,8.67,8.67,8.74,8.84,8.80,8.67,8.55,8.59,8.63,8.60,8.72,8.77,8.99,9.03,8.93,9.18,9.19,9.17,9.25,9.28,9.17,9.13,9.01,8.99,8.88,8.93,9.01,9.11,9.18,9.19,9.28,9.28,9.00,9.01,9.05,8.96,8.73,8.69,8.92,8.88,8.84,8.78,8.75,8.88,8.85,8.95,8.96
9.10,9.11,9.17,9.05,9.20,9.22,9.10,9.20,9.25,9.03,9.03,9.02,8.92,8.92,8.75,8.71,8.54,8.51,8.64,8.74,8.67,8.86,9.05,9.06,8.88,8.94,9.03,9.03,8.95,8.86,9.00,8.69,8.82,8.76,8.87,8.75,8.83,8.95,9.01,9.05,9.06,9.21,9.23,9.09,9.18,9.37,9.15,9.19,9.17,9.20,9.09,9.04,9.13,9.17,9.08,9.15,9.22,8.90,8.60,8.60,8.52,8.65,8.62,8.47,8.31,8.31,8.31,8.19,8.25,8.23,8.40,8.28,8.29,8.40,8.54,8.47,8.66,8.60,8.80,8.78,9.00,9.34,9.12,8.96,8.80,8.88,8.83,8.69,8.63,8.76,8.57,8.76,8.77,8.55,8.43,8.56,8.57,8.40,8.37,8.39,8.39,8.38,8.36,8.38,8.39,8.46,8.25,8.58,8.34,8.33,8.56,8.41,8.65,8.49,8.60,8.71,8.56,8.57,8.59,8.54,8.54,8.50,8.49,8.77,8.77,8.97,8.72,8.64,9.00,8.99,8.92,8.87,8.85,8.85,8.77,8.82,8.74,8.58,8.67,8.83,8.92,9.00,9.10,9.21,9.15,8.93,8.84,8.83,8.83,8.81,8.82,8.87,8.91,8.85,8.81,8.88,9.00,8.75,8.84,8.85
9.11,8.94,9.11,8.90,8.91,9.01,9.21,9.37,9.03,8.94,9.02,9.03,8.94,8.84,8.72,8.65,8.58,8.57,8.71,8.81,8.69,8.91,9.04,9.01,8.84,8.91,9.01,9.08,9.10,9.03,8.92,8.83,8.38,8.66,8.86,8.81,8.95,8.91,8.90,9.04,8.94,9.01,9.17,8.95,9.37,9.37,9.02,9.31,9.32,9.31,9.25,9.19,9.20,9.20,9.17,9.29,9.27,9.03,8.97,8.95,8.81,8.81,8.65,8.55,8.31,8.13,8.07,7.90,8.06,8.23,8.27,8.10,8.33,8.25,8.32,8.34,8.47,8.33,8.71,8.65,8.97,9.12,9.01,8.78,8.62,8.62,8.54,8.48,8.30,8.54,8.47,8.59,8.54,8.41,8.39,8.63,8.60,8.42,8.52,8.63,8.62,8.49,8.32,8.37,8.17,8.41,8.25,8.58,8.39,8.48,8.54,8.41,8.47,8.33,8.52,8.68,8.50,8.48,8.66,8.59,8.46,8.54,8.57,8.77,8.82,9.03,8.65,8.54,8.81,8.90,8.78,8.65,8.66,8.68,8.54,8.55,8.47,8.62,8.72,8.91,9.02,9.05,9.08,9.02,9.12,9.03,8.96,8.97,8.96,8.90,8.92,8.84,8.93,8.84,8.87,9.14,9.09,8.80,8.96,8.97
9.06,9.11,9.14,9.22,9.01,9.11,9.28,9.04,8.80,8.82,8.97,9.08,8.99,8.72,8.54,8.54,8.46,8.54,8.73,8.86,8.86,8.93,8.94,8.94,8.93,9.00,9.00,9.03,9.00,8.80,8.90,8.88,8.68,8.86,8.82,9.00,9.03,8.80,8.81,8.95,8.86,8.96,9.13,9.05,9.12,9.19,8.99,9.10,9.22,9.25,9.20,9.06,9.02,9.08,9.21,9.33,9.36,9.33,9.24,9.05,8.87,8.73,8.72,8.67,8.56,8.29,8.25,8.05,8.24,8.46,8.39,8.24,8.55,8.46,8.56,8.52,8.62,8.73,8.82,8.75,8.96,8.95,8.84,8.66,8.51,8.51,8.46,8.41,8.42,8.56,8.56,8.48,8.42,8.47,8.40,8.51,8.55,8.45,8.58,8.74,8.83,8.78,8.62,8.52,8.28,8.59,8.57,8.68,8.58,8.67,8.65,8.60,8.51,8.36,8.41,8.63,8.74,8.63,8.69,8.66,8.47,8.49,8.54,8.62,8.56,8.88,8.68,8.67,8.72,8.82,8.64,8.43,8.46,8.49,8.45,8.56,8.62,8.42,8.56,8.78,8.94,8.99,8.96,8.92,8.91,8.80,8.83,9.01,9.14,9.11,9.00,8.99,8.97,8.86,8.78,8.88,9.00,8.75,8.84,8.94
9.04,9.02,9.17,9.10,9.02,9.05,9.17,9.29,9.10,9.03,8.90,8.83,8.78,8.69,8.52,8.60,8.50,8.58,8.78,8.97,9.02,9.01,8.90,8.96,9.12,9.20,9.10,8.93,8.85,8.91,8.97,9.05,8.77,8.74,8.93,9.01,9.02,9.04,9.10,8.96,8.81,8.99,9.17,8.94,9.04,9.00,9.09,9.37,9.15,9.21,9.03,8.88,8.87,8.97,9.32,9.49,9.42,9.39,9.27,9.09,8.97,8.92,8.87,8.82,8.91,8.66,8.66,8.68,8.64,8.72,8.68,8.58,8.81,8.93,9.08,8.95,8.92,9.10,8.95,8.93,8.99,8.90,8.80,8.68,8.54,8.69,8.60,8.56,8.51,8.60,8.57,8.42,8.43,8.36,8.21,8.31,8.41,8.43,8.50,8.63,8.82,8.86,8.90,8.85,8.78,8.94,8.82,8.93,8.76,8.78,8.71,8.77,8.77,8.57,8.57,8.66,8.80,8.72,8.71,8.76,8.65,8.56,8.47,8.50,8.36,8.52,8.36,8.55,8.60,8.59,8.62,8.62,8.72,8.90,8.49,8.76,8.72,8.82,8.73,8.56,8.65,8.90,9.05,9.14,8.77,8.77,8.78,8.91,9.05,9.02,8.96,8.94,8.91,8.90,8.85,8.85,9.01,9.01,8.74,8.72
9.11,9.04,9.10,8.92,8.88,8.96,9.08,9.10,8.84,8.95,8.94,8.85,8.88,8.97,8.84,8.68,8.77,8.80,8.93,9.06,9.06,9.09,8.94,8.99,9.14,9.29,9.15,8.94,8.91,9.05,9.08,8.88,8.72,8.92,8.93,8.94,9.00,9.13,9.06,8.86,8.87,9.00,9.21,9.11,9.21,9.22,9.25,9.20,9.08,9.01,9.23,9.04,8.96,9.10,9.32,9.41,9.41,9.38,9.22,9.01,8.86,8.81,8.74,8.86,8.99,8.97,8.92,9.02,8.96,8.86,8.73,8.76,8.99,9.13,9.27,9.17,9.12,9.14,8.96,8.95,8.86,8.82,8.78,8.58,8.46,8.82,8.62,8.52,8.45,8.54,8.46,8.38,8.42,8.25,8.21,8.31,8.33,8.39,8.54,8.72,8.88,8.85,8.94,9.02,8.95,9.01,8.88,9.00,8.87,8.94,8.77,8.90,8.83,8.73,8.76,8.82,8.82,8.74,8.76,8.83,8.77,8.77,8.55,8.56,8.57,8.60,8.54,8.46,8.67,8.68,8.65,8.66,8.54,8.50,8.34,8.41,8.56,8.46,8.36,8.45,8.55,8.64,9.00,9.04,8.94,8.87,8.85,8.95,9.14,9.10,8.88,8.81,8.78,8.80,8.82,8.84,8.95,9.08,8.72,8.64
9.28,9.13,8.97,8.95,8.97,9.01,9.11,9.22,9.05,9.04,8.87,8.85,8.93,8.96,8.86,9.06,8.63,8.57,8.88,9.08,9.03,9.14,9.02,8.96,9.12,9.24,9.13,8.93,8.94,9.15,9.17,8.88,8.91,9.00,8.91,9.10,9.13,9.15,9.12,9.09,9.08,9.14,9.29,9.17,9.11,9.24,9.24,9.50,9.42,9.44,9.53,9.19,9.04,9.10,9.27,9.44,9.46,9.40,9.31,9.10,8.82,8.67,8.78,8.83,8.72,8.90,8.86,8.85,8.91,8.80,8.64,8.71,8.95,9.05,9.09,9.15,9.11,9.02,8.92,8.91,8.85,8.84,8.75,8.56,8.47,8.73,8.46,8.41,8.32,8.40,8.37,8.15,8.24,8.32,8.32,8.32,8.32,8.41,8.57,8.77,8.95,8.90,8.92,8.99,8.96,9.00,8.93,8.92,8.87,8.97,8.94,9.01,8.84,8.74,8.83,8.84,8.87,8.81,8.77,8.83,8.76,8.76,8.82,8.84,8.80,8.56,8.77,8.69,8.73,8.82,8.76,8.72,8.71,8.59,8.57,8.86,8.63,8.48,8.38,8.45,8.46,8.40,8.85,8.76,8.93,8.83,8.83,8.96,9.03,8.99,8.95,8.91,8.83,8.77,8.74,8.56,8.69,8.76,8.66,8.74
9.30,9.17,9.09,9.14,9.18,9.09,9.12,9.18,9.00,8.86,8.90,8.93,8.86,8.82,8.95,8.94,8.49,8.80,8.85,8.88,9.06,9.05,9.08,9.05,9.17,9.21,9.06,8.91,9.03,9.28,9.19,8.95,8.91,8.91,8.82,9.10,9.10,9.04,9.06,9.12,9.19,9.30,9.34,9.09,9.27,9.01,9.34,9.21,9.28,9.50,9.50,9.11,9.23,9.28,9.41,9.39,9.31,9.39,9.37,9.15,8.87,8.76,8.75,8.77,8.74,8.91,9.02,8.95,8.86,8.74,8.77,8.69,8.87,8.97,8.92,9.04,8.88,8.83,8.78,8.76,8.85,8.77,8.62,8.50,8.51,8.54,8.31,8.27,8.17,8.22,8.17,7.98,8.17,8.40,8.31,8.37,8.39,8.33,8.49,8.68,8.81,8.85,8.93,9.00,8.99,8.99,8.93,8.92,8.71,8.75,8.75,8.76,8.72,8.56,8.59,8.82,8.87,8.85,8.90,8.87,8.72,8.56,8.49,8.71,8.59,8.64,8.93,8.86,8.92,8.93,8.86,8.77,8.62,8.68,8.54,8.67,8.74,8.69,8.46,8.48,8.55,8.40,8.76,8.62,8.84,8.86,8.93,9.03,9.02,8.81,8.92,8.87,8.82,8.77,8.71,8.38,8.58,8.68,8.75,8.78
9.19,9.20,9.30,9.24,9.24,9.15,9.14,9.19,9.13,8.86,9.08,8.97,8.92,8.96,8.91,8.84,8.74,8.88,8.86,8.94,9.09,9.08,9.19,9.06,9.06,9.11,9.03,9.05,9.15,9.20,9.10,8.88,8.87,8.91,8.92,9.04,9.01,9.09,9.11,9.13,9.22,9.36,9.30,9.00,9.28,9.18,9.31,9.29,9.25,9.46,9.50,9.22,9.24,9.42,9.40,9.40,9.39,9.36,9.25,9.06,8.93,8.82,8.68,8.71,8.78,8.78,8.90,8.92,8.78,8.77,8.72,8.68,8.78,8.82,8.91,8.93,8.86,8.87,8.67,8.66,8.72,8.64,8.47,8.45,8.43,8.34,8.14,8.10,8.11,8.11,8.11,8.06,8.20,8.32,8.31,8.45,8.45,8.27,8.42,8.64,8.63,8.67,8.83,8.88,8.81,8.91,8.92,8.85,8.74,8.66,8.69,8.67,8.57,8.49,8.46,8.73,8.95,8.82,8.76,8.91,8.84,8.87,8.71,8.65,8.64,8.81,8.85,8.80,8.80,8.82,8.82,8.71,8.56,8.74,8.62,8.59,8.77,8.86,8.65,8.51,8.50,8.37,8.82,8.83,8.81,8.78,8.82,8.91,8.93,8.73,8.83,8.68,8.63,8.67,8.64,8.62,8.80,8.93,8.87,8.73
9.13,9.24,9.33,9.20,9.21,9.21,9.23,9.21,9.10,9.10,9.05,8.94,8.93,8.94,8.93,8.84,8.90,8.83,8.94,9.06,9.05,8.99,9.00,9.09,8.97,9.08,9.15,9.14,9.13,9.18,9.09,9.00,8.94,9.04,9.01,8.99,9.00,9.11,9.15,9.18,9.23,9.31,9.36,9.11,9.17,9.29,9.18,9.12,9.21,9.38,9.33,9.18,9.15,9.28,9.28,9.37,9.51,9.34,9.22,9.15,8.83,8.75,8.74,8.63,8.55,8.64,8.68,8.74,8.86,8.80,8.65,8.67,8.88,8.82,8.74,8.77,8.86,8.84,8.71,8.72,8.66,8.56,8.46,8.43,8.27,8.27,8.04,8.06,8.04,8.02,8.10,8.03,8.04,8.15,8.28,8.36,8.37,8.39,8.47,8.63,8.64,8.62,8.71,8.75,8.72,9.00,8.83,8.66,8.73,8.65,8.56,8.73,8.65,8.50,8.62,8.82,8.80,8.71,8.73,8.73,8.85,8.56,8.60,8.73,8.74,8.74,8.80,8.63,8.64,8.69,8.74,8.86,8.81,8.95,8.62,8.73,8.71,8.93,8.83,8.71,8.76,8.55,8.81,8.93,8.85,8.71,8.63,8.69,8.64,8.74,8.82,8.73,8.69,8.80,8.86,8.77,8.91,9.04,9.09,8.87
9.11,9.22,9.32,9.15,9.21,9.29,9.36,9.28,8.99,9.03,9.06,8.96,8.95,8.94,8.90,8.82,8.68,8.82,8.96,9.03,9.03,9.01,8.93,8.95,9.04,9.12,9.22,9.13,9.25,9.40,9.21,9.17,8.96,9.11,8.96,9.03,9.08,9.05,9.02,9.17,9.27,9.31,9.43,9.13,9.03,9.27,9.17,9.09,9.51,9.47,9.51,9.29,9.31,9.65,9.53,9.41,9.51,9.51,9.34,9.18,8.93,8.65,8.54,8.50,8.45,8.56,8.72,8.65,8.94,8.77,8.77,8.66,8.74,8.72,8.76,8.54,8.77,8.73,8.68,8.63,8.59,8.45,8.37,8.37,8.11,8.29,8.05,8.03,7.94,7.83,7.87,7.86,7.98,8.12,8.20,8.30,8.32,8.38,8.52,8.75,8.82,8.82,8.81,8.69,8.52,8.87,8.86,8.84,8.82,8.83,8.66,8.88,8.60,8.47,8.62,8.76,8.84,8.85,8.81,8.86,8.81,8.77,8.60,8.82,8.60,8.65,8.81,8.88,8.78,8.76,8.86,8.91,8.96,8.92,8.69,8.71,8.63,8.81,8.81,8.82,9.02,8.72,8.80,8.91,8.92,8.77,8.66,8.74,8.65,8.78,8.81,8.72,8.81,9.08,8.99,8.96,9.11,9.02,8.96,8.86
9.05,9.20,9.40,9.20,9.32,9.36,9.40,9.24,8.91,8.85,9.03,9.00,9.02,9.02,8.88,8.71,8.83,8.82,9.06,8.94,8.76,8.87,8.85,9.10,9.00,9.29,9.30,9.23,9.30,9.34,9.25,9.13,9.01,9.09,9.02,9.14,9.21,9.00,9.00,9.18,9.23,9.30,9.27,8.90,9.13,9.04,9.13,9.30,9.27,9.21,9.30,9.10,9.15,9.28,9.42,9.50,9.47,9.52,9.44,9.10,8.80,8.69,8.74,8.68,8.57,8.59,8.74,8.94,8.92,8.92,8.80,8.56,8.56,8.62,8.91,8.58,8.74,8.57,8.52,8.45,8.64,8.56,8.32,8.42,8.19,8.22,8.00,8.04,7.94,7.79,7.83,7.91,8.02,8.10,8.12,8.25,8.36,8.37,8.58,8.73,8.72,8.64,8.68,8.66,8.59,8.86,8.82,8.82,8.69,8.80,8.69,8.80,8.65,8.66,8.71,8.76,9.01,9.22,8.97,8.76,8.86,8.54,8.49,8.76,8.73,8.66,8.74,8.81,8.83,8.84,8.87,8.94,8.93,8.90,8.81,8.77,8.66,8.76,8.86,8.92,9.04,8.69,8.91,9.04,9.00,8.85,8.76,8.85,8.94,8.78,8.91,8.87,8.77,8.84,9.00,9.28,9.33,9.25,8.99,8.71
9.09,9.15,9.13,9.05,9.28,9.28,9.28,9.14,8.93,8.93,8.96,8.95,9.04,9.01,8.84,8.75,8.72,8.83,8.97,8.85,8.82,8.92,8.88,8.96,9.02,9.04,9.10,9.08,9.10,9.22,9.32,9.22,9.17,9.11,9.10,9.06,9.11,8.99,8.99,9.17,9.28,9.34,9.24,8.93,9.11,9.10,9.22,9.38,9.24,9.21,9.40,9.18,9.05,9.15,9.15,9.34,9.50,9.60,9.44,9.20,9.14,8.93,8.78,8.74,8.72,8.66,8.90,8.93,8.84,8.85,8.76,8.51,8.66,8.66,8.68,8.68,8.64,8.71,8.56,8.45,8.55,8.49,8.33,8.33,8.28,8.15,8.07,8.06,7.97,7.95,7.86,7.80,7.97,8.19,8.27,8.30,8.45,8.50,8.59,8.64,8.71,8.71,8.82,8.67,8.42,8.66,8.74,8.83,8.71,8.81,8.71,8.91,8.80,8.59,8.65,8.82,8.87,8.88,8.87,8.81,8.99,8.82,8.42,9.00,8.84,8.75,8.80,8.82,8.90,8.90,8.75,8.84,8.84,9.09,8.93,8.95,8.75,8.82,8.95,8.94,9.00,8.69,9.06,9.18,9.10,8.92,8.76,8.69,8.71,8.80,9.04,8.91,8.76,9.14,9.21,9.47,9.30,9.13,9.09,9.09
9.14,9.28,9.47,9.14,9.22,9.23,9.33,9.23,9.04,9.00,8.95,8.92,8.96,8.85,8.73,8.78,8.74,9.05,8.88,8.87,8.97,9.10,9.20,8.85,9.20,9.19,9.15,9.10,9.18,9.29,9.30,9.28,9.25,9.20,9.00,8.78,8.90,8.94,9.02,9.24,9.23,9.18,9.18,9.01,9.00,9.03,8.96,9.19,9.20,9.20,9.15,9.10,9.05,9.17,9.12,9.30,9.38,9.36,9.23,9.01,8.87,8.78,8.77,8.85,8.65,8.69,8.78,8.83,8.65,8.64,8.81,8.55,8.64,8.56,8.83,8.74,8.60,8.73,8.59,8.64,8.48,8.45,8.50,8.22,8.19,8.31,8.20,8.16,8.04,8.10,7.97,7.82,7.97,8.24,8.29,8.22,8.40,8.41,8.45,8.37,8.58,8.75,8.75,8.66,8.49,8.92,8.50,8.63,8.78,8.71,8.49,8.69,8.90,8.83,8.86,8.90,8.81,8.76,8.77,8.86,8.88,8.73,8.52,9.05,8.80,8.88,8.84,8.77,8.90,8.96,8.78,8.87,8.83,9.09,9.00,9.04,8.83,8.81,8.93,8.81,8.91,8.76,9.10,9.12,9.12,9.06,8.83,8.57,8.91,8.78,8.90,8.90,8.74,8.87,9.09,9.30,9.29,9.05,8.92,9.15
9.14,9.19,9.27,9.23,9.22,9.31,9.34,9.30,9.12,8.81,8.83,8.83,8.83,8.73,8.69,8.69,8.69,9.06,8.99,8.93,8.95,9.08,9.11,8.94,9.14,9.05,9.12,9.06,9.19,9.28,9.15,9.08,9.17,9.12,8.97,8.96,8.97,8.94,9.27,9.28,9.02,8.97,8.99,8.85,8.90,8.87,8.84,9.03,9.09,9.10,9.02,9.06,8.88,9.08,9.09,9.19,9.23,9.22,9.20,9.06,8.95,8.88,8.85,8.82,8.58,8.71,8.83,8.86,8.68,8.83,8.74,8.50,8.67,8.63,8.81,8.86,8.71,8.82,8.52,8.63,8.80,8.54,8.50,8.28,8.02,8.08,8.21,8.21,8.03,8.10,8.13,8.14,8.23,8.19,8.15,8.31,8.51,8.37,8.42,8.56,8.38,8.58,8.74,8.64,8.62,8.75,8.49,8.63,8.76,8.75,8.67,8.66,8.85,8.78,8.67,8.75,8.81,8.68,8.68,9.03,9.02,8.78,8.65,8.90,8.82,8.93,8.91,8.81,8.85,8.90,8.93,9.05,8.86,9.05,8.91,8.88,8.85,8.81,8.87,8.88,8.68,8.75,9.08,9.21,9.20,9.18,9.13,8.91,8.72,8.49,8.55,8.56,8.41,8.54,8.88,8.94,9.12,9.13,8.95,9.05
9.21,9.21,9.13,9.01,9.11,9.04,9.11,9.01,8.83,8.75,8.73,8.75,8.76,8.78,8.76,8.66,8.65,8.97,8.99,8.99,9.00,8.99,9.03,9.14,9.29,9.24,9.09,9.12,9.40,9.37,9.18,9.27,9.37,9.05,9.01,9.08,8.97,9.14,9.23,9.13,9.05,9.08,8.99,8.86,8.96,8.99,9.02,9.09,9.08,9.11,8.99,8.97,8.88,9.01,9.11,9.19,9.25,9.19,9.13,9.18,9.13,9.08,8.94,8.60,8.63,8.74,8.87,8.71,8.75,8.63,8.81,8.57,8.76,8.66,8.60,8.37,8.59,8.64,8.63,8.57,8.40,8.31,8.58,8.52,8.10,8.06,8.12,8.06,7.89,7.78,7.83,8.03,8.12,7.99,8.03,8.25,8.40,8.24,8.32,8.51,8.40,8.47,8.83,8.82,8.73,8.80,8.83,8.68,8.56,8.68,8.67,8.76,8.90,8.72,8.66,8.87,8.90,8.78,8.86,9.08,8.97,8.99,8.78,8.87,8.87,8.86,8.84,8.82,8.82,8.93,8.99,9.06,8.93,9.18,8.81,8.71,8.86,8.87,8.76,8.82,8.83,8.77,9.03,9.22,9.09,8.99,9.31,8.80,8.43,8.42,8.45,8.48,8.51,8.34,8.59,8.63,8.99,9.30,9.17,9.08
9.17,9.23,9.12,8.90,9.09,8.99,9.14,9.10,8.96,8.93,9.02,9.27,8.87,8.77,8.81,8.83,8.85,8.91,8.81,8.93,9.05,9.03,8.99,9.22,9.32,9.13,9.09,9.05,9.20,9.22,9.13,9.09,9.19,9.19,9.05,9.10,9.15,9.02,9.23,9.17,9.13,9.18,9.17,9.10,9.06,9.14,9.19,9.03,9.15,9.15,9.38,9.15,8.94,8.88,9.11,9.29,9.24,9.20,9.15,9.18,9.17,9.06,8.93,8.81,8.78,8.69,8.83,8.73,8.67,8.54,8.71,8.66,8.77,8.73,8.55,8.51,8.75,8.68,8.66,8.46,8.54,8.56,8.48,8.38,8.12,8.13,7.88,8.05,8.03,8.03,8.14,8.14,8.24,8.19,8.04,8.28,8.39,8.20,8.24,8.29,8.52,8.73,8.68,8.60,8.63,8.59,8.80,8.71,8.58,8.77,8.65,8.71,8.87,8.81,8.64,8.75,8.86,8.74,9.02,8.94,8.96,9.08,9.00,8.86,8.86,8.82,8.78,8.74,8.77,9.06,9.09,8.90,9.01,9.20,8.86,8.85,9.00,8.85,8.64,8.64,8.92,8.63,9.00,9.18,9.11,9.03,9.23,8.74,8.31,8.17,8.20,8.20,8.13,8.12,8.21,8.41,8.86,9.34,9.36,9.19
9.12,9.22,9.18,9.10,9.14,9.02,9.15,8.95,8.82,8.92,8.91,9.00,9.02,8.90,8.86,8.90,8.84,8.81,8.84,8.87,9.10,9.06,8.99,9.29,9.42,9.12,9.28,9.28,9.22,9.18,9.27,9.29,9.23,9.33,9.04,9.20,9.51,9.28,9.40,9.22,8.99,9.12,9.23,9.08,9.02,9.11,9.21,9.05,9.32,9.18,9.67,9.14,8.99,8.88,9.01,9.21,9.18,9.15,9.17,9.09,9.12,9.12,8.92,8.93,8.91,8.80,8.83,8.63,8.68,8.57,8.65,8.69,8.58,8.50,8.47,8.73,8.75,8.59,8.37,8.42,8.45,8.54,8.38,8.29,8.13,8.12,8.06,8.22,8.06,8.03,7.99,8.00,8.15,7.94,7.89,8.20,8.41,8.42,8.34,8.55,8.60,8.63,8.75,8.58,8.65,8.49,8.90,8.85,8.91,8.95,8.76,8.81,8.81,8.71,8.69,8.76,8.82,8.69,9.02,8.76,8.86,8.92,9.03,8.69,8.65,8.68,8.67,8.64,8.68,9.06,9.19,8.91,8.82,9.04,8.78,8.68,8.71,8.62,8.87,9.08,8.90,8.81,9.23,9.43,9.25,8.96,8.82,8.52,8.32,8.08,7.95,7.87,7.61,7.79,7.90,8.21,8.71,9.19,9.44,9.20
9.18,9.29,9.28,9.20,9.05,8.92,9.11,9.03,8.92,8.91,9.02,8.88,8.87,8.75,8.74,8.75,8.78,9.08,9.08,9.02,9.11,9.05,9.05,9.28,9.29,9.18,9.43,9.40,9.21,9.19,9.32,9.27,9.11,9.09,8.90,9.23,9.12,9.23,9.09,8.92,8.96,9.27,9.29,9.09,9.02,9.06,9.24,9.32,9.36,9.15,9.41,8.97,8.95,8.77,9.01,9.06,9.22,9.20,9.15,9.11,9.10,9.05,8.85,8.82,8.86,8.74,8.90,8.94,8.83,8.59,8.62,8.50,8.49,8.39,8.50,8.72,8.63,8.67,8.45,8.34,8.31,8.31,8.21,8.21,7.97,7.90,8.03,7.88,7.65,7.72,7.83,7.85,7.77,7.72,7.90,8.22,8.46,8.28,8.48,8.56,8.64,8.57,8.82,8.40,8.75,8.60,8.80,8.60,8.71,8.77,8.66,8.77,8.88,8.69,8.60,8.71,8.63,8.66,8.82,8.60,8.82,8.77,8.93,8.62,8.46,8.42,8.37,8.45,8.62,8.81,9.04,8.76,8.85,8.90,8.72,8.42,8.34,8.46,8.56,8.87,8.92,8.86,9.05,9.04,8.96,9.05,8.63,8.27,8.04,7.80,7.50,7.28,7.25,7.42,7.55,7.93,8.56,9.17,9.20,9.05
9.22,9.34,9.21,9.03,8.97,8.85,9.03,9.03,9.02,9.10,9.10,8.87,8.86,8.87,8.67,8.57,8.76,8.85,9.10,8.99,9.03,9.11,9.18,9.20,9.18,9.23,9.32,9.29,9.14,9.19,9.25,9.18,9.12,9.12,9.05,9.12,9.29,9.04,8.97,9.04,9.03,9.10,9.12,8.99,8.87,9.01,9.30,9.33,9.17,9.09,9.13,8.97,8.88,8.67,8.90,8.92,9.14,9.09,9.08,9.14,9.09,8.95,8.77,8.74,8.82,8.82,8.97,8.88,8.64,8.56,8.54,8.48,8.49,8.34,8.59,8.49,8.41,8.25,8.38,8.39,8.33,8.38,8.31,8.04,7.50,7.69,7.69,7.53,7.49,7.50,7.56,7.54,7.40,7.49,7.66,7.89,8.29,8.39,8.51,8.54,8.62,8.48,8.49,8.54,8.65,8.60,8.68,8.69,8.92,8.99,8.83,8.83,8.77,8.52,8.45,8.50,8.30,8.50,8.51,8.45,8.67,8.55,8.63,8.56,8.36,8.23,8.17,8.20,8.42,8.42,8.58,8.47,8.59,8.88,8.84,8.60,8.54,8.62,8.34,8.59,8.58,8.74,8.88,8.85,8.76,8.97,8.69,8.34,7.86,7.33,6.84,6.50,6.73,6.79,6.97,7.40,8.13,8.95,9.29,9.14
8.96,9.00,8.86,8.82,8.88,8.83,8.87,8.87,8.95,8.99,8.88,8.94,8.42,8.77,8.81,8.68,8.78,9.22,9.19,8.91,8.94,9.18,9.22,9.15,9.24,9.30,9.09,9.15,9.12,9.14,9.19,9.13,9.01,8.91,8.82,8.87,9.12,8.77,8.97,9.02,8.87,9.09,9.12,8.93,8.93,9.05,9.13,9.11,9.22,9.05,9.19,8.97,8.93,8.90,8.85,8.81,9.05,9.03,9.04,9.01,8.85,8.75,8.69,8.66,8.64,8.77,8.82,8.46,8.25,8.21,7.93,8.07,7.95,7.78,7.87,7.73,7.87,7.76,7.97,8.00,7.98,7.83,7.78,7.63,7.17,7.01,7.08,7.09,7.09,7.29,7.40,7.32,7.40,7.64,7.88,8.11,8.41,8.40,8.33,8.54,8.55,8.84,8.62,8.83,8.67,8.47,8.80,8.76,8.78,8.99,8.94,8.81,8.68,8.48,8.32,8.28,8.03,8.13,7.93,7.91,7.98,7.88,7.74,7.76,7.66,7.63,7.68,7.53,7.48,7.85,7.62,7.70,7.66,7.94,8.07,7.91,7.74,7.72,7.64,8.00,7.96,7.98,8.17,8.47,8.72,8.92,8.67,8.32,7.82,7.00,6.23,6.01,6.16,6.24,6.46,6.88,7.44,8.25,8.84,9.02
8.74,8.64,8.56,8.57,8.65,8.66,8.63,8.67,8.78,8.73,8.63,8.65,8.14,8.54,8.59,8.58,8.72,8.84,8.77,8.55,8.65,8.85,8.92,8.94,9.09,9.23,9.10,9.13,9.14,9.20,9.27,9.23,9.10,8.93,8.88,8.87,8.93,9.11,9.30,8.97,8.99,9.28,9.05,8.81,8.95,9.06,9.05,9.13,9.28,9.04,9.29,8.95,8.96,9.09,9.04,8.88,9.17,9.12,9.03,8.92,8.83,8.73,8.59,8.51,8.46,8.54,8.22,7.53,7.30,7.22,6.97,7.13,6.99,7.18,6.97,6.79,6.81,6.77,6.89,7.12,7.18,7.05,6.88,6.94,6.86,6.70,6.63,6.62,6.63,6.70,6.93,7.31,7.64,7.68,7.89,8.19,8.40,8.40,8.40,8.51,8.54,8.68,8.58,8.60,8.76,8.54,8.82,8.86,8.73,8.92,8.91,8.69,8.65,8.63,8.38,8.20,7.65,7.52,7.01,6.92,6.99,6.90,6.84,6.70,6.51,6.61,6.81,6.47,6.56,6.61,6.68,6.78,6.56,6.61,6.88,6.99,6.89,6.86,7.01,7.13,7.07,7.08,7.37,7.86,8.39,8.84,8.50,8.03,7.56,6.63,5.39,5.40,5.57,6.16,6.35,6.52,7.07,7.85,8.39,8.82
8.64,8.39,8.34,8.39,8.40,8.29,8.28,8.36,8.45,8.34,8.16,8.16,7.90,8.15,8.21,8.14,8.12,8.32,8.74,8.51,8.74,8.91,9.04,9.18,9.18,9.10,9.20,9.13,9.15,9.30,9.28,9.24,9.15,9.03,9.02,9.03,8.97,9.05,9.17,9.09,9.22,9.20,8.95,8.84,8.80,8.77,8.97,9.22,9.44,9.08,9.17,8.63,9.09,8.90,9.06,8.99,9.13,9.09,8.99,8.92,8.94,8.86,8.60,8.30,8.07,7.89,7.32,6.61,6.41,6.44,6.41,6.32,6.30,6.43,6.24,6.22,6.17,6.29,6.39,6.43,6.29,6.29,6.44,6.43,6.39,6.46,6.43,6.36,6.32,6.47,6.85,7.42,7.94,7.99,8.08,8.25,8.57,8.50,8.48,8.48,8.57,8.73,8.64,8.40,8.67,8.60,8.85,8.83,8.80,8.85,8.77,8.66,8.66,8.63,8.45,8.15,7.18,6.74,6.24,6.36,6.18,6.33,6.48,6.35,6.08,5.92,5.91,6.13,6.24,6.08,6.26,6.29,6.20,6.23,6.26,6.24,6.23,6.21,6.41,6.56,6.47,6.46,6.69,7.15,7.73,8.36,8.23,8.03,7.40,6.35,5.33,5.32,5.66,5.88,6.04,6.23,6.66,7.45,7.96,8.48
8.42,8.07,7.81,7.71,7.66,7.58,7.44,7.60,7.71,7.61,7.53,7.58,7.40,7.56,7.55,7.39,7.40,7.72,8.06,8.14,8.41,8.67,8.93,9.02,8.99,8.97,9.05,9.02,9.17,9.20,9.18,9.14,9.06,9.03,9.10,9.08,8.93,8.80,9.23,9.15,9.19,9.31,9.24,9.09,9.02,9.02,9.03,9.10,9.12,9.14,8.83,8.64,9.12,8.84,8.95,8.93,8.88,8.99,9.01,8.86,8.82,8.83,8.52,7.93,7.33,6.83,6.39,6.10,6.11,6.10,6.16,6.00,6.04,6.00,6.04,5.99,5.86,6.25,6.16,6.09,5.88,5.82,6.06,6.20,6.13,6.08,6.14,6.18,6.10,6.37,7.00,7.61,8.21,8.34,8.45,8.41,8.60,8.49,8.56,8.58,8.64,8.74,8.60,8.43,8.62,8.62,8.84,8.73,8.78,8.83,8.67,8.63,8.72,8.56,8.33,8.03,7.31,6.58,6.11,6.21,6.15,6.08,6.24,6.35,6.17,5.93,5.85,5.95,6.16,6.06,6.28,6.16,6.00,6.06,6.06,5.85,5.91,6.04,6.20,6.22,6.30,6.23,6.22,6.52,7.15,7.70,7.87,7.49,7.04,6.68,6.16,5.64,5.91,5.92,6.00,6.25,6.59,7.26,7.80,8.17
7.55,7.37,6.89,6.73,6.68,6.60,6.53,6.63,6.65,6.81,6.99,6.97,6.75,6.84,6.86,6.89,7.06,7.31,7.49,7.70,7.88,8.16,8.58,8.96,9.18,9.22,9.14,9.09,9.08,9.02,9.20,9.18,9.01,8.99,9.08,9.02,8.85,8.65,9.17,9.00,9.02,9.33,9.23,9.15,9.04,8.91,9.01,8.97,8.96,8.74,9.10,9.02,9.12,9.02,8.65,9.03,9.08,9.12,9.06,8.86,8.73,8.56,8.12,7.40,6.54,5.87,5.80,5.82,6.09,5.93,6.02,6.00,6.16,6.08,6.30,6.10,6.04,6.35,6.11,5.95,5.85,5.80,5.84,5.99,6.13,5.96,5.96,6.01,6.06,6.55,7.26,7.89,8.50,8.54,8.67,8.66,8.50,8.47,8.72,8.76,8.66,8.73,8.56,8.56,8.66,8.71,8.78,8.77,8.86,8.99,8.78,8.55,8.62,8.57,8.32,8.13,7.33,6.50,5.93,5.99,6.14,6.00,6.06,6.03,5.88,6.00,6.03,5.82,6.14,6.07,6.09,6.00,5.96,6.02,5.99,5.81,5.95,6.13,6.17,6.04,6.16,6.15,6.10,6.43,6.53,6.92,7.44,7.80,7.69,7.17,6.68,6.40,6.48,6.23,6.17,6.53,6.77,7.29,7.82,8.07
6.82,6.67,6.32,6.17,6.22,6.28,6.13,6.31,6.20,6.29,6.43,6.48,6.43,6.30,6.56,6.75,6.93,7.14,7.36,7.63,7.81,8.22,8.72,8.97,9.01,8.97,9.05,9.09,9.10,8.93,9.03,8.95,8.92,8.93,8.99,9.04,8.97,8.83,8.96,8.84,8.97,9.34,9.11,9.02,8.97,8.99,9.17,9.20,9.03,9.11,9.12,9.01,9.23,9.09,8.80,9.03,8.81,8.99,8.86,8.74,8.59,8.22,7.54,6.75,6.04,5.64,5.73,5.61,6.00,6.03,6.08,6.16,6.25,6.25,6.43,6.11,6.38,6.44,6.29,5.91,5.86,5.82,5.67,5.81,6.14,5.96,5.87,5.94,6.24,6.91,7.57,8.17,8.59,8.54,8.54,8.68,8.47,8.52,8.66,8.87,8.59,8.88,8.62,8.66,8.63,8.80,8.86,8.80,8.77,8.81,8.75,8.62,8.55,8.51,8.52,8.38,7.76,6.84,6.20,6.11,6.31,6.13,6.14,6.32,6.17,6.08,6.09,6.17,6.22,6.25,6.16,6.08,6.09,6.14,6.09,6.07,6.23,6.15,5.96,6.13,6.14,5.97,5.93,6.16,6.22,6.53,6.99,7.42,7.65,7.55,7.41,7.16,7.12,6.83,6.62,6.97,7.15,7.45,7.94,8.10
6.50,6.21,6.10,5.99,6.06,6.08,6.00,6.41,6.02,6.07,6.31,6.40,6.31,6.54,6.67,6.84,7.06,7.31,7.66,7.97,8.20,8.60,8.78,8.99,8.92,8.81,9.01,9.01,8.88,9.06,8.93,9.03,8.87,8.95,9.08,9.02,9.06,9.04,9.02,8.84,8.94,9.18,8.99,8.88,8.87,8.94,9.08,9.05,8.97,9.02,9.14,9.15,9.30,9.01,8.94,8.83,8.69,8.83,8.64,8.59,8.33,7.55,6.67,6.15,6.00,6.01,5.94,5.79,6.03,6.33,6.26,6.53,6.45,6.25,6.32,6.03,6.46,6.67,6.63,6.24,6.14,6.00,5.82,6.13,6.24,6.06,5.97,6.20,6.66,7.29,7.90,8.33,8.50,8.48,8.28,8.45,8.40,8.51,8.48,8.82,8.63,8.73,8.48,8.62,8.48,8.50,8.69,8.72,8.80,8.81,8.71,8.69,8.52,8.68,8.41,8.14,7.85,7.24,6.32,6.23,6.41,6.35,6.40,6.60,6.55,6.47,6.41,6.33,6.54,6.60,6.55,6.43,6.39,6.46,6.50,6.50,6.51,6.45,6.23,6.31,6.46,6.50,6.44,6.40,6.65,6.92,7.15,7.49,7.82,7.89,8.05,7.90,7.70,7.50,7.41,7.58,7.66,7.74,8.07,8.19
6.50,6.11,6.13,6.18,6.22,6.10,6.04,6.44,6.24,6.36,6.44,6.58,6.86,7.07,7.18,7.42,7.55,7.79,8.15,8.40,8.65,8.81,8.81,8.96,8.88,8.76,8.75,8.72,8.64,8.66,8.90,8.85,8.95,8.91,8.83,8.87,8.81,8.82,9.12,8.90,8.78,8.86,8.88,8.84,8.78,8.78,8.82,8.81,8.77,8.74,8.96,8.75,9.12,8.73,8.62,8.62,8.66,8.58,8.48,8.42,8.05,7.60,6.99,6.39,6.39,6.69,6.70,6.58,6.62,6.63,6.56,7.01,7.15,6.77,6.75,6.65,6.81,7.09,7.17,6.89,6.89,6.73,6.63,6.83,6.73,6.58,6.61,6.76,7.17,7.74,8.22,8.43,8.41,8.50,8.24,8.36,8.34,8.37,8.63,8.73,8.63,8.67,8.65,8.54,8.46,8.48,8.49,8.49,8.66,8.81,8.57,8.36,8.52,8.60,8.45,8.17,8.07,7.73,7.15,6.92,6.83,6.76,6.86,7.02,6.89,7.05,6.99,6.61,6.99,7.12,7.05,6.84,6.85,7.08,6.99,6.92,6.81,6.91,6.83,6.81,6.97,6.97,6.68,6.70,6.99,7.17,7.32,7.63,8.04,8.08,8.20,8.20,8.08,8.03,8.17,8.29,8.04,7.97,8.19,8.41
6.79,6.44,6.36,6.59,6.58,6.38,6.28,6.58,6.74,6.85,7.00,7.17,7.33,7.47,7.81,7.85,7.95,8.22,8.49,8.59,8.78,8.77,8.74,8.84,8.74,8.60,8.67,8.71,8.65,8.62,8.66,8.87,8.78,8.69,8.83,8.82,8.67,8.77,8.97,8.87,8.68,8.69,8.74,8.76,8.72,8.62,8.59,8.63,8.66,8.60,8.68,8.66,8.62,8.45,8.38,8.54,8.67,8.50,8.45,8.20,7.95,7.69,7.39,7.24,7.37,7.49,7.52,7.65,7.47,7.34,7.30,7.39,7.48,7.69,7.56,7.52,7.45,7.64,7.56,7.26,7.50,7.48,7.32,7.30,7.29,7.22,7.24,7.26,7.48,8.03,8.46,8.54,8.21,8.27,8.27,8.24,8.15,8.51,8.49,8.66,8.58,8.78,8.64,8.40,8.41,8.50,8.47,8.49,8.71,8.73,8.46,8.49,8.52,8.40,8.17,8.21,8.07,8.11,7.70,7.50,7.41,7.33,7.38,7.47,7.38,7.47,7.39,7.24,7.40,7.56,7.53,7.36,7.39,7.56,7.36,7.34,7.22,7.47,7.50,7.53,7.63,7.55,7.14,7.23,7.20,7.36,7.50,7.69,7.98,8.14,8.11,8.11,8.17,8.31,8.38,8.22,8.02,8.17,8.28,8.23
6.88,7.04,6.81,6.98,7.06,6.90,6.77,6.90,7.24,7.28,7.44,7.62,7.74,7.78,8.14,8.25,8.41,8.58,8.63,8.58,8.77,8.65,8.59,8.67,8.58,8.51,8.47,8.41,8.46,8.48,8.51,8.62,8.42,8.45,8.57,8.60,8.51,8.38,8.72,8.69,8.59,8.62,8.55,8.62,8.59,8.55,8.45,8.38,8.50,8.50,8.42,8.42,8.27,8.13,8.31,8.56,8.62,8.52,8.51,8.42,8.16,8.07,8.02,7.95,7.93,7.88,7.91,8.03,7.98,7.78,7.72,7.94,7.74,7.93,8.11,8.13,7.91,8.02,7.99,7.79,7.81,7.78,7.64,7.74,7.74,7.64,7.61,7.64,7.89,8.28,8.43,8.52,8.46,8.41,8.41,8.47,8.37,8.50,8.56,8.65,8.46,8.60,8.62,8.56,8.50,8.38,8.40,8.39,8.42,8.65,8.64,8.54,8.67,8.47,8.17,8.27,8.28,8.20,7.96,7.90,7.89,7.82,7.79,7.78,7.88,7.78,7.70,7.82,7.80,7.79,7.87,7.87,7.80,7.89,7.86,7.91,7.83,7.90,7.72,7.66,7.88,8.00,7.68,7.68,7.70,7.66,7.71,7.80,7.87,8.16,8.17,8.19,8.20,8.13,8.07,8.29,8.12,8.08,8.20,8.25
7.70,7.90,7.66,7.69,7.66,7.53,7.39,7.36,7.65,7.74,7.87,8.03,8.17,8.29,8.38,8.13,8.42,8.50,8.41,8.48,8.67,8.50,8.62,8.56,8.54,8.45,8.29,8.25,8.45,8.41,8.39,8.57,8.47,8.48,8.54,8.39,8.10,8.13,8.56,8.73,8.25,8.52,8.40,8.51,8.45,8.50,8.38,8.17,8.33,8.32,8.20,8.15,8.04,8.06,8.10,8.30,8.45,8.40,8.41,8.36,8.19,8.08,8.07,7.99,8.08,8.25,8.16,8.19,8.16,8.02,7.99,8.06,8.20,8.45,8.31,8.27,8.42,8.22,8.34,8.10,8.20,8.22,8.16,8.22,8.13,8.00,8.03,8.04,8.00,8.08,8.25,8.30,8.38,8.41,8.46,8.48,8.25,8.46,8.43,8.32,8.45,8.55,8.42,8.48,8.37,8.22,8.38,8.39,8.29,8.52,8.59,8.39,8.47,8.48,8.22,8.42,8.27,8.20,8.12,8.13,8.12,8.08,8.12,8.00,8.07,8.08,8.17,8.12,8.03,8.14,8.31,8.37,8.30,8.29,8.43,7.95,7.99,8.27,8.14,7.99,8.07,8.14,8.13,8.05,8.20,8.14,7.99,8.05,8.19,8.28,8.19,8.10,8.14,8.25,8.05,8.06,8.07,8.10,8.16,8.23
8.16,8.15,8.10,8.34,7.83,7.81,7.85,7.86,8.06,8.28,8.38,8.32,8.29,8.45,8.46,8.14,8.42,8.40,8.34,8.42,8.59,8.72,8.52,8.42,8.41,8.31,8.25,8.34,8.54,8.34,8.30,8.38,8.37,8.30,8.21,8.10,8.03,8.00,8.14,8.32,8.24,8.32,8.11,8.17,8.03,8.33,8.40,8.25,8.27,8.12,7.99,8.00,7.85,8.03,7.90,8.12,8.19,8.14,8.28,8.22,8.04,8.05,8.13,8.11,8.15,8.29,8.32,8.42,8.47,8.34,8.10,8.21,8.38,8.60,8.82,8.46,8.49,8.63,8.46,8.38,8.52,8.30,8.34,8.47,8.32,8.30,8.31,8.22,8.22,8.32,8.37,8.38,8.52,8.47,8.19,8.16,8.12,8.31,8.29,8.29,8.32,8.40,8.43,8.38,8.24,8.22,8.37,8.33,8.11,8.27,8.41,8.38,8.52,8.46,8.29,8.52,8.40,8.28,8.19,8.14,8.19,8.25,8.34,8.12,7.99,8.13,8.06,8.28,8.29,8.19,8.22,8.23,8.10,8.21,8.38,8.25,8.14,8.34,8.40,8.28,8.25,8.19,8.27,8.32,8.39,8.38,8.29,8.28,8.49,8.34,8.20,8.15,8.14,8.06,8.15,8.03,8.06,8.12,8.17,8.27
8.40,8.56,8.73,8.81,8.73,8.38,8.24,8.37,8.41,8.57,8.74,8.37,8.28,8.48,8.39,8.21,8.56,8.49,8.39,8.36,8.27,8.27,8.13,8.02,8.07,8.03,8.03,8.20,8.37,8.28,8.16,8.11,8.14,8.14,8.10,8.00,7.90,7.85,7.98,8.21,8.13,8.14,8.13,8.20,8.15,8.24,8.39,8.37,8.15,7.90,7.83,7.89,7.74,7.91,7.91,7.90,7.87,7.85,7.96,8.00,7.86,7.93,8.04,8.07,8.19,8.29,8.32,8.40,8.42,8.29,8.21,8.30,8.50,8.51,8.47,8.41,8.49,8.51,8.51,8.50,8.62,8.38,8.46,8.50,8.34,8.17,8.15,8.27,8.38,8.45,8.46,8.27,8.32,8.49,8.20,8.02,8.04,8.25,8.30,8.36,8.39,8.37,8.45,8.40,8.23,8.28,8.47,8.46,8.30,8.27,8.27,8.41,8.71,8.54,8.38,8.51,8.68,8.47,8.14,8.06,8.16,8.27,8.31,8.11,8.19,8.17,7.99,8.15,8.10,8.15,8.27,8.14,8.22,8.36,8.56,8.42,8.21,8.30,8.36,8.24,8.22,8.23,8.25,8.34,8.33,8.20,8.15,8.47,8.50,8.28,8.30,8.41,8.37,8.15,8.13,8.21,8.10,8.05,8.14,8.25
8.58,8.73,8.84,8.87,8.90,8.57,8.21,8.08,8.39,8.65,8.57,8.28,8.38,8.50,8.28,8.04,8.43,8.40,8.28,8.19,8.16,8.04,8.16,7.82,8.07,7.94,7.83,7.94,8.07,8.15,7.94,8.06,7.95,8.07,8.10,7.91,7.76,7.83,7.98,7.90,7.86,7.91,8.00,8.13,7.87,7.91,8.08,8.08,8.03,7.99,7.97,7.93,7.88,7.90,7.93,7.62,7.69,7.66,7.65,7.70,7.65,7.73,7.79,7.99,8.21,8.22,8.21,8.23,8.31,8.28,8.24,8.37,8.49,8.54,8.46,8.38,8.29,8.59,8.57,8.46,8.49,8.32,8.33,8.28,8.30,8.29,8.27,8.32,8.42,8.57,8.56,8.42,8.31,8.50,8.25,8.24,8.08,8.38,8.28,8.30,8.20,8.16,8.23,8.31,8.17,8.25,8.50,8.49,8.48,8.45,8.25,8.48,8.64,8.71,8.43,8.51,8.72,8.52,8.19,8.12,8.25,8.22,8.04,8.02,8.16,8.11,8.11,8.06,8.03,8.14,8.31,8.20,8.29,8.41,8.45,8.27,8.08,8.15,8.22,8.04,8.00,8.10,8.28,8.16,8.11,8.20,8.24,8.28,8.34,8.32,8.24,8.25,8.31,8.27,8.12,8.23,8.15,8.00,8.16,8.22
8.62,8.66,8.74,8.65,8.68,8.46,8.27,8.23,8.28,8.41,8.51,8.32,8.31,8.39,8.25,7.87,8.28,8.30,8.14,8.02,7.99,7.96,7.79,7.71,7.78,7.62,7.77,8.04,8.11,7.93,7.90,8.04,7.95,8.02,7.98,7.77,7.70,7.88,7.99,7.82,7.87,8.02,7.87,8.12,7.99,8.25,8.37,8.41,8.42,8.31,8.17,7.89,7.99,7.89,7.81,7.53,7.72,7.73,7.66,7.61,7.62,7.71,7.73,7.98,8.17,8.15,8.14,8.16,8.27,8.30,8.17,8.21,8.32,8.40,8.49,8.41,8.29,8.40,8.41,8.40,8.31,8.23,8.25,8.17,8.15,8.21,8.27,8.30,8.38,8.55,8.45,8.51,8.45,8.32,8.24,8.39,8.14,8.36,8.19,8.22,8.25,8.20,8.15,8.14,8.13,8.23,8.42,8.40,8.33,8.41,8.37,8.64,8.52,8.82,8.54,8.52,8.74,8.54,8.19,8.25,8.41,8.13,7.98,8.14,8.22,8.12,8.00,8.16,8.21,8.17,8.28,8.30,8.30,8.38,8.25,8.08,7.99,8.02,8.07,8.10,8.03,8.05,8.13,8.19,8.20,8.21,8.29,8.33,8.52,8.43,8.27,8.15,8.12,8.19,8.12,8.10,8.10,8.13,8.36,8.27
8.46,8.57,8.58,8.28,8.45,8.48,8.42,8.32,8.29,8.33,8.30,8.05,8.37,8.56,8.40,8.16,8.39,8.23,8.03,7.94,7.94,7.95,7.78,7.70,7.85,7.78,7.77,8.05,8.21,7.98,7.97,7.80,8.10,8.04,7.83,7.68,7.70,7.83,7.93,7.89,7.98,7.96,7.95,8.11,8.04,8.23,8.39,8.54,8.54,8.37,8.22,8.04,7.77,7.89,8.19,7.55,7.87,7.77,7.76,7.91,7.93,7.89,7.94,8.04,8.13,8.12,8.05,8.12,8.21,8.32,8.19,8.11,8.23,8.36,8.46,8.27,8.30,8.24,8.19,8.33,8.24,8.24,8.17,8.11,8.11,8.13,8.22,8.24,8.20,8.30,8.29,8.45,8.34,8.24,8.19,8.24,8.27,8.24,8.13,8.15,8.34,8.37,8.23,8.08,8.13,8.29,8.36,8.39,8.31,8.31,8.39,8.71,8.72,8.69,8.55,8.71,8.84,8.60,8.23,8.16,8.24,7.99,7.87,8.04,8.11,8.07,7.99,8.14,8.21,8.12,8.21,8.30,8.21,8.28,8.28,8.20,8.14,8.12,8.06,8.05,8.04,7.98,8.22,8.24,8.23,8.31,8.27,8.39,8.55,8.40,8.23,8.19,8.13,8.12,8.12,8.07,8.06,8.13,8.31,8.12
8.45,8.49,8.37,8.13,8.37,8.46,8.28,8.30,8.39,8.37,8.41,8.15,8.39,8.52,8.32,7.96,8.37,8.12,7.97,7.95,7.93,7.85,7.76,7.66,7.85,7.74,7.64,7.85,7.96,7.82,7.65,7.56,8.00,7.85,7.94,7.74,7.60,7.70,7.82,7.90,7.95,7.87,7.94,8.06,8.06,8.32,8.54,8.52,8.56,8.64,8.47,8.20,8.06,7.95,8.03,8.06,7.77,7.93,8.11,7.78,8.00,7.96,7.94,8.13,8.20,8.05,7.95,8.02,8.10,8.24,8.29,8.17,8.22,8.41,8.47,8.16,8.31,8.29,8.19,8.33,8.32,8.31,8.13,8.05,8.15,8.15,8.16,8.24,8.16,8.13,8.25,8.33,8.16,8.25,8.12,8.12,8.25,8.22,8.22,8.20,8.17,8.30,8.23,8.16,8.20,8.24,8.36,8.42,8.68,8.40,8.59,8.55,8.54,8.73,8.60,8.41,8.52,8.56,8.24,8.10,8.29,8.02,8.03,8.11,8.15,8.08,7.98,8.06,8.14,8.08,8.16,8.19,8.08,8.15,8.24,8.13,8.12,8.30,8.29,8.02,7.88,7.91,7.87,7.95,8.05,8.14,8.17,8.38,8.42,8.30,8.13,8.14,8.32,8.36,8.25,8.15,8.07,7.96,8.22,7.98
8.16,8.16,8.32,8.45,8.45,8.22,8.10,8.19,8.25,8.30,8.47,8.21,8.46,8.55,8.36,8.15,8.32,8.32,8.11,8.00,7.82,7.65,7.70,7.71,7.72,7.60,7.68,7.89,8.04,7.95,7.69,7.77,7.95,7.93,8.11,8.03,7.82,7.71,7.77,7.86,7.86,7.83,7.85,8.02,8.06,8.49,8.52,8.42,8.52,8.62,8.49,8.41,8.38,8.30,8.20,8.22,8.20,8.15,8.19,8.06,8.24,8.08,8.05,8.10,8.06,7.99,7.94,8.02,8.17,8.13,8.30,8.11,8.17,8.27,8.50,8.29,8.45,8.31,8.32,8.39,8.45,8.29,8.14,8.15,8.19,8.15,8.14,8.27,8.30,8.11,8.30,8.22,8.16,8.16,8.02,8.10,7.98,8.21,8.28,8.40,8.38,8.41,8.31,8.31,8.40,8.31,8.32,8.47,8.50,8.47,8.52,8.51,8.58,8.60,8.56,8.33,8.45,8.59,8.39,8.27,8.32,8.04,8.16,8.16,8.11,8.07,7.96,7.95,8.11,8.14,8.14,8.13,8.27,8.21,8.22,8.14,8.05,8.12,8.22,7.95,7.98,8.07,8.05,7.99,7.99,8.05,8.17,8.31,8.31,8.28,8.25,8.05,7.95,7.99,8.14,8.13,7.99,8.03,8.30,7.91
8.28,8.37,8.33,8.36,8.59,8.51,8.29,7.97,7.96,8.21,8.30,8.14,8.27,8.52,8.41,8.14,8.34,8.47,8.27,8.08,7.89,7.78,7.78,7.78,7.65,7.58,7.74,7.91,7.98,7.83,7.70,7.86,7.93,7.89,8.06,7.90,7.89,7.95,7.78,7.73,7.96,7.85,7.98,7.97,7.98,8.40,8.40,8.31,8.47,8.54,8.43,8.41,8.37,8.33,8.13,8.40,8.29,8.22,8.06,7.89,7.89,7.80,7.89,8.04,7.97,7.87,7.97,8.15,8.19,7.99,8.10,7.99,8.24,8.27,8.46,8.33,8.41,8.20,8.30,8.42,8.41,8.21,8.21,8.33,8.21,8.15,8.24,8.19,8.24,8.05,8.24,8.15,8.03,8.08,8.07,7.96,7.93,8.05,7.96,8.14,8.16,8.25,8.29,8.32,8.31,8.07,8.22,8.52,8.43,8.36,8.55,8.29,8.34,8.46,8.46,8.36,8.46,8.58,8.38,8.27,8.20,8.14,8.07,8.11,8.05,8.00,7.96,7.88,7.93,8.06,8.21,8.28,8.30,8.13,8.32,8.24,7.99,8.14,8.28,7.95,8.02,8.05,8.05,8.04,7.99,8.08,8.34,8.22,8.22,8.30,8.29,8.37,8.17,8.08,8.12,8.12,7.98,7.86,8.16,7.99
8.29,8.37,8.32,8.32,8.37,8.17,7.97,7.88,8.08,8.24,8.15,8.02,8.14,8.42,8.25,8.06,8.20,8.28,7.90,7.99,7.85,7.50,7.42,7.63,7.73,7.70,7.76,7.83,7.85,7.82,7.83,7.86,7.91,7.77,7.96,7.90,7.98,7.96,7.83,7.88,8.05,8.05,7.87,8.02,7.96,8.21,8.37,8.23,8.39,8.51,8.43,8.33,8.28,8.22,8.20,8.38,8.30,8.06,8.05,7.91,7.78,7.88,7.86,7.89,7.98,8.07,8.10,8.10,8.13,8.07,8.03,8.14,8.21,8.50,8.40,8.32,8.10,8.27,8.43,8.42,8.21,8.17,8.31,8.34,8.21,8.23,8.28,8.07,8.04,8.28,8.38,8.06,8.24,8.23,8.15,8.22,8.30,8.10,8.11,8.23,8.20,8.32,8.32,8.11,8.06,8.03,8.28,8.41,8.37,8.12,8.40,8.20,8.36,8.37,8.42,8.39,8.42,8.54,8.39,8.14,8.11,8.30,8.00,8.04,8.24,8.07,7.91,8.03,8.02,8.07,8.38,8.05,8.15,8.25,8.30,8.10,7.87,8.16,8.13,8.06,7.97,7.98,7.94,7.90,7.98,8.04,8.38,8.41,8.36,8.31,8.17,8.14,8.13,8.14,8.11,8.07,8.06,7.90,8.03,8.05
8.38,8.34,8.25,8.29,8.31,8.02,8.00,7.95,8.24,8.43,8.28,7.96,8.29,8.30,8.10,8.03,8.20,8.24,7.87,7.96,7.64,7.60,7.76,7.60,7.70,7.63,7.72,7.81,7.82,7.83,7.85,7.81,7.85,7.85,7.83,7.87,7.85,7.96,8.05,8.11,8.14,8.06,8.29,8.46,8.06,8.42,8.33,8.22,8.31,8.42,8.36,8.30,8.27,8.14,8.24,8.37,8.25,8.10,8.15,8.02,7.71,7.72,7.81,7.95,8.14,8.21,8.08,8.10,8.22,8.17,8.27,8.15,8.32,8.41,8.48,8.27,8.29,8.22,8.25,8.32,8.39,8.36,8.17,8.25,8.23,8.10,8.21,8.19,8.06,8.07,8.12,8.02,8.04,8.07,7.96,7.88,8.02,8.02,8.13,8.20,8.19,8.28,8.29,8.19,8.24,8.29,8.36,8.43,8.65,8.21,8.30,8.29,8.41,8.31,8.38,8.48,8.46,8.48,8.38,8.14,8.19,8.25,8.12,8.06,8.14,8.11,8.03,8.06,7.94,7.85,8.27,8.47,8.23,8.30,8.34,8.19,8.05,8.17,7.97,8.17,7.97,7.98,8.05,8.00,8.11,8.27,8.31,8.19,8.05,8.03,7.98,7.98,7.98,8.08,8.12,8.05,8.04,8.05,8.06,8.05
