2.87,2.65,2.66,2.37,1.95,1.45,1.29,1.28,1.05,0.80,0.25,-0.18,-0.78,-1.36,-1.55,-1.60,-2.17,-1.94,-1.80,-1.76,-1.42,-0.91,-0.68,-0.41,0.08,0.35,0.61,1.14,1.62,1.70,1.46,1.17,0.94,0.65,0.36,0.32,0.30,-0.05,-0.02,0.41,0.60,0.56,0.39,0.50,0.60,0.87,1.25,1.31,1.53,1.80,1.91,2.11,2.22,2.32,2.22,2.29,2.29,2.30,2.19,2.10,2.00,1.67,1.55,1.49,1.44,1.80,1.77,1.42,1.78,1.67,1.78,1.96,2.00,1.91,1.77,1.57,1.87,2.66,3.19,3.35,3.33,3.15,2.66,1.40,0.78,-0.20,-0.74,-0.79,-1.07,-1.30,-1.61,-1.69,-1.86,-1.91,-1.99,-2.04,-1.95,-1.95,-2.07,-2.10,-2.00,-1.93,-1.97,-2.17,-2.17,-2.27,-2.12,-2.22,-2.23,-2.14,-2.08,-2.12,-2.19,-2.23,-2.39,-2.23,-2.18,-2.05,-2.32,-2.23,-2.17,-2.30,-2.39,-2.27,-2.32,-2.08,-2.13,-2.31,-2.26,-1.99,-1.94,-2.05,-2.02,-1.83,-2.07,-1.81,-1.50,-1.46,-1.53,-1.59,-1.66,-1.86,-1.85,-1.89,-1.64,-1.32,-1.19,-1.36,-1.84,-1.75,-1.66,-1.67,-1.66,-1.56,-1.35,-1.47,-1.24,-1.06,-1.17,-1.31
2.78,2.46,2.52,2.46,1.89,1.15,0.76,0.63,0.21,-0.33,-1.12,-1.74,-2.24,-2.47,-1.81,-1.33,-1.56,-1.61,-1.48,-1.35,-0.92,-0.36,-0.23,0.09,0.58,0.92,1.07,1.32,1.84,2.01,1.94,1.29,0.87,0.79,0.61,0.30,0.15,0.02,-0.06,0.14,0.29,0.46,0.45,0.55,0.63,0.78,1.05,1.14,1.38,1.60,1.70,1.89,2.00,2.42,2.45,2.49,2.34,2.22,2.13,2.07,2.02,1.79,1.56,1.39,1.94,1.91,1.89,1.64,1.79,1.14,1.85,1.96,1.85,1.49,1.00,0.78,0.93,1.29,1.54,1.40,1.31,1.22,0.85,0.16,-0.29,-1.21,-1.55,-1.75,-1.64,-1.89,-2.10,-2.08,-2.16,-2.09,-2.03,-2.04,-1.95,-1.97,-2.07,-2.12,-1.93,-1.84,-1.95,-2.10,-2.18,-2.21,-2.00,-2.12,-2.08,-1.94,-1.99,-2.02,-2.03,-2.18,-2.04,-1.93,-2.12,-1.86,-2.18,-2.13,-1.95,-2.04,-2.18,-2.13,-2.05,-1.83,-1.79,-1.98,-2.03,-1.83,-1.81,-1.85,-1.74,-1.60,-1.51,-1.72,-1.30,-1.28,-1.30,-1.31,-1.40,-1.57,-1.62,-1.65,-1.43,-1.17,-0.99,-1.04,-1.47,-1.21,-1.27,-1.30,-1.26,-1.23,-0.99,-1.17,-0.87,-0.76,-0.89,-0.96
2.75,2.25,2.28,1.94,1.17,0.13,-0.71,-1.04,-1.38,-2.16,-2.35,-2.07,-1.80,-1.89,-1.62,-1.22,-1.07,-1.13,-1.14,-0.92,-0.56,-0.03,0.19,0.39,0.98,1.38,1.39,1.56,2.19,2.31,1.97,1.54,1.11,0.76,0.53,0.37,0.20,0.08,-0.18,-0.01,0.14,0.46,0.42,0.50,0.67,0.82,1.06,1.11,1.39,1.57,1.74,2.16,1.83,2.07,2.35,2.43,2.31,2.29,2.40,2.46,2.18,1.67,1.66,1.25,1.61,1.26,1.76,1.27,1.16,0.60,0.83,0.83,0.72,0.35,-0.20,-0.51,-0.56,-0.48,-0.42,-0.51,-0.68,-0.79,-0.97,-1.14,-1.31,-1.46,-1.76,-1.94,-1.59,-1.62,-1.99,-2.02,-1.81,-1.67,-1.74,-1.79,-1.79,-1.88,-1.90,-1.88,-1.95,-1.76,-1.75,-2.02,-1.97,-2.07,-1.86,-1.97,-1.89,-1.80,-1.91,-1.89,-1.86,-1.99,-1.97,-1.97,-2.12,-1.72,-2.09,-2.24,-1.89,-1.75,-1.76,-1.80,-1.88,-1.71,-1.48,-1.57,-1.72,-1.59,-1.61,-1.60,-1.50,-1.46,-1.32,-1.19,-1.14,-1.06,-1.12,-1.27,-1.43,-1.55,-1.65,-1.33,-1.32,-1.06,-0.78,-0.83,-1.18,-0.91,-1.18,-1.21,-1.07,-0.93,-0.96,-1.06,-0.68,-0.52,-0.56,-0.71
2.36,1.83,1.67,0.67,-0.36,-1.37,-2.08,-2.14,-2.05,-1.98,-1.85,-1.65,-1.42,-1.33,-1.28,-0.97,-0.87,-0.87,-0.81,-0.56,-0.37,0.09,0.45,0.63,1.00,1.40,1.49,1.67,2.36,2.46,2.19,1.79,1.39,0.96,0.76,0.73,0.34,0.09,-0.31,-0.12,0.04,0.40,0.31,0.28,0.62,1.01,1.22,1.31,1.71,1.65,1.59,2.03,2.12,2.23,2.35,2.55,2.51,2.37,2.30,2.20,2.01,1.67,1.28,0.78,1.01,0.52,0.67,0.24,0.04,-0.42,-0.46,-0.51,-0.68,-0.89,-1.17,-1.40,-1.42,-1.42,-1.52,-1.41,-1.50,-1.69,-1.47,-1.66,-1.69,-1.50,-1.57,-1.50,-1.48,-1.60,-1.81,-1.86,-1.81,-1.75,-1.70,-1.62,-1.52,-1.60,-1.78,-1.60,-1.61,-1.76,-1.71,-1.57,-2.00,-1.91,-1.86,-1.97,-1.89,-1.80,-1.83,-1.79,-1.69,-1.75,-1.85,-1.74,-1.80,-1.74,-1.76,-1.86,-1.66,-1.65,-1.74,-1.70,-1.55,-1.37,-1.28,-1.72,-1.61,-1.35,-1.37,-1.32,-1.23,-1.19,-1.11,-1.08,-1.14,-0.97,-0.96,-1.04,-1.04,-1.07,-1.23,-1.24,-1.04,-0.67,-0.46,-0.58,-0.94,-0.71,-1.01,-1.02,-0.78,-0.56,-0.72,-0.62,-0.23,0.05,-0.15,-0.64
1.42,1.12,0.20,-0.62,-1.12,-1.40,-1.61,-1.61,-1.74,-1.53,-1.31,-1.18,-1.14,-1.11,-0.92,-0.69,-0.64,-0.69,-0.58,-0.16,0.21,0.39,0.78,1.07,1.16,1.18,1.38,1.79,2.11,2.48,2.28,1.85,1.57,1.29,1.05,0.96,0.51,-0.12,-0.63,-0.72,-0.59,-0.28,-0.05,0.11,0.52,1.11,1.37,1.20,2.00,1.78,1.64,2.16,2.23,1.95,1.89,1.94,1.83,1.50,1.28,1.36,1.17,0.53,-0.01,-0.33,-0.17,-0.46,-0.83,-1.04,-1.01,-1.37,-1.45,-1.40,-1.38,-1.52,-1.55,-1.66,-1.74,-1.66,-1.66,-1.51,-1.61,-1.71,-1.51,-1.60,-1.55,-1.60,-1.50,-1.61,-1.71,-1.50,-1.62,-1.52,-1.72,-1.78,-1.67,-1.57,-1.48,-1.62,-1.76,-1.61,-1.62,-1.76,-1.32,-1.37,-1.79,-1.74,-1.61,-1.84,-1.81,-1.55,-1.62,-1.62,-1.50,-1.57,-1.60,-1.52,-1.48,-1.62,-1.69,-1.74,-1.33,-1.27,-1.26,-1.14,-1.17,-1.36,-1.38,-1.43,-1.33,-1.09,-1.02,-0.97,-0.89,-0.87,-0.97,-0.94,-0.96,-0.66,-0.69,-0.69,-0.77,-0.88,-0.87,-1.16,-0.59,-0.21,-0.01,-0.16,-0.52,-0.38,-0.59,-0.66,-0.44,-0.20,-0.13,0.02,0.05,0.15,0.15,0.13
0.65,0.03,-0.63,-0.72,-0.96,-1.28,-1.40,-1.18,-1.28,-1.16,-1.03,-1.01,-1.04,-0.97,-0.69,-0.63,-0.51,-0.37,-0.32,0.15,0.32,0.76,0.96,1.17,1.21,1.06,1.05,1.71,2.12,2.48,2.40,2.05,1.76,1.54,1.21,0.98,0.71,-0.46,-1.41,-1.91,-1.74,-1.26,-0.77,-0.48,0.00,0.95,1.48,1.22,1.44,1.51,1.31,1.34,1.07,0.73,0.68,0.65,0.32,-0.13,-0.22,0.00,-0.29,-0.68,-1.02,-1.30,-1.16,-1.35,-1.56,-1.75,-1.55,-1.76,-1.66,-1.65,-1.53,-1.60,-1.65,-1.70,-1.75,-1.66,-1.62,-1.50,-1.55,-1.62,-1.52,-1.50,-1.32,-1.46,-1.30,-1.55,-1.62,-1.42,-1.52,-1.65,-1.71,-1.60,-1.66,-1.64,-1.48,-1.62,-1.79,-1.55,-1.43,-1.61,-1.56,-1.71,-1.64,-1.67,-1.61,-1.86,-1.35,-1.03,-1.38,-1.41,-1.36,-1.37,-1.26,-1.30,-1.11,-1.35,-1.43,-1.31,-1.08,-1.09,-0.99,-0.79,-0.73,-0.76,-0.69,-0.86,-0.69,-0.62,-0.41,-0.54,-0.61,-0.71,-0.78,-0.51,-0.51,-0.33,-0.36,-0.23,-0.28,-0.42,-0.48,-0.51,0.08,0.31,0.29,0.16,0.09,0.07,-0.02,-0.17,-0.05,0.16,0.32,0.42,0.30,0.29,0.13,0.07
0.13,-0.49,-0.72,-0.74,-0.88,-1.07,-1.02,-1.04,-1.17,-1.19,-1.04,-0.96,-1.07,-0.76,-0.56,-0.52,-0.36,-0.07,0.15,0.51,0.65,1.03,1.05,1.05,1.15,1.11,1.05,1.64,2.06,2.42,2.48,2.23,1.97,1.70,1.29,1.10,0.71,-0.44,-1.78,-2.10,-2.16,-2.21,-1.99,-1.47,-0.66,0.28,0.76,0.44,0.32,0.10,-0.22,0.08,-0.22,-0.63,-0.64,-0.69,-0.96,-1.23,-1.32,-1.22,-1.26,-1.35,-1.30,-1.62,-1.47,-1.65,-1.52,-1.71,-1.53,-1.67,-1.56,-1.62,-1.51,-1.45,-1.51,-1.61,-1.61,-1.53,-1.55,-1.52,-1.50,-1.51,-1.47,-1.41,-1.16,-1.23,-1.28,-1.48,-1.36,-1.28,-1.35,-1.64,-1.57,-1.48,-1.53,-1.47,-1.27,-1.35,-1.46,-1.17,-1.30,-1.30,-1.30,-1.53,-1.51,-1.47,-1.24,-1.26,-1.03,-0.96,-0.93,-0.93,-1.03,-1.04,-0.94,-0.86,-0.73,-0.99,-0.97,-1.06,-1.04,-0.96,-0.74,-0.63,-0.59,-0.54,-0.79,-0.88,-0.68,-0.18,-0.15,-0.21,-0.22,-0.18,-0.13,-0.11,-0.05,-0.16,0.03,0.32,0.30,0.11,0.04,0.11,0.42,0.63,0.42,0.29,0.40,0.51,0.46,0.32,0.36,0.46,0.57,0.69,0.49,0.51,0.51,0.57
0.10,-0.18,-0.49,-0.58,-0.67,-0.86,-0.78,-0.99,-1.09,-1.24,-1.16,-0.77,-0.81,-0.66,-0.17,-0.07,-0.01,0.30,0.37,0.76,0.78,1.05,1.06,1.03,1.15,1.10,1.06,1.82,1.99,2.36,2.42,2.24,2.00,1.77,1.40,1.09,0.74,-0.16,-1.30,-1.97,-1.78,-1.62,-1.76,-1.69,-1.13,-0.54,-0.64,-0.76,-0.72,-0.92,-1.09,-0.91,-0.97,-1.21,-1.31,-1.40,-1.47,-1.47,-1.61,-1.74,-1.56,-1.53,-1.40,-1.59,-1.51,-1.51,-1.46,-1.51,-1.36,-1.59,-1.61,-1.55,-1.56,-1.35,-1.23,-1.40,-1.43,-1.30,-1.33,-1.43,-1.35,-1.36,-1.28,-1.28,-1.21,-1.16,-1.37,-1.40,-1.07,-1.07,-1.03,-1.35,-1.32,-1.26,-1.21,-1.17,-1.07,-1.06,-1.11,-0.97,-0.96,-1.11,-1.14,-1.13,-1.35,-1.21,-1.18,-1.11,-0.88,-0.93,-0.71,-0.73,-0.88,-0.94,-0.86,-0.58,-0.57,-0.61,-0.69,-1.12,-0.84,-0.61,-0.34,-0.13,-0.05,-0.16,-0.29,-0.34,-0.18,0.19,0.28,0.18,0.03,0.04,0.20,0.25,0.21,0.15,0.39,0.72,0.66,0.50,0.46,0.62,0.82,0.79,0.71,0.68,0.72,0.79,0.87,0.66,0.66,0.67,0.68,0.87,0.62,0.74,0.85,0.82
0.20,-0.12,-0.24,-0.32,-0.44,-0.62,-0.74,-0.92,-0.88,-0.89,-0.92,-0.64,-0.32,-0.08,0.09,0.15,0.26,0.69,0.85,1.03,0.98,1.11,1.15,1.05,1.17,1.14,1.00,2.03,2.12,2.42,2.35,2.17,2.08,1.62,1.32,1.28,0.87,0.09,-0.54,-1.12,-1.41,-1.42,-1.37,-1.33,-1.23,-1.12,-1.19,-1.30,-1.42,-1.22,-1.27,-1.32,-1.27,-1.32,-1.35,-1.43,-1.48,-1.36,-1.48,-1.64,-1.59,-1.53,-1.66,-1.50,-1.71,-1.31,-1.51,-1.50,-1.50,-1.69,-1.61,-1.40,-1.59,-1.50,-1.27,-1.42,-1.31,-1.01,-1.31,-1.33,-1.22,-1.28,-1.13,-1.17,-1.36,-1.11,-1.19,-0.92,-0.76,-0.83,-0.82,-1.12,-1.13,-0.98,-0.88,-0.91,-0.87,-0.79,-0.87,-0.76,-0.56,-0.78,-0.94,-0.82,-0.83,-0.76,-0.89,-0.66,-0.38,-0.53,-0.46,-0.44,-0.31,-0.31,-0.41,-0.32,-0.18,-0.31,-0.48,-0.43,-0.18,-0.03,0.19,0.46,0.45,0.36,0.32,0.25,0.37,0.50,0.73,0.84,0.85,0.87,0.89,0.90,0.77,0.72,0.60,0.83,0.80,0.73,0.82,0.95,1.03,0.85,0.73,0.69,0.74,0.80,0.89,0.69,0.87,0.73,0.68,0.89,0.79,0.82,0.83,0.78
-0.05,-0.17,-0.28,-0.32,-0.41,-0.56,-0.69,-0.77,-0.89,-0.94,-0.72,-0.24,-0.11,0.10,0.46,0.69,0.66,0.66,0.82,1.11,1.03,1.07,1.18,1.14,1.17,1.31,1.21,2.00,2.16,2.48,2.47,2.10,1.95,1.61,1.20,1.26,0.87,0.35,-0.13,-0.67,-0.94,-1.07,-1.08,-1.06,-1.33,-1.50,-1.21,-1.19,-1.52,-1.27,-1.23,-1.41,-1.42,-1.35,-1.26,-1.26,-1.40,-1.36,-1.27,-1.50,-1.28,-1.38,-1.42,-1.40,-1.27,-0.83,-1.13,-1.17,-1.23,-1.37,-1.35,-1.27,-1.52,-1.46,-1.24,-1.33,-1.12,-0.83,-1.14,-1.35,-1.31,-0.96,-0.97,-0.86,-0.91,-0.74,-1.13,-0.43,-0.49,-0.39,-0.81,-0.96,-0.96,-0.81,-0.62,-0.63,-0.56,-0.49,-0.51,-0.36,-0.18,-0.23,-0.38,-0.33,-0.26,-0.32,-0.26,-0.23,0.15,-0.10,0.09,0.18,0.30,0.10,0.05,0.42,0.56,0.52,0.50,0.40,0.58,0.53,0.69,0.62,0.71,0.87,0.79,0.67,0.66,0.77,0.84,0.87,1.09,0.89,0.60,0.62,0.78,0.69,0.82,0.85,0.90,1.06,1.07,1.00,1.03,0.82,0.66,0.66,0.69,0.67,0.62,0.68,0.79,0.49,0.47,0.77,0.74,0.60,0.62,0.68
-0.23,-0.23,-0.42,-0.61,-0.51,-0.72,-0.62,-0.87,-0.89,-0.63,-0.34,-0.02,0.30,0.45,0.65,0.85,0.87,0.61,0.60,1.00,0.96,0.94,1.14,1.25,1.28,1.21,1.43,1.71,1.89,2.20,2.43,2.35,2.08,1.60,1.45,1.40,1.16,0.79,0.26,-0.28,-0.56,-0.63,-0.74,-0.81,-1.31,-1.53,-1.26,-1.11,-1.21,-1.32,-1.26,-1.37,-1.42,-1.19,-1.08,-1.12,-1.17,-1.30,-1.07,-1.18,-0.99,-1.26,-1.13,-1.55,-1.01,-1.13,-0.96,-1.23,-1.16,-1.53,-1.36,-1.12,-1.22,-1.28,-1.04,-0.92,-0.96,-0.78,-0.86,-1.19,-1.01,-0.58,-0.54,-0.77,-0.43,-0.23,-0.71,-0.33,-0.16,0.05,-0.46,-0.51,-0.32,-0.18,-0.12,-0.15,-0.08,0.00,0.07,0.16,0.28,0.42,0.36,0.30,0.39,0.19,0.42,0.23,0.65,0.42,0.57,0.66,0.72,0.55,0.56,0.78,0.76,0.74,0.65,1.01,0.95,0.96,1.15,1.05,1.15,1.25,1.10,0.88,0.71,0.90,1.00,1.07,1.20,1.03,0.96,0.98,0.92,0.96,0.88,0.62,0.88,0.87,0.79,0.82,0.89,0.74,0.65,0.53,0.51,0.47,0.39,0.60,0.65,0.41,0.50,0.71,0.67,0.76,0.49,0.50
-0.13,-0.22,-0.41,-0.42,-0.21,-0.61,-0.69,-0.62,-0.57,-0.42,0.02,0.29,0.52,0.63,0.72,0.83,0.93,0.67,0.57,0.90,0.95,1.03,1.28,1.21,1.36,1.03,1.20,1.71,2.10,2.34,2.45,2.32,1.99,1.71,1.71,1.46,1.36,1.03,0.49,-0.07,-0.39,-0.41,-0.49,-0.69,-1.08,-1.18,-1.14,-1.16,-1.18,-1.14,-1.16,-1.12,-0.98,-0.88,-0.83,-0.69,-0.74,-0.94,-0.78,-1.02,-0.76,-0.86,-0.58,-0.82,-0.69,-0.76,-0.64,-0.81,-0.76,-0.84,-0.79,-0.56,-0.47,-0.44,-0.47,-0.53,-0.36,-0.10,-0.33,-0.42,-0.34,-0.41,-0.32,-0.18,-0.11,0.46,-0.17,0.19,0.32,0.40,0.11,0.30,0.25,0.45,0.37,0.32,0.60,0.62,0.52,0.62,0.79,1.01,0.90,0.80,0.98,0.72,0.83,0.61,1.10,1.00,1.07,1.00,0.95,0.88,0.90,1.05,1.18,1.09,0.88,1.01,1.00,0.95,0.94,0.94,1.05,1.06,0.99,0.88,0.74,0.88,1.11,1.25,1.11,0.87,0.69,0.71,0.76,0.62,0.52,0.36,0.40,0.46,0.55,0.57,0.58,0.79,0.67,0.41,0.40,0.42,0.40,0.61,0.55,0.41,0.45,0.56,0.66,0.76,0.72,0.65
-0.33,-0.32,-0.51,-0.76,-0.68,-0.82,-0.48,-0.38,-0.29,-0.05,0.34,0.46,0.62,0.69,0.73,0.87,1.09,0.82,0.69,0.94,1.04,1.15,1.43,0.98,1.29,1.01,1.25,1.51,1.95,2.36,2.43,2.25,2.10,1.79,1.66,1.44,1.45,1.17,0.63,0.08,-0.28,-0.38,-0.39,-0.74,-0.98,-0.89,-0.96,-0.87,-1.03,-0.87,-1.02,-1.07,-0.84,-0.81,-0.84,-0.74,-0.91,-0.74,-0.76,-0.57,-0.13,-0.54,-0.59,-0.79,-0.28,-0.27,-0.13,-0.18,0.02,-0.18,-0.16,0.05,0.05,0.03,-0.02,-0.12,0.10,0.40,0.37,0.16,0.07,-0.15,0.13,0.42,0.46,0.71,0.37,0.89,0.80,0.96,0.65,0.84,0.76,0.83,1.00,1.01,0.94,0.88,0.83,0.83,1.05,1.20,1.15,1.03,1.09,0.88,1.07,0.83,1.32,1.26,1.29,1.15,0.98,0.83,0.77,0.89,1.10,1.14,0.76,0.71,0.76,0.94,0.61,0.53,0.71,0.77,0.82,0.87,0.72,0.65,0.74,0.88,0.95,0.65,0.40,0.46,0.62,0.66,0.85,0.40,0.51,0.65,0.73,0.87,1.04,0.77,0.83,0.68,0.63,0.57,0.56,0.67,0.57,0.44,0.57,0.69,0.71,0.93,0.60,0.57
-0.34,-0.15,-0.16,-0.54,-0.54,-0.51,-0.20,-0.01,0.04,0.23,0.63,0.58,0.68,0.72,0.73,0.87,1.14,1.16,0.90,1.09,1.22,1.17,1.40,1.16,1.25,1.12,1.22,1.44,1.83,2.28,2.41,2.24,2.16,1.83,1.64,1.50,1.56,1.32,0.80,0.32,0.00,-0.23,-0.22,-0.64,-0.57,-0.68,-0.86,-0.98,-0.88,-0.94,-0.86,-0.69,-0.53,-0.49,-0.57,-0.17,0.21,-0.17,-0.28,0.11,0.35,0.15,0.10,-0.05,0.36,0.49,0.39,0.47,0.37,0.46,0.61,0.65,0.65,0.65,0.67,0.69,0.77,1.04,1.15,0.89,0.82,0.73,1.00,1.06,1.18,1.20,1.27,1.29,1.42,1.26,1.17,1.09,1.07,1.01,1.14,1.22,1.37,1.45,1.28,1.07,1.05,1.21,1.29,1.07,0.94,0.65,0.95,0.90,0.98,0.99,0.98,0.92,0.79,0.46,0.39,0.55,0.74,0.87,0.51,0.50,0.76,0.61,0.50,0.62,0.61,0.50,0.53,0.68,0.67,0.68,0.52,0.68,0.96,0.85,0.62,0.52,0.66,0.90,0.87,0.35,0.45,0.63,0.61,0.67,0.84,0.76,0.60,0.65,0.67,0.68,0.67,0.69,0.82,0.74,1.00,1.04,0.99,1.22,1.10,1.11
-0.08,0.00,0.04,-0.20,-0.21,-0.29,-0.06,0.19,0.28,0.34,0.80,0.76,0.74,0.76,0.73,0.78,0.82,0.72,0.72,0.83,1.00,1.07,1.29,1.14,1.42,1.15,1.15,1.48,1.78,2.07,2.36,2.26,2.13,1.80,1.77,1.62,1.60,1.42,0.96,0.55,0.26,0.03,-0.27,-0.23,-0.39,-0.41,-0.27,-0.34,-0.24,-0.17,-0.10,0.42,0.77,0.89,1.22,1.17,1.23,0.82,0.40,0.87,1.04,1.16,0.94,0.92,1.06,1.29,1.18,1.15,1.11,1.07,1.25,1.39,1.45,1.44,1.37,1.49,1.62,1.68,1.72,1.50,1.49,1.38,1.38,1.32,1.61,1.50,1.32,1.38,1.53,1.40,1.39,1.14,1.21,1.06,1.20,1.28,1.25,1.12,0.89,0.88,0.98,0.89,0.93,0.62,0.66,0.67,0.52,0.35,0.49,0.60,0.66,0.61,0.58,0.15,0.26,0.49,0.53,0.62,0.42,0.30,0.46,0.28,0.35,0.36,0.58,0.60,0.69,0.72,0.49,0.55,0.55,0.55,0.74,0.80,0.73,0.62,0.74,0.96,0.88,0.62,0.55,0.63,0.80,1.03,1.15,1.16,1.10,1.01,1.09,1.06,0.92,0.88,1.20,1.26,1.36,1.32,1.34,1.51,1.51,1.33
0.10,0.32,0.47,0.25,0.15,0.07,0.21,0.40,0.45,0.61,0.90,0.87,0.84,0.92,0.98,0.80,0.90,0.76,0.69,0.74,0.84,0.93,1.28,0.98,1.14,0.95,0.94,1.26,1.67,1.95,2.26,2.30,2.13,1.84,1.80,1.62,1.54,1.49,1.31,1.00,0.65,0.26,0.57,0.69,0.65,0.87,1.01,1.05,1.21,1.27,1.53,2.11,2.53,2.72,2.91,2.71,2.60,1.89,1.53,1.53,1.77,1.72,1.87,1.55,1.71,1.84,1.87,1.91,1.71,1.54,1.59,1.76,1.93,1.87,1.77,1.84,1.80,1.76,1.77,1.66,1.70,1.73,1.49,1.29,1.49,1.54,1.31,1.27,1.28,1.36,1.04,0.87,1.01,0.95,0.94,0.98,1.06,0.89,0.72,0.79,0.79,0.79,0.68,0.42,0.50,0.51,0.67,0.36,0.73,0.67,0.73,0.68,0.49,0.31,0.57,0.72,0.62,0.57,0.55,0.40,0.51,0.69,0.77,0.61,0.87,0.98,0.98,0.89,0.77,0.79,0.88,0.93,0.77,0.92,0.93,0.94,0.96,1.09,1.16,0.98,0.95,0.92,1.34,1.51,1.53,1.62,1.36,1.36,1.51,1.56,1.48,1.43,1.54,1.37,1.33,1.38,1.51,1.66,1.54,1.26
0.40,0.65,0.77,0.63,0.56,0.56,0.62,0.65,0.63,0.99,0.96,0.99,0.95,0.87,0.76,0.57,0.72,0.72,0.72,0.84,1.07,1.18,1.27,0.90,0.90,0.94,0.89,1.18,1.65,1.95,2.19,2.32,2.17,1.96,1.82,1.71,1.71,1.88,2.06,2.08,2.17,2.29,2.57,2.00,1.94,2.01,2.12,2.13,2.30,2.35,2.51,2.89,3.07,3.31,3.83,3.81,3.58,2.67,2.48,2.07,2.51,2.32,2.37,2.06,2.24,2.19,2.24,2.24,2.03,1.79,1.83,1.91,1.99,1.95,1.90,1.87,1.62,1.65,1.66,1.60,1.73,1.64,1.44,1.27,1.53,1.54,1.28,1.21,1.27,1.32,0.98,0.79,0.94,0.92,1.01,0.84,0.80,0.78,0.74,0.68,0.62,0.76,0.74,0.56,0.34,0.18,0.26,0.30,0.80,0.52,0.55,0.72,0.69,0.77,0.92,1.04,0.93,0.80,0.90,0.84,0.95,1.17,1.26,1.11,1.27,1.23,1.16,1.12,1.16,1.29,1.42,1.28,1.49,1.25,1.28,1.34,1.39,1.37,1.20,1.11,1.32,1.32,1.61,1.66,1.65,1.61,1.46,1.57,1.51,1.42,1.44,1.39,1.03,1.42,1.39,1.32,1.49,1.67,1.50,1.26
0.85,1.03,0.98,0.96,0.95,0.94,0.90,0.82,0.66,0.95,0.89,0.90,0.84,0.82,1.00,0.60,0.71,0.83,0.78,0.74,0.95,1.00,0.99,0.96,0.85,1.04,1.03,1.20,1.67,1.85,2.25,2.31,2.34,2.06,1.94,1.78,1.66,1.67,1.89,2.40,3.10,3.24,3.56,3.35,3.41,3.35,3.41,3.33,3.32,3.30,3.12,3.21,3.54,3.75,4.12,4.22,3.88,3.30,3.28,2.85,3.01,2.93,2.73,2.57,2.72,2.63,2.58,2.46,2.25,1.94,1.96,2.11,1.99,1.97,2.03,1.88,1.76,1.73,1.71,1.49,1.67,1.45,1.29,1.11,1.60,1.42,1.29,1.17,1.27,1.18,1.07,0.87,0.92,1.01,1.15,0.95,1.06,1.15,1.28,1.32,1.17,1.17,1.20,1.12,1.09,0.98,1.01,1.17,1.39,1.34,1.36,1.60,1.54,1.25,1.23,1.39,1.32,1.22,1.31,1.25,1.31,1.42,1.40,1.28,1.46,1.34,1.46,1.57,1.51,1.42,1.33,1.31,1.18,1.21,1.43,1.57,1.65,1.50,1.31,1.36,1.50,1.46,1.37,1.46,1.50,1.44,1.38,1.40,1.51,1.55,1.48,1.38,1.44,1.48,1.50,1.59,1.71,1.74,1.66,1.40
1.20,1.29,1.21,1.22,1.21,1.09,1.00,0.98,0.63,0.65,0.69,0.90,0.89,0.67,0.71,0.87,0.74,0.92,0.85,0.67,0.88,0.84,0.93,1.01,0.94,1.04,1.04,1.04,1.31,1.73,2.17,2.31,2.25,1.96,2.03,1.87,1.61,1.72,2.19,2.88,3.60,3.50,3.91,3.83,4.07,4.16,4.35,4.34,4.29,4.25,3.92,3.71,3.98,4.16,4.18,4.11,3.79,3.59,3.64,3.56,3.38,3.41,3.25,3.13,3.20,3.24,3.03,2.91,2.49,1.99,1.89,2.11,2.05,2.01,2.20,2.05,1.99,1.88,1.85,1.56,1.56,1.51,1.36,1.09,1.60,1.46,1.51,1.38,1.49,1.50,1.45,1.31,1.27,1.33,1.48,1.40,1.57,1.53,1.51,1.59,1.56,1.53,1.55,1.62,1.38,1.42,1.27,1.32,1.39,1.55,1.61,1.56,1.34,1.17,1.18,1.37,1.45,1.48,1.43,1.31,1.45,1.49,1.18,1.17,1.23,1.26,1.46,1.45,1.39,1.36,1.18,1.21,1.17,1.15,1.27,1.31,1.36,1.37,1.29,1.22,1.26,1.42,1.17,1.29,1.44,1.48,1.55,1.43,1.61,1.70,1.51,1.45,1.68,1.72,1.71,1.76,1.67,1.59,1.67,1.70
1.31,1.38,1.25,1.27,1.38,1.31,1.10,0.98,0.65,0.98,0.90,0.93,0.90,0.62,0.78,0.79,0.71,0.79,0.88,0.80,1.01,1.10,1.17,1.11,1.06,1.11,1.06,1.05,1.42,1.56,2.31,2.69,2.64,2.34,2.14,1.96,1.82,1.88,2.24,2.73,3.41,3.63,3.95,3.85,4.27,4.30,4.51,4.81,4.98,5.03,4.88,4.68,4.62,4.48,4.28,4.12,3.81,3.66,3.63,3.75,3.66,3.64,3.70,3.60,3.52,3.75,3.45,3.30,2.84,2.19,1.95,2.10,2.07,2.05,2.28,2.22,2.07,2.06,2.03,1.93,1.85,1.74,1.79,1.66,2.00,1.93,1.85,1.85,2.01,2.05,1.89,1.83,1.83,1.77,1.79,1.79,1.84,1.71,1.67,1.64,1.64,1.72,1.67,1.78,1.73,1.66,1.43,1.23,1.31,1.56,1.28,1.44,1.36,1.49,1.38,1.22,1.21,1.22,1.15,1.21,1.38,1.09,1.03,1.25,1.11,1.16,1.28,1.27,1.32,1.36,1.26,1.34,1.29,1.29,1.25,1.28,1.44,1.64,1.66,1.49,1.38,1.59,1.28,1.62,1.67,1.70,1.89,1.74,1.76,1.94,1.80,1.72,1.79,1.82,2.03,2.00,1.77,1.73,1.93,2.13
1.53,1.61,1.15,1.07,1.16,1.14,0.94,0.78,0.69,0.77,0.94,1.12,1.09,0.73,0.80,0.77,0.74,0.68,0.72,0.88,0.88,1.27,1.15,1.21,1.04,1.06,1.15,1.11,1.39,2.03,2.57,2.49,2.48,2.22,2.13,2.05,1.94,2.01,2.31,2.75,3.33,3.56,3.97,3.95,4.28,4.35,4.65,5.08,5.34,5.49,5.53,5.51,5.52,5.25,4.94,4.82,4.42,4.09,3.91,3.84,3.71,3.60,3.85,3.77,3.68,3.96,3.89,3.72,3.40,2.88,2.60,2.57,2.34,2.19,2.43,2.59,2.42,2.46,2.43,2.23,2.40,2.29,2.38,2.25,2.29,2.24,2.10,2.01,2.16,1.96,1.90,1.94,1.99,1.89,1.79,1.78,1.77,1.61,1.68,1.61,1.62,1.79,1.61,1.46,1.51,1.40,1.29,0.98,1.12,1.07,1.15,1.40,1.12,1.26,1.11,1.06,1.22,1.34,1.40,1.48,1.65,1.48,1.34,1.50,1.62,1.32,1.31,1.39,1.45,1.40,1.39,1.51,1.38,1.60,1.44,1.50,1.61,1.72,1.64,1.48,1.51,1.66,1.32,1.87,1.91,1.83,1.88,1.95,1.95,1.99,1.94,1.91,1.91,1.89,1.96,2.06,2.08,2.02,1.95,2.01
1.32,1.29,1.16,0.77,0.80,1.04,1.16,1.45,1.42,1.18,1.17,1.31,1.34,1.01,0.92,0.98,0.93,0.74,0.60,0.63,0.39,1.05,0.83,0.67,0.63,0.80,1.01,1.07,1.44,2.18,2.69,2.54,2.41,2.11,2.00,1.89,1.73,1.85,2.29,2.69,3.39,3.53,3.88,4.00,4.16,4.34,4.78,5.18,5.47,5.71,5.74,5.76,6.02,6.06,6.04,5.96,5.63,5.18,4.67,4.50,4.31,4.25,4.09,3.98,3.91,4.12,4.23,4.10,3.73,3.49,3.24,3.00,2.83,2.70,2.91,2.88,2.88,2.95,2.85,2.79,2.70,2.55,2.49,2.30,2.28,2.18,2.19,1.94,1.95,1.91,1.99,1.91,1.95,1.72,1.77,1.74,1.67,1.53,1.54,1.57,1.68,1.74,1.39,1.15,1.27,1.36,1.28,1.12,1.56,1.56,1.44,1.34,1.21,1.10,1.28,1.48,1.50,1.36,1.17,1.12,1.26,1.25,1.39,1.33,1.66,1.53,1.32,1.51,1.66,1.61,1.59,1.66,1.73,1.91,1.82,1.84,1.84,1.84,1.82,1.78,1.77,1.88,1.89,2.08,2.07,2.00,1.97,2.05,2.08,1.73,1.87,1.97,1.93,1.82,1.85,2.05,2.18,2.07,1.93,1.90
1.65,1.51,1.67,1.64,1.40,1.27,1.42,1.76,1.71,1.77,1.85,1.79,1.60,1.48,1.34,1.26,1.10,0.85,0.72,1.04,0.73,0.85,0.99,1.04,1.09,0.95,0.80,1.17,1.77,2.29,2.83,2.55,2.48,2.24,2.10,2.00,1.76,1.76,2.16,2.60,3.54,3.57,3.64,3.87,4.08,4.27,4.60,4.90,5.23,5.62,5.76,5.87,6.13,5.88,6.06,6.25,6.29,6.20,6.10,5.82,5.47,5.11,4.56,3.96,3.95,3.94,3.97,4.10,4.04,3.78,3.54,3.54,3.52,3.40,3.43,3.38,3.34,3.32,3.13,2.93,2.75,2.54,2.34,2.14,2.49,2.07,1.93,1.88,1.97,1.77,1.79,1.65,2.08,1.84,1.94,1.90,1.87,1.89,1.85,1.78,1.85,1.74,1.42,1.32,1.40,1.62,1.49,1.46,1.93,1.76,1.49,1.55,1.49,1.45,1.71,1.80,1.79,1.77,1.65,1.59,1.72,1.82,1.60,1.96,1.60,1.90,1.76,1.90,2.00,2.01,1.93,1.88,2.13,2.14,2.05,2.10,2.00,2.00,1.97,1.99,2.12,2.02,1.82,1.97,2.18,2.17,2.12,2.20,2.03,1.95,2.02,1.96,1.80,1.71,1.90,1.99,2.08,2.10,2.02,1.88
2.03,1.89,2.03,2.10,2.18,2.20,2.13,2.26,2.25,2.45,2.67,2.63,2.22,2.19,1.99,1.68,1.37,1.12,1.07,1.43,1.22,1.09,1.00,1.05,1.29,1.38,1.29,1.56,2.16,2.73,3.03,2.66,2.52,2.34,2.12,1.96,1.88,1.88,2.08,2.82,3.54,3.54,3.57,3.77,4.03,4.25,4.53,4.71,4.91,5.27,5.51,5.71,6.02,6.04,6.07,6.03,6.33,6.37,6.43,6.00,6.35,6.14,5.67,4.95,4.68,4.50,4.22,4.22,4.28,3.89,3.64,3.77,3.71,3.79,3.90,4.00,3.84,3.72,3.33,3.02,2.35,2.32,2.19,2.17,2.48,2.07,2.11,1.89,2.08,2.18,1.90,1.77,1.93,1.94,2.20,1.93,2.05,2.16,2.18,2.12,2.11,2.02,1.84,1.74,1.68,1.89,1.78,1.73,1.96,1.79,1.80,1.96,1.91,1.96,1.97,2.07,2.13,2.06,2.06,2.14,2.03,1.94,2.10,2.38,2.16,2.14,2.12,2.30,2.26,2.19,2.13,2.08,2.24,2.24,2.05,2.12,2.10,1.99,1.91,2.01,2.11,2.10,1.90,2.13,2.07,2.02,2.05,2.07,1.99,1.85,1.99,1.95,1.84,1.82,1.97,2.03,2.05,2.08,2.11,2.06
2.43,2.42,2.64,2.70,2.89,3.16,2.98,3.01,3.14,3.24,3.30,3.28,3.22,3.03,2.90,2.77,2.51,2.17,1.96,2.05,1.78,1.57,1.50,1.36,1.34,1.51,1.76,2.16,2.66,3.19,3.12,2.76,2.60,2.36,2.06,1.94,1.93,1.96,2.00,2.90,3.32,3.40,3.69,3.82,4.00,4.16,4.43,4.71,4.84,5.04,5.35,5.27,5.60,5.77,5.85,5.93,6.38,6.36,6.54,6.34,6.13,6.18,6.17,5.96,6.12,5.95,5.69,5.15,4.64,4.27,4.01,4.12,4.09,4.08,4.36,4.31,4.27,4.22,3.94,3.47,2.78,2.45,2.32,2.35,2.65,2.48,2.17,2.49,2.32,2.61,2.38,2.31,2.35,2.20,2.53,2.28,2.25,2.40,2.46,2.41,2.41,2.31,2.18,2.17,2.12,2.06,1.97,1.96,2.03,2.11,2.22,2.14,2.10,2.06,2.00,2.01,2.10,1.99,1.99,2.13,2.12,2.06,2.07,2.17,1.95,2.10,2.13,2.25,2.22,2.19,2.17,2.18,2.29,2.20,1.99,2.03,2.18,2.02,2.01,2.05,2.02,2.03,2.03,2.19,2.23,2.11,2.00,1.99,1.91,2.20,1.96,2.00,2.05,2.01,2.02,2.17,2.07,1.99,2.13,2.20
2.83,3.00,3.25,3.31,3.40,3.64,3.54,3.57,3.72,3.78,3.75,3.75,3.85,3.68,3.63,3.58,3.58,3.44,3.10,3.21,2.89,2.61,2.59,2.46,2.20,2.11,2.28,2.71,3.12,3.16,3.06,2.90,2.63,2.29,2.01,1.95,1.88,1.80,1.84,2.64,3.04,3.35,3.69,3.81,4.00,4.11,4.34,4.60,4.72,5.15,5.26,5.19,5.34,5.26,5.73,5.60,5.66,5.98,6.11,6.06,6.36,6.42,6.15,5.93,6.19,6.26,6.11,6.06,5.89,5.44,4.98,4.69,4.34,4.17,4.43,4.44,4.28,4.05,4.08,3.77,3.27,3.09,3.10,3.03,3.00,3.01,2.77,2.75,2.78,3.14,2.88,2.75,2.58,2.30,2.63,2.55,2.63,2.52,2.57,2.61,2.49,2.35,2.35,2.37,2.26,2.13,2.11,2.13,2.20,2.31,2.32,2.20,2.12,2.00,2.13,2.00,2.16,2.03,1.99,2.20,2.29,2.11,2.14,2.34,2.17,2.11,2.18,2.22,2.20,2.18,2.18,2.14,2.11,2.13,1.93,2.07,2.13,2.10,2.10,2.06,1.99,1.99,2.07,2.29,2.23,2.05,2.06,2.06,1.88,2.06,2.22,2.19,1.95,1.85,2.07,2.06,2.03,1.96,2.12,2.17
3.21,3.59,3.75,3.84,3.89,3.94,4.00,4.03,4.14,4.21,4.24,4.31,4.10,4.29,4.18,3.91,3.83,4.00,4.12,3.96,4.01,3.78,3.71,3.64,3.52,3.35,3.13,3.38,3.77,3.22,2.96,2.94,2.66,2.28,2.06,1.93,1.79,1.66,1.70,2.48,3.13,3.40,3.54,3.70,3.92,4.10,4.30,4.56,4.76,4.97,5.27,5.52,5.44,5.32,5.32,5.30,5.34,5.66,5.83,5.74,6.13,6.04,5.96,6.05,6.30,6.31,6.19,6.25,6.23,5.99,5.93,5.89,5.39,5.01,4.88,4.55,4.23,4.31,4.15,3.58,3.53,3.37,3.49,3.46,3.71,3.60,3.64,3.46,3.38,3.06,2.78,3.03,2.90,2.64,2.90,2.69,2.54,2.51,2.65,2.67,2.48,2.40,2.41,2.28,2.19,2.38,2.40,2.30,2.43,2.35,2.28,2.30,2.23,2.12,2.30,2.13,2.23,2.18,2.20,2.29,2.25,2.25,2.46,2.57,2.52,2.01,2.48,2.34,2.49,2.55,2.48,2.35,2.30,2.37,2.16,2.12,2.07,2.05,2.06,2.07,2.08,2.06,2.11,2.35,2.23,2.22,2.19,2.13,2.16,2.40,2.19,2.13,1.93,1.79,1.88,2.17,2.20,2.10,2.08,2.05
3.69,4.05,4.15,4.28,4.51,4.48,4.58,4.65,4.72,4.70,4.63,4.60,4.84,4.72,4.82,4.67,4.44,4.58,4.74,4.98,5.15,4.90,4.76,4.71,4.60,4.51,4.30,4.17,4.31,3.43,2.93,2.88,2.72,2.40,2.17,2.01,1.79,1.66,1.74,2.28,3.10,3.32,3.53,3.65,3.76,3.98,4.33,4.64,4.68,4.89,5.20,5.41,5.52,5.29,5.46,5.35,5.44,5.42,5.59,5.62,5.74,5.71,5.67,5.80,6.05,6.08,6.08,6.08,6.14,6.18,6.19,6.26,6.12,5.98,5.82,5.54,5.17,4.77,4.50,4.05,3.95,3.85,3.98,3.89,4.27,4.17,4.11,4.27,3.96,3.45,2.97,3.13,3.09,2.91,3.10,2.85,2.69,2.67,2.70,2.67,2.66,2.57,2.59,2.63,2.53,2.59,2.61,2.29,2.47,2.37,2.37,2.35,2.42,2.28,2.37,2.37,2.30,2.35,2.38,2.35,2.30,2.32,2.57,2.59,2.69,2.37,2.54,2.41,2.60,2.64,2.45,2.32,2.34,2.35,2.47,2.41,2.22,2.37,2.26,2.23,2.24,2.19,2.25,2.42,2.35,2.25,2.25,2.24,2.12,2.23,2.16,2.06,1.93,1.84,1.89,2.11,2.08,2.06,1.95,1.82
4.14,4.27,4.33,4.49,4.75,4.81,4.90,4.92,4.99,5.12,5.27,5.53,5.52,5.62,5.69,5.68,5.62,5.63,5.82,5.90,5.95,5.76,5.55,5.41,5.31,5.20,4.97,4.68,4.43,3.40,2.93,2.83,2.69,2.40,2.12,1.96,1.64,1.50,1.74,2.17,2.69,3.24,3.45,3.58,3.71,3.84,4.16,4.54,4.75,5.11,5.34,5.29,5.31,5.70,5.42,5.45,5.53,5.53,5.65,5.58,5.71,5.63,5.63,5.73,5.83,5.88,5.92,5.82,5.75,5.90,6.17,6.37,6.19,6.14,6.10,6.10,5.82,5.59,5.58,5.12,4.74,4.16,4.29,3.90,4.33,4.28,4.30,4.34,4.11,3.65,3.26,3.26,3.10,3.30,3.27,2.94,2.84,2.82,2.98,3.14,2.96,2.71,2.59,2.66,2.81,2.78,2.54,2.30,2.49,2.41,2.59,2.55,2.53,2.32,2.45,2.64,2.59,2.47,2.41,2.47,2.45,2.42,2.63,2.69,2.75,2.45,2.58,2.53,2.75,2.73,2.57,2.46,2.53,2.59,2.41,2.29,2.24,2.24,2.19,2.17,2.24,2.34,2.40,2.60,2.43,2.20,2.29,2.29,2.06,2.02,2.01,1.97,1.89,1.84,1.93,2.10,2.20,1.97,1.85,1.93
4.25,4.36,4.48,4.70,5.02,5.25,5.45,5.62,5.62,5.66,5.89,6.05,6.10,6.00,6.02,6.14,6.19,5.98,6.20,6.22,6.12,6.00,5.88,5.70,5.58,5.40,4.94,4.67,4.35,3.38,2.97,2.83,2.76,2.54,2.11,2.06,1.82,1.45,1.79,2.18,2.81,3.02,3.25,3.45,3.69,3.96,4.25,4.61,4.71,4.88,5.13,5.38,5.26,5.54,5.39,5.44,5.60,5.69,5.71,5.59,5.69,5.67,5.68,5.63,5.65,5.77,5.92,5.89,5.81,5.83,6.03,6.21,6.11,6.08,6.07,6.08,6.21,6.19,6.00,5.91,5.74,5.38,5.13,4.67,4.49,4.48,4.31,4.41,4.17,4.00,3.43,3.50,3.52,3.60,3.56,3.24,3.18,3.22,3.03,2.95,3.00,2.94,2.79,2.72,2.67,2.66,2.64,2.55,2.64,2.49,2.70,2.63,2.59,2.41,2.43,2.70,2.79,2.52,2.46,2.60,2.59,2.47,2.59,2.84,2.76,2.57,2.66,2.60,2.77,2.60,2.55,2.61,2.57,2.37,2.26,2.26,2.28,2.40,2.48,2.42,2.45,2.43,2.41,2.67,2.41,2.26,2.26,2.24,2.11,2.01,2.01,2.12,2.01,1.95,1.96,1.96,1.95,1.87,1.99,2.00
4.03,4.30,4.71,5.08,5.56,5.70,5.83,5.87,5.99,6.11,6.05,6.20,6.10,6.17,6.17,6.21,6.31,6.10,6.14,6.18,6.12,5.96,5.85,5.76,5.58,5.39,4.92,4.68,4.31,3.50,3.13,2.97,2.79,2.58,2.24,2.35,2.19,1.78,1.89,2.28,2.54,2.96,3.38,3.56,3.69,3.89,4.11,4.51,4.79,4.85,5.17,5.52,5.31,5.44,5.48,5.48,5.58,5.75,5.71,5.65,5.74,5.74,5.71,5.65,5.61,5.73,5.84,5.80,5.76,5.82,5.92,6.03,5.91,5.90,5.93,6.02,6.19,6.35,6.23,6.28,6.05,5.97,5.78,5.53,5.42,5.34,4.98,4.95,4.45,4.31,3.88,3.70,3.78,4.00,3.70,3.46,3.28,3.35,3.46,3.27,3.15,3.00,2.91,3.00,2.94,2.72,2.67,2.81,2.85,2.79,2.79,2.75,2.77,2.48,2.57,2.79,2.85,2.73,2.70,2.78,2.75,2.58,2.63,2.87,2.81,2.60,2.64,2.61,2.71,2.55,2.58,2.54,2.51,2.55,2.43,2.24,2.43,2.36,2.48,2.46,2.49,2.51,2.43,2.41,2.45,2.34,2.22,2.17,2.16,2.14,2.14,2.24,2.05,1.96,2.06,2.19,2.20,1.94,2.03,2.11
4.49,4.61,4.87,5.17,5.71,5.99,6.08,6.06,6.11,6.25,6.17,6.31,6.15,6.28,6.26,6.13,6.15,6.14,6.05,6.04,6.11,6.00,5.82,5.68,5.55,5.60,4.90,4.64,4.51,3.66,3.20,3.00,2.84,2.73,2.18,2.36,2.11,1.96,1.94,2.45,2.79,3.25,3.73,3.89,3.81,4.00,4.43,4.67,4.82,4.94,5.12,5.32,5.34,5.35,5.49,5.45,5.52,5.54,5.60,5.69,5.71,5.61,5.69,5.73,5.60,5.61,5.77,5.76,5.77,5.88,5.87,5.96,5.81,5.81,5.82,5.85,6.10,6.22,6.08,6.21,6.00,5.89,5.96,5.81,5.90,5.78,5.69,5.65,5.65,5.29,4.54,4.21,4.37,4.08,3.92,3.88,3.56,3.71,3.82,3.65,3.58,3.45,3.33,3.25,3.10,3.06,3.08,3.19,3.15,2.95,2.91,3.08,3.07,2.76,2.73,2.90,3.01,3.03,2.94,2.93,2.85,2.72,2.70,2.79,2.84,2.57,2.69,2.77,2.66,2.60,2.66,2.66,2.69,2.64,2.53,2.49,2.60,2.55,2.49,2.55,2.54,2.40,2.29,2.42,2.69,2.47,2.32,2.24,2.24,2.29,2.24,2.30,2.20,2.18,2.32,2.53,2.49,2.23,2.17,2.23
4.62,4.69,4.90,5.32,6.03,6.18,6.27,6.30,6.36,6.43,6.36,6.28,6.29,6.45,6.40,6.14,6.00,6.08,5.98,5.92,5.99,5.92,5.76,5.59,5.31,5.39,5.08,4.48,4.15,3.72,3.40,3.18,2.82,2.48,2.36,2.31,1.88,1.91,2.01,2.48,2.78,3.10,3.49,3.70,3.77,3.98,4.30,4.53,4.75,4.77,5.10,5.32,5.33,5.45,5.47,5.47,5.58,5.44,5.56,5.62,5.65,5.61,5.67,5.70,5.61,5.55,5.67,5.77,5.84,5.93,5.88,5.96,5.93,5.95,5.80,5.76,6.04,6.06,5.87,6.04,5.96,5.76,5.75,5.80,5.91,5.91,5.95,6.00,6.05,5.99,5.63,5.26,4.96,4.63,4.38,4.17,3.91,4.18,4.22,3.95,3.78,3.79,3.75,3.51,3.31,3.25,3.26,3.38,3.15,2.72,2.84,3.12,3.04,2.59,2.85,2.89,3.04,3.08,2.98,2.95,2.95,2.87,2.79,2.84,2.81,2.71,2.91,2.94,2.91,2.87,2.95,3.00,2.91,2.78,2.67,2.64,2.81,2.84,2.64,2.82,2.84,2.76,2.65,2.55,2.89,2.61,2.52,2.45,2.41,2.42,2.43,2.37,2.46,2.45,2.48,2.57,2.49,2.45,2.30,2.20
4.45,4.51,4.72,5.10,5.92,6.14,6.21,6.22,6.30,6.43,6.44,6.22,6.30,6.48,6.45,6.22,6.14,6.13,6.04,5.93,5.95,5.85,5.63,5.52,5.38,5.19,4.97,4.48,4.21,3.75,3.33,3.03,2.64,2.41,2.37,2.11,1.96,1.78,2.01,2.57,3.13,3.30,3.40,3.66,3.78,3.90,4.30,4.62,4.74,4.94,5.31,5.18,5.20,5.45,5.60,5.55,5.69,5.58,5.60,5.55,5.53,5.55,5.60,5.68,5.69,5.69,5.80,5.78,5.80,5.89,5.87,5.92,5.99,6.04,5.89,5.91,6.06,5.93,5.84,5.91,5.92,5.75,5.73,5.67,5.92,5.92,5.83,6.02,6.06,6.11,6.11,5.87,5.66,5.68,5.46,5.09,4.74,4.61,4.40,4.21,4.16,4.09,3.83,3.60,3.58,3.60,3.49,3.38,3.40,3.16,3.33,3.24,2.97,3.12,3.04,3.10,3.14,3.01,3.01,3.26,3.27,3.06,3.01,3.02,2.88,3.02,3.04,3.09,3.25,3.19,3.21,3.14,2.97,2.89,2.88,2.76,2.81,2.91,2.71,2.79,2.87,2.75,2.73,3.00,2.78,2.83,2.75,2.57,2.58,2.71,2.59,2.32,2.42,2.47,2.49,2.49,2.48,2.43,2.32,2.22
4.40,4.24,4.43,5.08,5.54,6.12,6.12,6.08,6.12,6.22,6.34,6.21,6.21,6.31,6.31,6.14,6.15,5.88,5.90,5.82,5.73,5.60,5.45,5.46,5.13,4.84,4.67,4.24,3.83,3.34,2.91,2.57,2.34,2.37,2.10,1.82,1.84,1.62,1.74,2.46,2.94,3.12,3.41,3.73,3.78,3.82,4.22,4.49,4.70,4.83,5.30,5.04,5.17,5.42,5.54,5.60,5.78,5.74,5.62,5.55,5.56,5.66,5.66,5.63,5.70,5.84,5.85,5.73,5.71,5.81,5.81,5.89,5.97,5.97,5.91,5.92,5.87,5.83,5.87,5.78,5.89,5.81,5.91,5.65,5.92,5.84,5.67,5.76,6.03,6.02,6.05,5.92,5.70,5.76,5.75,5.67,5.45,5.31,5.03,4.75,4.42,4.27,4.21,4.03,3.84,3.62,3.37,3.31,3.37,3.47,3.31,3.19,3.00,3.00,3.33,3.22,3.03,3.10,3.18,3.33,3.24,3.02,3.00,3.02,3.00,3.18,3.09,3.20,3.21,3.20,3.18,3.16,3.08,2.96,2.90,2.85,2.95,2.97,2.75,2.61,2.76,2.72,2.70,2.89,2.90,2.84,2.75,2.72,2.81,2.83,2.66,2.58,2.48,2.51,2.55,2.59,2.53,2.49,2.41,2.29
4.27,4.02,4.10,4.82,5.29,6.07,6.06,6.00,6.11,6.08,6.22,6.23,6.17,6.25,6.29,6.08,5.91,5.70,5.76,5.63,5.51,5.35,5.12,5.18,5.10,4.94,4.53,4.11,3.70,3.16,2.78,2.54,2.20,2.19,2.05,1.91,1.68,1.33,1.43,2.14,2.75,3.08,3.38,3.52,3.50,3.77,4.04,4.38,4.51,4.58,5.06,5.01,5.30,5.31,5.25,5.47,5.75,5.69,5.60,5.54,5.65,5.75,5.66,5.51,5.59,5.75,5.74,5.67,5.65,5.73,5.75,5.84,5.95,5.97,5.90,5.85,5.66,5.80,5.87,5.77,5.77,5.84,5.98,5.67,5.89,5.77,5.67,5.63,5.89,5.89,5.83,5.77,5.59,5.59,5.73,5.80,5.70,5.39,5.33,5.17,4.99,4.75,4.65,4.58,4.21,3.78,3.54,3.46,3.50,3.51,3.33,3.33,3.21,3.40,3.20,3.39,3.02,3.09,3.13,3.30,3.16,3.24,3.35,3.16,3.12,3.16,3.30,3.25,3.13,3.14,3.10,3.18,3.14,3.07,3.01,2.90,3.01,3.03,2.96,2.75,2.84,2.96,3.08,3.14,3.03,2.94,2.75,2.81,2.76,2.65,2.79,2.66,2.57,2.54,2.55,2.57,2.58,2.52,2.46,2.36
4.09,3.79,3.82,4.42,5.13,5.91,5.98,5.88,6.03,6.14,6.14,6.22,6.28,6.28,6.12,5.84,5.90,5.89,5.73,5.52,5.32,5.10,4.99,5.05,4.92,4.75,4.49,3.95,3.56,3.10,2.76,2.63,2.17,2.02,1.84,1.85,1.66,1.42,1.31,2.07,2.93,3.31,3.51,3.50,3.38,3.82,4.09,4.24,4.41,4.63,4.98,4.90,5.12,5.19,5.20,5.35,5.54,5.42,5.46,5.44,5.52,5.66,5.56,5.42,5.47,5.56,5.63,5.69,5.67,5.78,5.80,5.83,5.83,5.92,5.91,5.91,5.74,5.83,5.83,5.82,5.61,5.66,5.96,5.65,5.89,5.75,5.69,5.65,5.87,5.67,5.61,5.73,5.67,5.61,5.65,5.66,5.68,5.41,5.29,5.10,5.15,4.99,4.88,4.81,4.60,4.38,4.11,4.00,4.17,4.05,3.81,3.62,3.70,3.81,3.77,3.57,3.49,3.03,3.37,3.65,3.45,3.35,3.39,3.39,3.47,3.40,3.40,3.34,3.39,3.26,3.22,3.25,3.21,3.21,3.15,3.02,3.10,3.13,3.04,2.77,2.85,2.95,3.07,3.14,2.85,2.96,3.00,2.88,2.78,2.75,2.66,2.47,2.70,2.53,2.54,2.69,2.69,2.26,2.24,2.49
3.97,3.63,3.54,4.15,4.99,5.67,5.81,5.71,5.78,6.19,5.96,6.00,6.12,6.00,5.75,5.81,5.62,5.76,5.53,5.37,5.30,5.16,4.99,4.89,4.83,4.68,4.41,4.04,3.62,3.08,2.73,2.63,2.17,2.08,1.84,1.72,1.61,1.44,1.38,2.14,2.93,3.21,3.40,3.46,3.35,3.73,4.09,4.17,4.34,4.68,4.95,4.98,5.08,5.25,5.34,5.26,5.34,5.27,5.33,5.37,5.42,5.59,5.54,5.40,5.39,5.46,5.56,5.61,5.76,5.85,5.81,5.88,5.78,5.75,5.77,5.89,5.85,5.90,5.90,5.77,5.59,5.60,5.76,5.73,5.89,5.78,5.63,5.69,5.85,5.60,5.55,5.62,5.62,5.51,5.52,5.45,5.46,5.34,5.19,5.01,5.02,4.99,5.02,5.03,4.97,4.83,4.71,4.76,4.84,4.64,4.33,4.25,4.04,3.75,3.63,4.10,3.60,3.41,3.54,3.63,3.57,3.47,3.54,3.63,3.53,3.31,3.20,3.31,3.51,3.43,3.38,3.38,3.34,3.27,3.20,3.15,3.19,3.14,2.97,2.82,2.89,3.02,3.20,3.19,2.88,2.93,3.13,2.94,2.91,2.90,2.61,2.54,2.83,2.88,2.84,2.85,2.89,2.84,2.45,2.64
3.92,3.49,3.27,3.95,4.88,5.38,5.53,5.51,5.51,5.91,5.88,5.80,5.68,5.56,5.45,5.22,5.22,5.20,5.10,5.06,5.09,5.04,4.82,4.69,4.65,4.61,4.36,3.91,3.49,3.00,2.59,2.43,2.03,2.02,1.87,1.64,1.54,1.44,1.33,1.99,2.69,3.06,3.27,3.37,3.46,3.66,4.03,4.28,4.35,4.75,4.94,5.11,5.32,5.35,5.34,5.18,5.33,5.27,5.29,5.35,5.42,5.48,5.48,5.44,5.37,5.44,5.55,5.55,5.71,5.80,5.76,5.87,5.80,5.76,5.75,5.82,5.85,5.96,5.96,5.80,5.75,5.74,5.69,5.81,5.85,5.83,5.67,5.84,5.87,5.70,5.63,5.62,5.47,5.48,5.54,5.53,5.34,5.29,5.17,4.99,4.77,4.94,5.17,5.24,5.23,5.18,5.02,4.81,4.88,5.03,4.91,4.85,4.56,4.12,4.01,4.20,3.90,3.54,3.78,3.70,3.68,3.94,4.01,3.87,3.76,3.50,3.38,3.60,3.83,3.62,3.49,3.37,3.27,3.22,3.19,3.18,3.14,3.02,2.88,2.98,3.01,3.10,3.22,3.18,2.85,2.78,2.95,2.88,2.90,2.89,2.77,2.75,2.73,2.78,2.64,2.66,2.91,2.91,2.73,2.82
3.68,3.24,2.93,4.05,4.75,5.12,5.25,5.17,5.08,5.63,5.60,5.61,5.55,5.40,5.29,5.33,4.99,4.87,4.94,4.97,4.96,4.98,4.84,4.70,4.54,4.27,4.07,3.72,3.38,2.95,2.52,2.30,1.80,1.74,1.68,1.56,1.46,1.42,1.43,1.95,2.59,3.04,3.31,3.37,3.51,3.66,3.89,4.29,4.37,4.78,4.98,5.03,5.27,5.27,5.34,5.27,5.33,5.23,5.18,5.26,5.35,5.40,5.47,5.44,5.40,5.53,5.54,5.61,5.66,5.68,5.75,5.85,5.78,5.77,5.78,5.84,5.77,5.93,5.97,5.98,5.87,5.74,5.93,5.89,5.76,5.78,5.87,5.84,5.91,5.82,5.73,5.69,5.52,5.49,5.54,5.53,5.37,5.23,5.12,4.97,4.62,4.81,5.27,5.55,5.53,5.25,4.99,4.91,5.08,5.39,5.42,5.38,5.03,4.82,4.82,4.51,4.18,3.57,3.98,4.57,5.38,5.60,4.89,4.08,3.83,3.76,3.66,3.60,3.71,3.63,3.56,3.49,3.33,3.16,3.16,3.24,3.12,3.03,2.91,3.03,3.06,3.08,3.18,3.16,2.98,2.97,2.89,2.96,2.96,2.93,2.91,2.87,2.88,3.01,3.02,3.14,3.34,3.31,2.96,2.94
3.30,2.91,2.58,3.83,4.57,4.87,4.94,4.95,4.98,5.24,5.22,5.40,5.31,5.13,5.26,5.02,5.01,4.96,4.87,4.71,4.68,4.83,4.71,4.55,4.42,4.20,3.92,3.53,3.28,2.94,2.42,2.22,1.79,1.73,1.61,1.60,1.54,1.44,1.44,1.83,2.47,2.94,3.15,3.28,3.46,3.75,3.75,4.24,4.29,4.47,4.84,4.95,5.17,5.23,5.39,5.26,5.22,5.23,5.18,5.22,5.33,5.33,5.29,5.34,5.39,5.40,5.46,5.62,5.65,5.61,5.70,5.84,5.83,5.87,5.77,5.82,5.78,5.92,5.97,5.88,5.84,5.70,5.99,6.00,5.68,5.78,5.95,5.71,5.95,5.88,5.74,5.59,5.58,5.41,5.49,5.31,5.33,5.25,5.16,4.97,4.57,4.72,5.40,5.71,5.59,5.24,4.91,4.88,5.09,5.42,5.55,5.60,5.47,5.04,5.39,5.46,4.56,4.01,4.17,5.37,7.85,9.10,7.30,4.94,4.29,4.05,3.84,3.75,3.62,3.54,3.52,3.50,3.37,3.21,3.14,3.16,3.15,3.16,3.07,2.91,3.00,3.09,3.16,3.10,3.01,3.06,2.93,2.89,2.89,2.97,3.04,2.93,2.78,2.95,3.02,3.16,3.25,3.04,3.07,3.22
2.93,2.52,2.67,3.62,4.16,4.55,4.64,4.58,4.78,4.95,5.01,5.29,5.34,5.17,5.04,4.85,4.70,4.70,4.65,4.55,4.55,4.67,4.37,4.42,4.31,4.31,3.97,3.51,3.16,2.81,2.32,2.13,1.91,1.74,1.50,1.62,1.51,1.40,1.32,1.64,2.26,2.78,3.00,3.10,3.41,3.72,3.76,4.09,4.28,4.31,4.74,4.91,5.23,5.24,5.37,5.18,5.16,5.17,5.23,5.24,5.27,5.37,5.38,5.40,5.44,5.40,5.48,5.56,5.63,5.63,5.61,5.73,5.83,5.95,5.67,5.87,5.74,5.76,5.84,5.68,5.74,5.69,5.88,5.93,5.76,5.83,5.88,5.75,5.99,5.89,5.61,5.51,5.47,5.42,5.41,5.20,5.24,5.35,5.22,4.97,4.60,4.83,5.48,5.74,5.65,5.29,4.84,4.64,4.72,5.08,5.37,5.55,5.48,5.26,5.49,5.39,4.89,4.60,4.36,6.06,13.92,16.52,11.20,5.61,4.18,3.83,3.59,3.54,3.59,3.33,3.39,3.38,3.24,3.06,3.08,3.16,3.07,2.98,2.87,2.73,3.13,3.22,3.12,3.00,3.00,3.06,2.89,2.78,2.88,2.98,3.03,3.07,2.97,2.85,2.87,2.93,2.98,2.98,2.83,2.94
3.44,2.70,2.47,3.64,4.18,4.74,4.99,4.85,4.77,4.94,5.04,5.18,5.30,5.33,5.22,5.06,4.77,4.71,4.50,4.40,4.50,4.51,4.22,4.36,4.24,4.17,3.87,3.50,3.15,2.73,2.28,2.07,1.91,1.64,1.51,1.55,1.45,1.40,1.37,1.76,2.35,2.81,3.13,3.06,3.22,3.52,3.73,3.88,4.24,4.41,4.69,4.95,5.27,5.20,5.31,5.22,5.13,5.27,5.29,5.18,5.15,5.23,5.37,5.42,5.48,5.45,5.46,5.69,5.69,5.68,5.62,5.77,5.77,5.81,5.59,5.75,5.85,5.78,5.81,5.76,5.84,5.68,5.87,5.87,5.70,5.85,5.84,5.85,5.92,5.97,5.70,5.54,5.45,5.45,5.42,5.37,5.30,5.35,5.19,5.08,4.85,5.06,5.55,5.82,5.63,5.13,4.70,4.55,4.70,4.98,5.19,5.30,5.46,5.17,5.35,5.29,5.31,5.04,4.76,7.14,14.02,13.88,9.13,5.77,4.30,3.97,3.78,3.56,3.25,3.26,3.49,3.43,3.33,3.08,3.06,3.19,3.10,3.08,2.76,2.64,3.27,3.38,3.25,3.18,3.20,3.03,2.82,2.89,3.04,3.10,3.08,3.16,3.32,3.16,3.10,3.14,3.12,2.94,2.97,3.01
3.14,2.55,2.22,3.40,4.08,4.72,5.04,4.89,4.72,4.98,5.01,5.16,5.26,5.23,5.32,4.98,4.83,4.62,4.55,4.48,4.45,4.61,4.30,4.50,4.23,4.09,3.90,3.57,3.21,2.88,2.37,2.25,1.94,1.80,1.76,1.61,1.50,1.49,1.48,1.95,2.61,2.95,3.21,3.22,3.31,3.69,3.87,4.05,4.30,4.62,4.85,4.92,5.26,5.31,5.37,5.25,5.22,5.30,5.32,5.31,5.25,5.27,5.40,5.47,5.52,5.44,5.51,5.70,5.77,5.80,5.74,5.88,5.73,5.81,5.76,5.91,5.96,5.85,5.95,5.69,5.78,5.66,5.69,5.87,5.82,5.90,5.83,5.88,5.91,6.00,5.83,5.78,5.68,5.61,5.60,5.58,5.32,5.33,5.24,5.22,5.04,5.27,5.65,5.85,5.58,5.08,4.71,4.62,4.89,5.25,5.29,5.24,5.44,5.05,5.11,5.52,5.41,5.23,4.84,6.44,9.42,9.31,7.14,5.25,4.35,4.07,3.72,3.50,3.35,3.24,3.25,3.20,2.97,2.82,2.82,2.98,3.12,2.84,2.67,2.81,3.16,3.21,3.19,3.21,3.15,2.78,2.76,2.94,3.07,3.03,2.98,3.06,3.10,2.98,2.84,2.95,2.94,2.60,2.81,2.63
2.65,2.31,2.10,2.79,3.88,4.50,4.76,4.92,4.81,4.72,4.98,5.15,5.16,5.05,4.90,4.84,4.76,4.60,4.50,4.42,4.30,4.53,4.25,4.54,4.33,4.20,4.05,3.70,3.31,3.04,2.66,2.35,1.97,2.07,1.85,1.67,1.44,1.37,1.45,1.90,2.65,3.16,3.31,3.37,3.53,3.71,3.97,4.25,4.36,4.74,5.01,5.05,5.32,5.22,5.26,5.29,5.30,5.32,5.37,5.41,5.40,5.46,5.49,5.39,5.39,5.47,5.60,5.84,5.78,5.85,5.80,5.83,5.89,5.92,5.78,6.06,5.88,5.77,5.76,5.80,5.60,5.70,5.66,5.81,5.76,5.89,5.88,5.87,5.91,5.92,5.76,5.89,5.80,5.58,5.65,5.44,5.24,5.33,5.27,5.22,4.99,5.26,5.65,5.77,5.51,5.13,4.76,4.56,4.89,5.35,5.35,5.30,5.37,5.12,5.18,5.40,5.34,5.11,4.72,4.97,5.77,5.77,5.13,4.60,4.22,3.88,3.62,3.18,2.93,2.35,2.64,2.96,2.85,2.63,2.47,2.48,2.64,2.52,2.30,2.73,3.09,3.01,2.88,2.78,2.71,2.59,2.49,2.57,2.69,2.69,2.65,2.70,2.52,2.41,2.23,2.37,2.46,2.25,2.36,2.25
2.48,2.07,1.96,2.66,3.68,4.43,4.78,4.96,4.90,4.77,5.05,5.15,5.08,4.99,4.67,4.72,4.71,4.67,4.55,4.43,4.41,4.34,4.14,4.34,4.35,4.30,4.15,3.76,3.35,3.12,2.75,2.16,1.85,2.01,1.68,1.57,1.38,1.28,1.21,1.56,2.38,3.07,3.37,3.45,3.43,3.58,3.95,4.35,4.40,4.76,4.84,5.01,5.27,5.26,5.17,5.17,5.25,5.27,5.34,5.42,5.47,5.59,5.51,5.40,5.56,5.82,5.89,5.83,5.65,5.53,5.56,5.75,5.89,5.89,5.78,5.91,5.90,5.95,5.87,5.74,5.59,5.65,5.92,5.83,5.90,5.95,5.96,5.99,5.83,5.88,5.75,5.78,5.67,5.48,5.51,5.32,5.24,5.37,5.32,5.34,5.01,5.15,5.47,5.66,5.44,5.03,4.68,4.45,4.65,5.13,5.22,5.23,5.27,5.24,5.31,5.27,5.29,5.03,4.53,4.34,4.47,4.55,4.45,4.33,4.21,3.94,3.59,2.78,2.01,1.53,2.10,2.23,2.06,2.14,2.28,2.43,2.63,2.58,2.25,2.63,3.20,2.88,2.63,2.54,2.42,2.23,2.28,1.97,2.14,2.28,2.20,2.06,2.03,1.95,1.68,1.72,1.78,1.66,1.78,1.82
2.55,2.19,2.00,2.70,3.68,4.55,5.03,5.01,4.98,4.87,5.02,5.09,5.04,4.92,4.69,4.60,4.64,4.71,4.67,4.61,4.68,4.47,4.21,4.20,4.18,4.18,4.08,3.75,3.31,2.97,2.52,2.03,1.90,1.83,1.42,1.40,1.29,1.21,1.11,1.44,2.23,2.87,3.30,3.31,3.27,3.66,4.04,4.25,4.21,4.37,4.78,4.98,5.25,5.30,5.27,5.18,5.16,5.12,5.30,5.54,5.61,5.70,5.69,5.55,5.65,5.93,5.99,5.84,5.75,5.77,5.74,5.99,6.06,5.88,5.88,6.02,6.06,5.90,6.08,5.80,5.53,5.70,5.97,5.74,5.85,5.78,5.80,6.03,6.03,5.76,5.67,5.73,5.55,5.48,5.37,5.41,5.25,5.27,5.32,5.34,5.11,5.16,5.32,5.65,5.52,5.05,4.70,4.40,4.51,4.97,5.09,5.04,5.17,5.22,5.30,5.30,5.20,4.81,4.31,4.10,3.97,4.05,4.14,4.18,4.08,3.79,3.44,2.37,1.48,1.26,1.40,1.57,1.51,1.67,2.10,2.47,2.42,1.99,1.50,2.18,2.55,2.20,1.83,1.53,1.39,1.54,1.57,1.55,1.40,1.40,1.42,1.38,1.45,1.37,1.20,1.25,1.26,1.17,1.42,1.51
2.49,2.28,1.96,2.70,3.83,4.68,4.96,4.90,4.92,4.79,4.96,5.02,4.96,4.97,4.61,4.58,4.61,4.65,4.57,4.50,4.61,4.53,4.21,4.12,3.97,3.87,3.73,3.49,3.08,2.67,2.22,1.89,1.82,1.74,1.46,1.46,1.33,1.16,1.23,1.66,2.30,2.83,3.22,3.26,3.44,3.77,3.82,4.16,4.25,4.43,4.72,4.83,4.90,5.01,5.11,5.09,5.13,5.16,5.19,5.31,5.52,5.65,5.56,5.47,5.54,5.68,5.69,5.80,5.80,5.70,5.67,5.91,6.00,5.88,5.75,6.03,5.99,5.89,6.03,6.02,5.69,5.70,5.88,5.83,5.87,5.91,5.83,5.90,5.92,5.88,5.59,5.55,5.65,5.42,5.30,5.38,5.29,5.27,5.27,5.24,5.11,5.16,5.35,5.54,5.39,5.06,4.69,4.40,4.53,4.83,5.02,4.94,5.17,5.08,5.22,5.10,5.23,4.67,4.05,4.05,4.02,4.01,4.02,3.96,3.92,3.89,3.39,2.24,1.06,1.09,0.99,1.09,0.94,1.11,1.44,1.82,2.08,1.95,1.80,1.72,2.51,2.05,1.74,1.64,1.53,1.46,1.21,1.31,1.22,1.17,1.21,1.23,1.26,1.10,1.20,1.36,1.42,1.39,1.51,1.67
2.32,2.11,1.88,2.73,3.78,4.51,4.74,4.68,4.71,4.70,4.82,4.87,4.87,4.98,4.57,4.61,4.56,4.45,4.37,4.37,4.34,4.17,4.01,4.04,3.87,3.75,3.66,3.40,3.02,2.57,1.89,1.76,1.90,1.72,1.56,1.45,1.37,1.17,1.18,1.66,2.32,2.82,3.01,3.13,3.32,3.39,3.73,3.92,4.05,4.36,4.55,4.87,4.85,4.97,5.10,5.10,5.15,5.25,5.30,5.22,5.33,5.58,5.48,5.48,5.42,5.63,5.69,5.81,5.81,5.59,5.59,5.81,5.68,5.91,5.91,5.84,5.96,5.98,6.07,5.96,5.68,5.73,5.77,5.69,5.95,5.78,5.78,5.81,5.85,5.89,5.68,5.62,5.60,5.47,5.40,5.44,5.39,5.45,5.32,5.25,5.08,5.13,5.30,5.42,5.20,4.94,4.61,4.34,4.44,4.64,4.89,4.95,5.12,4.96,5.19,5.01,5.25,4.58,3.96,4.07,4.01,3.98,3.92,3.84,3.83,3.83,3.53,2.36,0.85,0.79,0.55,0.69,0.76,0.77,1.10,1.73,2.06,1.85,2.07,2.08,2.29,1.60,1.42,1.59,1.71,1.59,1.55,1.48,0.98,0.94,1.11,1.17,1.37,1.23,1.20,1.33,1.59,1.77,1.60,1.94
2.29,1.94,1.80,2.82,3.71,4.33,4.69,4.54,4.56,4.65,4.63,4.67,4.76,4.69,4.49,4.42,4.29,4.18,4.18,4.17,4.00,3.97,3.81,3.91,3.77,3.60,3.57,3.39,3.00,2.66,1.80,1.93,1.93,1.55,1.45,1.37,1.36,1.22,1.18,1.55,2.10,2.65,3.01,3.08,3.41,3.53,3.72,4.03,4.16,4.57,4.69,4.94,4.92,5.01,5.10,5.20,5.20,5.12,5.19,5.20,5.30,5.56,5.48,5.33,5.32,5.42,5.54,5.67,5.74,5.59,5.53,5.69,5.70,5.67,5.78,5.78,5.77,5.96,6.00,5.60,5.44,5.61,5.58,5.80,5.78,5.82,5.74,5.67,5.85,5.66,5.49,5.47,5.60,5.65,5.44,5.49,5.44,5.39,5.23,5.27,5.11,5.06,5.26,5.41,5.15,4.84,4.50,4.29,4.43,4.65,4.91,4.98,5.10,5.04,5.18,5.11,5.31,4.64,4.17,4.02,3.82,3.91,3.89,3.75,3.70,3.78,3.58,2.46,1.00,0.34,0.45,0.42,0.76,1.22,1.67,2.17,2.42,2.26,2.52,2.67,2.61,2.12,2.06,2.08,2.03,2.08,2.14,1.88,1.62,1.61,1.65,1.67,1.82,1.79,1.71,1.94,2.16,2.08,1.88,2.47
2.28,1.90,1.74,2.73,3.83,4.48,4.62,4.48,4.45,4.49,4.63,4.64,4.55,4.57,4.42,4.22,4.11,4.10,4.23,4.30,3.96,3.94,3.68,3.91,3.72,3.73,3.71,3.44,3.08,2.73,2.11,1.85,1.94,1.65,1.67,1.50,1.51,1.42,1.20,1.46,2.16,2.57,2.84,3.08,3.22,3.82,3.84,4.00,4.15,4.55,4.83,4.94,4.76,4.83,4.98,4.91,5.03,5.26,5.32,5.39,5.47,5.53,5.41,5.32,5.40,5.58,5.61,5.82,5.74,5.60,5.63,5.83,5.93,6.00,5.80,5.69,5.80,6.07,5.93,5.62,5.81,5.61,5.78,5.89,5.93,5.84,5.80,5.71,5.87,6.02,5.73,5.62,5.65,5.76,5.65,5.31,5.37,5.40,5.30,5.32,5.04,5.06,5.13,5.27,5.12,4.79,4.51,4.35,4.51,4.82,5.06,5.19,5.31,5.16,4.99,5.11,5.31,4.56,4.03,3.66,3.49,3.64,3.63,3.56,3.66,3.72,3.44,2.49,1.40,1.03,1.25,1.29,1.56,1.89,2.22,2.48,2.55,2.40,2.54,2.61,2.69,2.53,2.54,2.55,2.47,2.35,2.24,2.20,2.06,2.01,2.08,2.20,2.28,2.41,2.45,2.34,2.35,2.42,2.41,2.96
2.07,1.78,1.84,2.45,3.49,4.28,4.40,4.36,4.33,4.42,4.51,4.50,4.40,4.25,4.22,4.18,4.16,4.17,4.20,4.20,3.85,3.83,3.78,3.87,3.66,3.59,3.63,3.44,2.98,2.60,2.11,2.06,2.03,1.74,1.68,1.55,1.53,1.44,1.31,1.55,2.25,2.82,3.07,3.30,3.01,3.43,3.79,3.97,4.16,4.34,4.81,4.96,4.90,5.06,5.10,5.04,5.16,5.25,5.26,5.23,5.23,5.23,5.18,5.29,5.42,5.52,5.65,5.78,5.66,5.68,5.77,5.63,5.71,5.78,5.69,6.02,5.74,5.91,5.77,5.66,5.65,5.52,5.70,5.91,6.12,5.82,5.92,5.80,6.08,5.92,5.92,5.73,5.69,5.55,5.60,5.31,5.38,5.24,5.24,5.16,5.04,4.96,5.01,5.29,5.08,4.61,4.47,4.33,4.42,4.85,5.01,5.13,5.19,5.06,4.85,5.01,4.83,4.09,3.50,3.20,3.19,3.44,3.46,3.57,3.65,3.47,3.14,2.59,2.03,1.97,2.10,2.25,2.24,2.34,2.42,2.52,2.61,2.61,2.65,2.61,2.72,2.60,2.78,2.91,2.78,2.57,2.64,2.38,2.28,2.28,2.29,2.30,2.49,2.37,2.53,2.55,2.57,2.67,2.79,2.93
2.22,1.87,1.72,2.20,3.20,4.12,4.48,4.15,4.27,4.49,4.54,4.48,4.43,4.25,4.31,4.17,4.04,4.11,4.11,3.79,3.90,3.81,3.78,3.88,3.79,3.75,3.79,3.57,2.98,2.60,2.11,2.23,2.00,1.60,1.62,1.68,1.50,1.33,1.33,1.64,2.23,2.59,2.97,3.35,3.49,3.41,3.81,3.98,4.34,4.49,4.81,4.98,5.04,5.02,5.17,5.18,5.11,5.16,5.23,5.32,5.44,5.44,5.18,5.32,5.30,5.32,5.33,5.40,5.48,5.63,5.77,5.61,5.70,5.83,5.88,5.98,5.76,5.67,5.68,5.67,5.61,5.66,5.82,5.90,5.89,5.85,6.02,5.84,5.96,5.89,5.76,5.54,5.75,5.63,5.48,5.33,5.29,5.17,5.17,5.17,4.98,4.95,4.90,5.13,5.05,4.64,4.42,4.24,4.28,4.75,4.94,4.88,4.94,4.95,4.75,4.55,4.07,3.70,3.34,3.14,3.12,3.33,3.40,3.44,3.35,3.03,2.83,2.67,2.51,2.60,2.65,2.65,2.66,2.63,2.60,2.63,2.66,2.78,2.87,2.67,2.87,2.67,2.81,2.88,2.81,2.71,2.77,2.60,2.64,2.73,2.77,2.77,2.78,2.76,2.82,2.81,2.77,2.73,2.75,3.12
2.47,2.22,1.96,2.37,3.32,4.16,4.35,4.07,4.25,4.44,4.53,4.64,4.76,4.49,4.40,4.20,4.22,4.15,3.94,3.83,4.02,4.08,3.88,3.73,3.68,3.59,3.53,3.41,3.10,2.82,2.35,2.22,2.07,1.91,1.74,1.71,1.76,1.60,1.37,1.64,2.36,2.72,3.01,3.31,3.39,3.63,3.73,4.21,4.22,4.44,4.68,4.94,4.94,5.09,5.22,5.22,5.18,5.27,5.35,5.33,5.49,5.33,5.12,5.25,5.29,5.40,5.61,5.63,5.59,5.52,5.59,5.68,5.87,5.78,5.95,5.93,5.76,5.98,5.81,5.77,5.59,5.76,5.80,6.03,6.03,6.03,5.78,5.77,5.89,5.82,5.70,5.65,5.62,5.69,5.47,5.61,5.42,5.27,5.37,5.18,5.12,4.98,4.85,5.09,5.05,4.63,4.41,4.24,4.25,4.76,5.11,5.04,4.90,4.62,4.23,3.78,3.54,3.44,3.32,3.25,3.14,3.15,3.14,3.18,3.14,2.89,2.83,2.89,2.89,2.95,2.98,2.69,2.78,2.71,2.66,2.72,2.76,2.76,2.84,2.78,2.72,2.78,2.83,2.89,2.87,2.69,2.71,2.66,2.85,2.88,2.84,2.84,2.89,2.76,2.87,2.69,2.61,2.75,2.83,3.01
2.30,2.17,1.82,2.31,3.27,4.03,4.20,3.90,4.03,4.14,4.17,4.25,4.44,4.36,4.62,4.18,4.30,4.35,4.08,3.87,3.69,3.88,3.72,3.79,3.71,3.68,3.64,3.46,3.21,2.95,2.42,2.25,2.11,1.80,1.78,1.56,1.50,1.33,1.21,1.59,2.16,2.82,3.19,3.13,3.30,3.41,3.65,3.92,4.01,4.25,4.57,4.82,4.89,4.94,5.06,5.06,4.92,5.04,5.29,5.40,5.54,5.38,5.23,5.31,5.22,5.31,5.58,5.65,5.52,5.55,5.46,5.55,5.69,5.81,5.83,5.73,5.73,5.87,5.87,5.68,5.73,5.80,5.87,5.90,5.93,5.81,5.82,5.83,5.92,5.89,5.66,5.56,5.51,5.49,5.35,5.40,5.47,5.25,5.10,4.99,4.97,4.97,4.94,5.03,4.88,4.57,4.41,4.20,4.23,4.79,5.12,4.94,4.57,4.24,3.66,3.47,3.50,3.43,3.12,3.21,3.31,3.28,3.15,3.19,3.24,3.10,3.01,3.14,3.13,2.91,2.96,2.59,2.81,2.72,2.59,2.69,2.81,2.79,2.88,2.85,2.65,2.78,2.93,2.96,2.89,2.77,2.65,2.73,2.81,2.89,2.88,2.76,2.70,2.59,2.76,2.81,2.81,2.79,2.85,2.93
2.08,1.60,1.73,2.20,3.03,3.88,4.29,4.15,4.03,3.91,3.82,4.02,4.50,4.56,4.71,4.42,4.43,4.45,4.28,4.02,3.85,4.34,4.04,4.00,3.95,3.87,3.79,3.62,3.25,3.04,2.40,2.45,2.11,1.72,1.54,1.44,1.33,1.37,1.45,1.57,2.18,2.90,3.03,3.16,3.15,3.59,3.76,3.85,4.05,4.34,4.56,4.69,4.82,4.97,5.15,5.09,5.05,5.22,5.29,5.29,5.24,5.19,5.18,5.06,5.17,5.39,5.58,5.66,5.67,5.51,5.56,5.61,5.85,5.77,5.75,5.63,5.82,5.80,5.70,5.60,5.80,5.82,5.78,5.97,5.75,5.89,5.84,5.84,5.95,5.99,5.76,5.56,5.59,5.63,5.65,5.47,5.38,5.18,5.20,5.09,4.89,4.98,4.92,4.89,4.81,4.51,4.36,4.22,4.22,4.72,5.01,4.69,4.17,3.77,3.24,3.21,3.31,3.46,3.16,3.27,3.22,3.25,3.21,3.19,3.24,3.19,3.09,3.09,3.10,2.81,2.84,2.71,2.82,2.75,2.71,2.77,2.83,2.84,2.89,2.88,2.76,2.82,2.91,2.90,2.85,2.82,2.66,2.72,2.67,2.70,2.73,2.75,2.77,2.61,2.70,2.79,2.78,2.72,2.78,2.95
2.11,1.87,1.56,2.02,2.88,3.65,4.02,3.90,3.83,3.73,3.43,3.56,4.48,4.69,4.61,4.60,4.53,4.49,4.45,4.20,3.90,4.16,4.00,3.98,3.84,3.72,3.64,3.49,3.27,2.98,2.66,2.26,2.13,1.70,1.72,1.73,1.64,1.55,1.45,1.64,2.28,2.82,3.22,3.10,3.35,3.57,3.54,3.96,4.16,4.24,4.47,4.70,4.90,4.97,5.05,5.15,5.18,5.19,5.16,5.26,5.42,5.46,5.44,5.32,5.25,5.25,5.40,5.52,5.58,5.62,5.82,5.66,5.73,5.80,5.84,5.82,5.76,5.80,5.77,5.76,5.85,5.88,5.98,6.26,5.91,5.91,5.96,5.87,6.08,5.82,5.61,5.69,5.75,5.56,5.56,5.45,5.41,5.29,5.15,5.09,5.04,4.84,4.84,4.97,4.72,4.47,4.40,4.21,4.24,4.67,4.67,4.02,3.50,3.35,3.25,3.16,3.32,3.33,3.33,3.49,3.28,3.26,3.22,3.27,3.26,3.10,3.10,3.00,3.08,2.88,2.96,2.93,2.82,2.91,2.93,2.84,2.79,2.78,2.76,2.84,2.72,2.83,2.85,2.91,2.88,2.61,2.54,2.65,2.57,2.64,2.76,2.78,2.76,2.78,2.71,2.69,2.65,2.61,2.67,2.79
2.13,2.14,1.57,2.10,2.89,3.52,4.17,4.16,3.96,3.82,3.75,3.97,4.51,4.51,4.34,4.49,4.45,4.38,4.35,4.18,4.11,4.29,4.18,4.27,4.01,3.87,3.89,3.70,3.38,3.22,2.42,2.20,1.96,1.97,1.73,1.57,1.48,1.46,1.50,1.57,2.07,2.77,3.22,3.24,3.41,3.52,3.45,3.96,4.18,4.45,4.72,4.82,4.89,5.12,5.09,5.06,5.23,5.25,5.33,5.41,5.59,5.63,5.47,5.25,5.11,5.27,5.54,5.51,5.66,5.66,5.91,5.56,5.73,5.81,5.82,5.90,5.85,6.14,5.84,5.81,6.06,5.74,5.95,6.13,5.93,6.06,5.76,5.81,5.71,5.87,5.51,5.65,5.66,5.60,5.58,5.47,5.39,5.25,5.10,4.95,4.95,4.91,4.64,4.67,4.70,4.56,4.40,4.16,4.23,4.48,4.14,3.56,3.22,3.18,3.08,3.19,3.13,3.35,3.39,3.51,3.25,3.27,3.25,3.27,3.15,2.85,2.93,2.94,2.98,2.88,2.93,2.95,2.98,3.08,2.98,2.78,2.75,2.77,2.67,2.79,2.69,2.79,2.89,3.01,3.02,2.66,2.53,2.58,2.48,2.65,2.82,2.83,2.83,2.73,2.70,2.61,2.64,2.73,2.69,2.89
2.35,2.22,1.70,2.05,2.85,3.70,4.45,4.44,4.01,3.82,3.91,4.21,4.50,4.72,4.70,4.54,4.45,4.41,4.30,4.11,4.05,4.22,3.90,4.04,3.95,3.84,3.76,3.46,3.14,2.85,2.34,2.25,2.03,1.91,1.77,1.71,1.71,1.70,1.71,1.87,2.20,2.95,3.20,3.15,3.18,3.49,3.73,4.02,4.08,4.30,4.44,4.67,4.81,5.05,5.10,5.09,5.20,5.24,5.31,5.27,5.34,5.58,5.49,5.44,5.34,5.42,5.47,5.41,5.80,5.66,5.81,5.75,5.83,5.85,5.88,5.70,5.85,5.70,5.93,5.66,5.90,5.83,5.83,5.85,5.88,5.80,5.90,5.69,5.75,5.71,5.61,5.73,5.66,5.63,5.60,5.51,5.51,5.34,5.30,5.23,5.11,4.95,4.69,4.81,4.85,4.65,4.42,4.15,3.98,3.89,3.60,3.31,3.18,3.04,3.16,3.21,3.03,3.10,3.10,3.34,3.06,3.07,3.12,3.12,3.00,2.78,2.81,2.76,2.85,2.87,2.79,3.06,3.01,2.95,2.88,2.83,2.87,2.84,2.61,2.78,2.81,2.87,2.90,3.02,3.14,3.02,2.71,2.58,2.52,2.61,2.75,2.85,2.95,2.66,2.67,2.58,2.61,2.72,2.72,2.88
2.42,2.01,1.72,1.95,2.71,3.70,4.37,4.30,4.20,4.02,4.17,4.54,4.77,5.03,4.62,4.61,4.55,4.41,4.20,4.05,4.07,4.04,3.95,3.84,3.78,3.79,3.63,3.30,3.28,2.84,2.35,2.06,1.93,1.74,1.62,1.62,1.68,1.76,1.80,1.79,1.96,2.77,2.94,3.19,3.21,3.39,3.62,3.82,4.27,4.27,4.53,4.71,4.72,5.01,5.12,5.11,5.10,5.11,5.29,5.23,5.29,5.33,5.42,5.44,5.31,5.38,5.59,5.48,5.77,5.75,5.70,5.75,5.75,5.89,5.92,5.70,5.95,5.85,5.91,6.10,5.78,5.69,5.53,5.89,5.90,5.88,5.68,5.85,5.55,5.74,5.62,5.73,5.70,5.55,5.53,5.47,5.47,5.34,5.25,5.20,5.02,5.06,4.77,4.79,4.91,4.64,4.33,4.04,3.79,3.66,3.49,3.31,3.44,3.43,3.32,3.41,3.24,3.33,3.12,3.02,2.97,3.10,3.03,3.02,3.09,2.95,2.79,2.78,2.75,2.90,3.08,3.00,3.08,2.93,2.78,2.87,2.95,2.85,2.63,2.85,2.78,2.82,2.82,2.88,2.98,2.96,2.64,2.63,2.58,2.60,2.69,2.75,2.71,2.63,2.55,2.52,2.55,2.64,2.67,2.70
2.26,1.67,1.61,1.89,2.57,3.45,4.10,4.12,4.09,4.11,4.30,4.51,4.64,5.08,4.55,4.55,4.43,4.28,4.16,3.91,4.03,3.94,3.95,3.85,3.66,3.53,3.41,3.26,3.15,2.72,2.32,2.02,1.91,1.76,1.61,1.64,1.73,1.70,1.68,1.79,1.87,2.55,3.02,3.10,3.14,3.44,3.58,3.66,4.03,4.18,4.41,4.55,4.70,5.02,5.11,5.17,5.27,5.19,5.19,5.25,5.30,5.34,5.46,5.25,5.32,5.40,5.46,5.55,5.69,5.70,5.78,5.80,5.81,5.97,5.99,5.71,5.83,5.84,5.98,5.92,5.82,5.67,5.73,5.82,5.73,5.96,5.95,5.65,5.58,5.65,5.66,5.82,5.76,5.63,5.33,5.56,5.49,5.20,5.17,5.12,5.02,5.04,4.68,4.64,4.88,4.68,4.29,3.92,3.66,3.53,3.41,3.35,3.33,3.12,3.15,3.20,3.02,3.19,2.81,2.83,2.84,2.84,2.96,3.04,2.95,2.87,2.94,2.82,2.72,2.95,3.20,2.94,2.91,2.73,2.71,2.85,2.93,2.78,2.71,2.76,2.79,2.66,2.70,2.76,2.71,2.65,2.57,2.46,2.57,2.58,2.58,2.57,2.45,2.42,2.31,2.38,2.61,2.75,2.61,2.81
2.13,1.55,1.53,1.80,2.42,3.22,3.90,3.89,3.83,4.08,4.36,4.48,4.49,4.76,4.44,4.54,4.37,4.23,4.17,3.96,3.95,3.98,3.90,3.72,3.52,3.50,3.50,3.34,3.13,2.79,2.20,2.05,2.01,2.01,1.80,1.82,1.84,1.71,1.66,1.77,1.96,2.51,2.84,3.15,3.10,3.38,3.70,3.73,3.94,4.18,4.41,4.63,4.81,5.02,5.11,5.20,5.27,5.26,5.27,5.19,5.16,5.22,5.24,5.29,5.40,5.34,5.39,5.61,5.69,5.54,5.77,5.85,5.75,5.76,5.73,5.95,6.11,6.08,6.06,5.88,5.58,5.52,5.80,6.08,5.92,5.90,5.84,5.55,5.63,5.76,5.63,5.75,5.77,5.63,5.48,5.40,5.37,5.33,5.24,5.15,5.10,5.24,4.70,4.61,4.82,4.56,4.14,3.79,3.62,3.49,3.34,3.35,3.40,3.10,3.13,3.22,2.96,2.97,2.76,2.96,2.93,3.00,3.04,3.00,2.93,2.89,2.93,2.84,2.65,2.95,2.76,2.82,2.84,2.84,2.78,2.79,2.89,2.83,2.61,2.59,2.76,2.72,2.71,2.67,2.61,2.67,2.58,2.42,2.59,2.55,2.57,2.70,2.45,2.41,2.31,2.37,2.48,2.52,2.49,2.88
2.11,1.78,1.61,1.77,2.29,3.09,3.84,3.51,3.56,3.87,4.15,4.24,4.14,4.22,4.12,4.49,4.44,4.21,4.15,4.12,3.91,4.08,3.88,3.76,3.57,3.51,3.56,3.45,3.15,2.85,2.18,2.18,2.11,2.05,1.95,1.97,1.96,1.77,1.65,1.79,2.07,2.63,2.88,3.25,3.26,3.51,3.49,3.79,4.00,4.14,4.49,4.71,4.72,4.94,5.17,5.22,5.20,5.23,5.32,5.13,5.18,5.29,5.12,5.27,5.31,5.15,5.39,5.56,5.53,5.54,5.62,5.71,5.70,5.73,5.87,5.62,5.80,5.54,5.82,5.75,5.73,5.62,5.82,5.88,5.84,6.05,6.03,5.87,5.56,5.73,5.76,5.65,5.76,5.66,5.69,5.69,5.53,5.23,5.24,5.25,5.12,5.01,4.64,4.63,4.64,4.20,3.81,3.70,3.57,3.53,3.33,3.21,3.09,2.94,2.94,3.28,2.84,2.88,2.69,2.66,2.78,2.94,2.84,2.83,2.94,2.96,3.03,3.00,3.01,2.87,2.84,2.82,2.85,2.83,2.71,2.67,2.75,2.53,2.46,2.66,2.63,2.70,2.76,2.65,2.47,2.43,2.57,2.51,2.77,2.71,2.59,2.59,2.26,2.30,2.29,2.37,2.51,2.57,2.54,2.75
2.05,1.97,1.74,1.76,2.24,3.14,3.82,3.32,3.26,3.35,3.50,3.52,3.43,3.90,4.00,4.48,4.51,4.31,4.21,4.21,3.95,3.91,3.87,3.88,3.69,3.53,3.52,3.44,3.24,2.98,2.30,2.34,2.40,2.20,2.06,2.02,2.00,1.88,1.73,1.77,2.16,2.67,3.13,3.38,3.21,3.41,3.57,3.78,3.95,4.20,4.49,4.71,4.78,4.99,5.19,5.22,5.20,5.22,5.26,5.29,5.32,5.41,5.37,5.29,5.39,5.41,5.45,5.58,5.54,5.62,5.60,5.67,5.61,5.83,5.92,5.70,5.74,5.81,5.91,5.87,5.67,6.00,5.83,5.91,5.80,5.93,5.81,5.71,5.58,5.71,5.80,5.52,5.73,5.67,5.65,5.42,5.33,5.22,5.17,5.25,4.87,4.60,4.10,4.30,4.61,4.10,3.70,3.53,3.45,3.57,3.27,3.07,2.95,2.76,2.54,2.91,2.73,2.84,2.77,2.95,2.88,3.00,2.93,2.78,2.96,3.09,2.94,3.04,3.08,2.71,2.71,2.61,2.54,2.77,2.81,2.70,2.66,2.49,2.38,2.41,2.52,2.67,2.63,2.59,2.61,2.51,2.28,2.22,2.47,2.59,2.58,2.48,2.16,2.37,2.40,2.53,2.69,2.75,2.73,3.01
2.16,1.88,1.78,1.68,2.25,3.32,3.90,3.45,3.00,2.75,2.70,2.81,3.04,3.98,4.07,4.42,4.55,4.42,4.22,4.05,3.92,3.90,3.90,3.95,3.82,3.69,3.63,3.52,3.34,3.03,2.51,2.46,2.48,2.35,2.19,2.03,1.97,1.91,1.83,1.89,2.19,2.81,3.38,3.41,3.03,3.49,3.57,3.85,4.15,4.24,4.45,4.72,4.79,5.02,5.12,5.11,5.23,5.32,5.44,5.41,5.39,5.44,5.29,5.29,5.51,5.49,5.52,5.47,5.59,5.52,5.55,5.81,5.74,5.85,5.84,5.70,5.87,5.83,5.99,6.05,5.76,5.69,5.75,5.82,5.87,5.87,5.69,5.53,5.45,5.56,5.74,5.58,5.77,5.51,5.52,5.58,5.60,5.25,5.10,5.06,4.91,4.50,3.79,3.68,4.00,3.91,3.69,3.63,3.49,3.21,2.97,3.12,3.03,2.81,2.77,2.96,2.82,2.64,2.96,3.09,3.03,2.93,2.87,2.83,2.84,2.83,2.79,3.03,2.79,2.93,2.82,2.66,2.52,2.55,2.66,2.61,2.46,2.53,2.42,2.72,2.64,2.47,2.51,2.65,2.72,2.52,2.46,2.38,2.37,2.70,2.91,2.69,2.26,2.76,2.78,2.69,2.60,2.66,2.91,3.14
2.40,1.87,1.74,1.61,2.13,3.26,4.10,3.49,2.85,2.42,2.26,2.43,3.00,4.18,4.18,4.40,4.50,4.43,4.25,4.10,4.00,4.11,4.03,4.00,3.90,3.82,3.69,3.57,3.47,3.16,2.73,2.48,2.47,2.37,2.22,2.10,2.03,1.93,1.85,1.94,2.05,2.78,3.19,3.33,3.03,3.28,3.43,3.75,4.00,4.20,4.42,4.76,4.90,5.10,5.15,5.08,5.25,5.31,5.30,5.31,5.39,5.25,5.17,5.30,5.35,5.31,5.49,5.71,5.53,5.59,5.62,5.80,5.82,5.77,5.70,5.91,6.05,5.81,5.82,6.05,5.76,5.53,5.51,5.91,5.99,5.78,5.76,5.65,5.61,5.82,5.87,5.67,5.87,5.63,5.51,5.61,5.46,5.25,5.26,5.08,4.36,3.44,3.08,3.22,3.58,3.79,3.54,3.24,3.15,3.04,2.76,2.82,2.96,2.96,2.41,2.46,2.46,2.90,2.81,2.79,2.77,2.76,2.73,2.76,2.87,2.82,2.71,3.04,2.85,2.88,2.87,2.79,2.71,2.63,2.58,2.59,2.58,2.54,2.49,2.54,2.37,2.53,2.55,2.55,2.60,2.51,2.38,2.42,2.55,2.71,2.67,2.40,2.30,2.66,2.55,2.61,2.67,2.61,2.69,2.78
2.37,1.72,1.74,1.76,2.23,3.19,4.01,3.41,2.93,2.53,2.41,2.51,2.83,4.31,4.43,4.61,4.60,4.49,4.42,4.37,4.23,4.28,4.17,4.16,4.08,3.94,3.78,3.62,3.58,3.30,2.89,2.65,2.61,2.35,2.23,2.12,2.07,1.97,1.88,1.90,1.87,2.73,3.20,3.13,3.02,3.31,3.38,3.72,4.02,4.30,4.57,4.88,4.91,5.01,5.22,5.22,5.13,5.19,5.24,5.22,5.27,5.30,5.35,5.31,5.51,5.55,5.54,5.73,5.54,5.73,5.74,5.81,5.96,5.83,6.04,6.02,5.99,5.80,5.78,5.96,5.62,5.77,5.73,5.59,5.78,5.76,5.80,5.63,5.77,5.81,5.70,5.67,5.49,5.60,5.45,5.48,5.39,5.24,5.16,4.90,4.15,3.35,3.30,3.57,3.78,3.89,3.73,3.39,3.02,3.12,3.14,3.10,3.06,2.79,2.59,2.70,2.40,2.73,2.59,2.81,2.88,2.98,2.95,2.91,3.02,2.98,2.95,3.04,2.90,2.93,2.79,2.87,2.93,2.85,2.70,2.70,2.75,2.45,2.47,2.37,2.55,2.59,2.63,2.65,2.69,2.75,2.76,2.52,2.43,2.34,2.34,2.49,2.32,2.46,2.51,2.42,2.47,2.63,2.49,2.97
2.20,1.56,1.83,1.84,2.12,2.95,3.85,3.57,3.41,2.97,2.82,3.00,3.30,4.33,4.45,4.74,4.77,4.58,4.44,4.49,4.27,4.53,4.21,4.27,4.18,4.03,3.89,3.76,3.60,3.22,2.93,2.81,2.70,2.30,2.24,2.11,1.99,1.96,1.91,1.87,1.89,2.73,3.31,3.16,3.25,3.27,3.47,3.72,3.95,4.27,4.55,4.72,4.88,5.08,5.24,5.22,5.17,5.23,5.10,5.12,5.30,5.31,5.24,5.35,5.48,5.63,5.55,5.63,5.69,5.75,5.66,5.89,6.04,5.89,5.96,5.77,5.95,5.68,5.73,5.69,5.59,5.75,5.78,5.87,5.76,5.81,5.62,5.60,5.67,5.78,5.76,5.56,5.66,5.56,5.33,5.40,5.39,5.17,5.33,4.94,3.75,3.39,3.64,3.88,4.05,3.81,3.50,3.32,2.84,2.76,2.88,2.70,2.51,2.65,2.72,2.71,2.69,2.70,2.72,2.95,2.98,2.87,2.85,2.94,2.93,2.88,3.00,3.01,2.67,2.93,3.08,2.94,2.77,2.66,2.49,2.51,2.69,2.36,2.49,2.26,2.24,2.25,2.38,2.47,2.36,2.14,2.48,2.35,2.40,2.36,2.37,2.59,2.41,2.35,2.38,2.34,2.34,2.48,2.42,2.83
2.52,1.70,1.80,1.73,2.17,3.08,3.64,3.53,3.26,3.06,3.18,3.56,3.89,4.53,4.78,4.79,4.55,4.45,4.64,4.74,4.43,4.61,4.18,4.14,4.14,3.91,3.76,3.77,3.60,3.26,2.94,2.78,2.64,2.30,2.22,2.10,2.00,1.96,1.94,1.95,1.94,2.75,3.41,3.12,3.10,3.31,3.59,3.78,3.87,4.21,4.53,4.74,4.95,5.09,5.15,5.16,5.15,5.13,5.16,5.22,5.35,5.42,5.45,5.51,5.49,5.67,5.62,5.56,5.70,5.61,5.55,5.75,5.87,5.82,5.80,5.63,5.66,5.46,5.54,5.67,5.51,5.77,5.76,5.80,5.59,5.71,5.67,5.61,5.52,5.70,5.66,5.54,5.75,5.71,5.54,5.59,5.56,5.39,5.39,4.87,3.91,3.87,4.29,4.40,4.25,3.83,3.37,3.13,2.96,3.13,3.22,3.07,2.91,2.77,2.75,2.82,2.73,3.03,2.91,2.77,2.83,2.94,2.93,2.89,2.88,2.83,2.93,2.88,2.94,2.51,2.90,2.83,2.82,2.69,2.52,2.46,2.47,2.60,2.81,2.40,2.42,2.36,2.51,2.61,2.49,2.30,2.57,2.22,2.16,2.23,2.45,2.77,2.54,2.64,2.53,2.34,2.31,2.49,2.61,3.00
1.96,1.91,1.68,1.50,2.12,3.19,3.51,3.26,3.32,3.22,3.34,3.66,3.90,4.22,4.33,4.44,4.43,4.57,4.85,4.88,4.82,4.60,4.25,4.34,4.25,3.95,3.75,3.65,3.56,3.43,3.01,2.79,2.64,2.41,2.29,2.16,2.20,2.13,1.96,2.10,2.03,2.75,3.38,3.20,3.14,3.37,3.54,3.69,3.78,4.16,4.56,4.75,4.83,4.90,5.04,5.19,5.24,5.25,5.23,5.17,5.33,5.45,5.47,5.60,5.53,5.56,5.54,5.63,5.62,5.58,5.47,5.62,5.76,5.89,5.70,5.67,5.69,5.58,5.74,5.70,5.75,6.02,5.62,5.71,6.00,5.78,5.76,5.62,5.71,5.77,5.67,5.68,5.75,5.70,5.70,5.63,5.44,5.27,5.34,5.19,4.71,4.34,4.25,4.34,4.43,4.02,3.30,3.12,3.15,3.15,2.98,3.03,3.00,2.81,2.73,2.85,2.73,3.10,2.97,3.28,3.20,3.19,3.16,3.04,3.06,3.04,3.15,3.10,3.03,3.02,2.88,2.70,2.53,2.48,2.59,2.76,2.75,2.53,2.40,2.48,2.37,2.64,2.63,2.41,2.34,2.53,2.79,2.57,2.65,2.60,2.55,2.82,2.51,2.64,2.53,2.45,2.41,2.47,2.79,2.88
2.08,2.00,1.85,1.67,1.85,2.37,2.76,2.88,3.15,3.31,3.21,3.14,3.41,3.78,3.34,3.34,4.14,4.79,4.90,4.84,4.69,4.55,4.31,4.31,4.14,4.01,3.91,3.65,3.52,3.50,3.13,2.78,2.57,2.47,2.32,2.16,2.20,2.12,1.97,2.12,2.02,2.71,3.18,3.19,3.19,3.28,3.46,3.70,3.83,4.09,4.48,4.69,4.75,4.90,4.98,5.09,5.25,5.25,5.17,5.26,5.38,5.42,5.42,5.59,5.66,5.63,5.60,5.62,5.63,5.59,5.69,5.67,5.60,5.82,5.82,5.48,5.61,5.65,5.82,5.85,5.76,5.85,5.60,5.68,5.88,5.92,5.73,5.49,5.70,5.67,5.58,5.39,5.47,5.49,5.51,5.44,5.37,5.32,5.26,5.08,4.72,4.61,4.45,4.21,4.14,3.98,3.72,3.81,4.01,3.81,3.62,3.34,3.32,3.39,3.32,3.15,3.10,3.30,3.00,3.37,3.46,3.44,3.43,3.27,3.06,3.04,3.16,3.40,3.14,2.85,2.77,2.76,2.61,2.38,2.36,2.54,2.53,2.37,2.35,2.34,2.55,2.58,2.57,2.54,2.55,2.79,2.57,2.64,2.61,2.67,2.88,3.03,2.71,2.83,2.58,2.47,2.55,2.61,2.60,2.77
2.11,1.87,1.76,1.61,1.56,1.68,2.02,2.28,2.16,2.01,2.20,2.51,2.49,2.35,2.22,2.90,3.91,4.54,4.68,4.75,4.58,4.61,4.60,4.27,4.12,4.10,3.98,3.78,3.64,3.57,3.14,2.60,2.48,2.49,2.29,2.12,1.99,1.90,1.95,1.99,1.93,2.60,2.87,3.00,3.04,3.34,3.40,3.63,3.83,4.04,4.48,4.76,4.87,4.97,5.04,5.16,5.34,5.35,5.25,5.25,5.44,5.45,5.51,5.53,5.54,5.55,5.58,5.70,5.59,5.55,5.68,5.60,5.62,5.81,5.91,5.82,5.58,5.98,5.87,5.84,5.92,5.93,5.69,5.58,5.66,5.80,5.71,5.66,5.81,5.89,5.70,5.65,5.56,5.47,5.59,5.65,5.45,5.24,5.09,4.88,4.65,4.51,4.36,4.14,4.02,3.95,3.71,3.63,3.89,4.04,3.89,3.85,3.28,3.34,3.12,3.33,3.26,3.33,3.21,3.35,3.31,3.25,3.22,3.16,3.16,3.02,3.07,3.10,2.84,2.84,2.75,2.64,2.49,2.38,2.26,2.17,2.34,2.31,2.22,2.48,2.42,2.48,2.60,2.67,2.72,2.71,2.43,2.51,2.63,2.70,2.83,3.02,2.81,2.77,2.61,2.49,2.54,2.70,2.51,2.67
2.11,1.94,1.90,1.64,1.42,1.46,1.74,1.68,1.59,1.45,1.57,1.73,1.70,1.68,1.45,2.31,3.51,4.35,4.67,4.69,4.56,4.41,4.29,4.31,4.31,4.14,4.02,4.00,3.85,3.66,2.82,2.69,2.57,2.55,2.41,2.19,1.96,1.85,1.84,1.87,1.88,2.43,2.88,3.09,3.10,3.46,3.45,3.72,3.82,3.97,4.44,4.85,5.04,5.13,5.13,5.15,5.26,5.33,5.20,5.19,5.41,5.49,5.63,5.58,5.37,5.52,5.62,5.63,5.53,5.81,5.65,5.47,5.78,5.65,5.68,5.78,5.71,5.90,5.92,6.02,5.74,5.76,5.63,5.62,5.66,5.78,5.71,6.02,6.05,5.89,5.82,5.67,5.62,5.45,5.39,5.42,5.44,5.35,5.10,4.79,4.42,4.30,4.37,4.21,4.03,4.02,4.16,4.35,4.18,3.96,3.82,3.84,3.43,3.25,3.30,3.27,3.10,2.93,2.84,2.94,2.90,2.84,2.89,2.85,2.81,2.96,2.82,2.81,2.84,2.61,2.46,2.42,2.51,2.47,2.29,2.19,2.31,2.19,2.13,2.52,2.42,2.48,2.58,2.65,2.84,2.72,2.38,2.48,2.54,2.58,2.65,2.73,2.65,2.48,2.47,2.43,2.42,2.57,2.45,2.57
2.07,1.88,1.78,1.67,1.55,1.45,1.45,1.27,1.20,1.22,1.21,1.27,1.45,1.53,1.66,2.31,3.40,4.48,4.90,4.60,4.85,4.88,4.71,4.35,4.18,4.15,4.08,3.92,3.81,3.64,3.06,2.83,2.55,2.54,2.41,2.07,1.99,1.97,1.85,1.80,1.79,2.41,3.18,3.25,3.22,3.30,3.43,3.82,3.89,4.02,4.44,4.82,5.01,5.18,5.19,5.15,5.20,5.29,5.34,5.32,5.35,5.46,5.54,5.53,5.46,5.54,5.56,5.65,5.62,5.71,5.73,5.31,5.60,5.49,5.70,5.73,5.53,5.81,5.82,5.87,5.78,5.58,5.53,5.47,5.59,5.66,5.68,5.80,5.78,5.78,5.70,5.63,5.61,5.52,5.40,5.18,5.16,5.16,4.84,4.44,4.12,4.04,3.97,3.68,3.57,3.62,3.58,3.91,3.75,3.64,3.51,3.52,3.04,3.30,2.87,2.90,2.71,2.47,2.41,2.53,2.52,2.43,2.57,2.70,2.58,2.66,2.55,2.37,2.41,2.31,2.17,2.10,2.07,2.12,2.13,2.12,2.34,2.22,2.06,2.30,2.43,2.52,2.49,2.51,2.73,2.53,2.38,2.37,2.36,2.37,2.42,2.40,2.35,2.26,2.32,2.34,2.29,2.29,2.24,2.35
2.19,1.74,1.70,1.62,1.56,1.49,1.31,1.07,1.26,1.14,1.03,1.12,1.36,1.51,1.71,2.51,3.51,4.25,4.57,4.64,4.71,4.81,4.51,4.28,4.22,4.18,4.12,4.04,3.85,3.44,2.98,2.71,2.54,2.49,2.26,1.96,1.88,1.95,1.94,1.78,1.76,2.41,3.01,3.10,3.22,3.18,3.35,3.64,3.88,4.11,4.51,4.84,5.01,5.10,5.13,5.17,5.25,5.37,5.42,5.42,5.41,5.40,5.54,5.63,5.53,5.63,5.73,5.67,5.51,5.56,5.48,5.34,5.65,5.53,5.67,5.55,5.55,5.80,5.71,5.76,5.68,5.76,5.59,5.62,5.48,5.54,5.69,5.62,5.69,5.60,5.55,5.44,5.35,5.31,5.25,4.95,4.79,4.85,4.51,4.17,3.87,3.66,3.53,3.26,3.26,3.26,3.16,3.35,3.33,3.33,3.24,2.90,2.48,2.66,2.57,2.40,2.24,2.07,1.96,2.07,2.05,2.03,2.23,2.28,2.26,2.37,2.08,2.00,2.00,1.90,1.88,1.82,1.74,1.79,1.89,1.89,2.06,1.93,1.82,2.02,2.25,2.28,2.23,2.26,2.48,2.22,2.19,2.01,2.02,2.13,2.18,2.28,2.07,2.19,2.34,2.37,2.25,2.08,2.08,2.11
2.32,1.83,1.84,1.66,1.59,1.56,1.39,1.25,1.27,0.96,0.88,0.99,1.05,1.06,1.62,2.51,3.45,4.33,4.70,4.48,4.75,4.72,4.51,4.48,4.11,3.98,4.03,4.00,4.00,3.56,3.04,2.95,2.83,2.64,2.31,2.12,2.06,2.06,2.02,1.87,1.71,2.18,2.75,2.83,3.18,3.31,3.33,3.52,3.78,4.05,4.49,4.85,5.04,5.02,5.06,5.17,5.25,5.38,5.40,5.40,5.48,5.45,5.67,5.61,5.54,5.68,5.66,5.60,5.42,5.55,5.41,5.27,5.65,5.58,5.55,5.52,5.70,5.71,5.73,5.81,5.53,5.56,5.45,5.53,5.40,5.58,5.56,5.65,5.76,5.61,5.55,5.40,5.38,5.13,4.85,4.47,4.28,4.22,3.95,3.69,3.41,3.22,3.10,3.10,3.30,3.12,2.90,2.93,3.03,3.01,2.81,2.53,2.19,2.14,1.90,2.13,1.97,1.99,1.89,1.90,1.78,1.70,1.84,2.00,2.02,1.90,1.77,1.68,1.74,1.59,1.67,1.60,1.51,1.57,1.60,1.56,1.79,1.67,1.51,1.64,1.84,1.78,1.72,1.93,2.28,2.00,1.88,1.77,1.73,1.85,2.02,2.19,2.06,2.16,2.28,2.31,2.28,2.17,1.94,2.06
2.35,1.94,1.93,1.80,1.70,1.60,1.48,1.29,1.21,0.96,0.87,1.00,1.21,1.27,1.74,2.36,3.27,4.38,4.88,4.50,4.65,4.53,4.55,4.44,4.11,4.07,4.09,4.07,4.01,3.32,2.98,3.09,2.75,2.34,2.38,2.24,2.14,2.12,2.08,1.93,1.78,2.37,2.97,2.77,3.06,3.34,3.21,3.47,3.70,3.96,4.44,4.72,4.95,5.03,5.08,5.18,5.19,5.35,5.49,5.49,5.59,5.58,5.70,5.60,5.52,5.54,5.58,5.49,5.53,5.62,5.45,5.34,5.66,5.62,5.59,5.53,5.61,5.73,5.59,5.52,5.49,5.46,5.38,5.41,5.53,5.74,5.47,5.58,5.68,5.53,5.59,5.42,5.06,4.61,4.21,3.73,3.59,3.63,3.40,3.34,3.09,2.59,2.58,2.79,2.89,2.78,2.64,2.57,2.61,2.31,2.19,2.05,1.83,1.74,1.62,1.90,1.87,1.67,1.57,1.59,1.61,1.65,1.76,1.76,1.70,1.60,1.56,1.65,1.46,1.32,1.53,1.43,1.36,1.39,1.36,1.42,1.53,1.38,1.25,1.28,1.40,1.38,1.34,1.60,2.00,1.70,1.66,1.65,1.70,1.72,1.65,1.83,2.05,2.08,2.00,2.00,2.10,1.84,1.77,1.97
2.30,1.80,1.85,1.88,1.77,1.61,1.50,1.17,1.20,1.04,0.92,1.03,1.25,1.36,1.70,2.31,3.28,4.40,4.89,4.67,4.96,4.64,4.53,4.58,4.28,4.12,4.07,3.90,3.66,3.47,3.24,2.79,2.59,2.51,2.17,2.02,1.91,1.87,2.00,1.95,1.83,2.30,2.82,2.81,2.90,3.25,3.15,3.41,3.65,3.94,4.50,4.69,4.88,5.02,5.08,5.13,5.22,5.39,5.54,5.51,5.56,5.65,5.70,5.51,5.42,5.52,5.47,5.48,5.62,5.69,5.51,5.53,5.58,5.45,5.45,5.56,5.55,5.58,5.46,5.42,5.32,5.11,5.35,5.38,5.66,5.61,5.40,5.54,5.68,5.49,5.33,4.79,4.17,3.70,3.37,3.12,3.02,3.04,2.93,2.69,2.42,2.26,2.24,2.28,2.51,2.43,2.40,2.51,2.13,1.76,1.76,1.73,1.38,1.56,1.66,1.74,1.46,1.42,1.32,1.25,1.28,1.43,1.54,1.46,1.36,1.34,1.23,1.50,1.27,1.16,1.39,1.32,1.29,1.25,1.14,1.37,1.27,0.95,0.94,1.12,1.22,1.26,1.28,1.37,1.57,1.27,1.26,1.21,1.34,1.50,1.34,1.66,1.66,1.89,1.91,1.84,2.00,2.05,2.00,2.22
2.05,1.65,1.79,1.87,1.71,1.50,1.38,1.15,1.17,1.03,0.85,0.83,0.98,1.22,1.43,2.08,3.10,4.29,4.91,4.87,5.03,4.89,4.79,4.45,4.09,4.04,4.08,3.92,3.65,3.38,3.16,2.79,2.71,2.17,2.10,2.02,1.94,2.02,1.96,1.74,1.79,2.08,2.82,2.55,2.75,3.10,3.25,3.41,3.63,4.00,4.61,4.75,4.81,4.97,5.09,5.19,5.34,5.46,5.46,5.42,5.48,5.66,5.66,5.35,5.32,5.47,5.44,5.48,5.48,5.53,5.66,5.45,5.56,5.46,5.61,5.58,5.63,5.56,5.54,5.54,5.34,5.34,5.47,5.34,5.49,5.66,5.47,5.58,5.44,4.71,4.28,3.88,3.34,3.01,2.72,2.52,2.51,2.60,2.45,2.14,1.84,1.91,2.16,2.12,2.28,2.11,1.84,1.84,1.66,1.54,1.53,1.29,1.25,1.26,1.51,1.48,1.12,1.09,1.20,1.11,1.03,1.07,1.16,1.15,1.09,0.96,0.93,1.16,1.18,1.01,1.25,1.32,1.22,1.14,1.01,1.14,1.14,1.01,0.72,0.98,1.14,1.22,1.26,1.22,1.32,0.99,1.03,1.09,1.10,1.17,1.27,1.33,1.28,1.43,1.44,1.44,1.82,1.99,2.10,2.69
2.22,1.65,1.95,1.88,1.56,1.31,1.22,1.26,1.17,0.99,0.83,0.74,0.88,1.20,1.12,1.76,2.90,4.14,4.82,4.88,4.94,4.72,4.70,4.28,4.04,4.16,4.24,4.02,3.64,3.34,3.03,2.98,2.41,2.22,1.99,2.03,2.08,2.02,1.88,1.71,1.66,1.99,2.51,2.55,2.67,3.14,3.14,3.39,3.68,4.01,4.55,4.72,4.84,5.02,5.23,5.39,5.40,5.39,5.39,5.46,5.42,5.49,5.56,5.44,5.39,5.40,5.45,5.35,5.48,5.45,5.65,5.51,5.63,5.60,5.63,5.69,5.61,5.73,5.56,5.54,5.39,5.55,5.24,5.30,5.46,5.67,5.59,5.26,4.60,3.87,3.46,3.37,2.94,2.54,2.35,2.20,2.08,2.08,2.02,1.88,1.72,1.72,1.85,1.93,1.96,1.67,1.43,1.34,1.45,1.36,1.20,0.96,1.07,1.10,1.31,1.11,0.84,0.84,0.90,0.88,0.85,0.82,0.83,0.93,0.90,0.77,0.78,0.84,0.95,0.74,0.98,1.20,1.09,0.99,1.04,0.93,0.98,1.05,0.66,0.78,0.90,0.90,0.98,1.17,1.38,1.00,0.77,0.74,0.76,0.80,1.12,1.14,1.29,1.28,1.36,1.56,1.71,1.71,2.14,2.66
2.70,2.19,1.97,1.80,1.57,1.45,1.48,1.43,1.29,1.07,1.09,1.17,1.33,1.50,1.25,1.68,2.70,3.90,4.67,4.90,4.95,4.71,4.75,4.40,4.21,4.22,4.14,3.85,3.56,3.44,3.10,3.00,2.49,2.03,2.03,2.02,1.84,1.78,1.89,1.84,1.56,1.74,2.45,2.69,2.58,3.06,3.25,3.50,3.63,3.97,4.47,4.74,4.88,5.03,5.22,5.32,5.32,5.26,5.32,5.45,5.40,5.37,5.44,5.45,5.26,5.30,5.47,5.31,5.44,5.41,5.58,5.71,5.60,5.68,5.48,5.66,5.63,5.95,5.75,5.51,5.48,5.49,5.23,5.31,5.48,5.73,5.53,4.68,3.53,2.67,2.63,2.96,2.57,2.14,2.05,1.90,1.76,1.68,1.72,1.67,1.48,1.46,1.56,1.45,1.33,1.10,0.88,0.99,1.15,0.95,0.96,0.76,0.87,0.79,0.96,0.80,0.63,0.61,0.58,0.56,0.62,0.66,0.65,0.77,0.80,0.71,0.69,0.58,0.62,0.56,0.71,0.85,0.79,0.78,0.92,0.82,0.90,0.88,0.51,0.56,0.67,0.78,0.98,1.10,1.43,0.98,0.73,0.55,0.51,0.71,0.67,1.11,0.96,1.09,1.22,1.28,1.56,1.53,1.97,2.23
3.25,2.35,1.73,1.61,1.37,1.39,1.65,1.74,1.51,1.34,1.50,1.70,1.77,1.78,1.72,1.79,2.65,3.83,4.69,5.01,5.08,4.92,4.94,4.62,4.38,4.20,4.08,3.96,3.78,3.60,3.22,3.10,2.63,1.91,1.95,1.85,2.08,1.95,1.85,1.96,1.70,1.80,2.64,2.60,2.79,3.24,3.39,3.68,3.60,3.79,4.44,4.72,4.85,4.91,4.98,5.12,5.27,5.26,5.20,5.32,5.34,5.29,5.29,5.35,5.23,5.31,5.39,5.23,5.46,5.39,5.65,5.68,5.59,5.76,5.53,5.65,5.65,5.74,5.68,5.51,5.53,5.41,5.33,5.42,5.51,5.59,5.42,4.31,2.94,2.25,2.28,2.31,1.97,1.77,1.70,1.66,1.68,1.66,1.66,1.64,1.45,1.33,1.37,1.10,0.90,0.77,0.55,0.60,0.82,0.76,0.73,0.58,0.61,0.49,0.47,0.42,0.41,0.35,0.19,0.13,0.23,0.36,0.47,0.52,0.55,0.51,0.50,0.45,0.46,0.52,0.63,0.60,0.49,0.49,0.56,0.49,0.51,0.57,0.60,0.58,0.68,0.84,0.89,0.94,1.20,1.22,0.92,0.82,0.85,0.80,0.84,0.96,1.07,1.06,1.10,1.23,1.39,1.43,1.50,1.56
3.53,2.43,1.76,1.77,1.56,1.65,1.93,1.99,1.55,1.51,1.90,1.91,1.74,1.89,2.14,2.28,3.02,4.15,4.91,5.18,5.23,4.99,4.96,4.77,4.50,4.37,4.27,4.10,3.84,3.45,3.12,2.89,2.32,2.16,2.05,1.97,2.06,1.88,1.73,1.72,1.68,1.96,2.36,2.82,2.90,3.19,3.38,3.53,3.56,3.72,4.42,4.60,4.82,4.82,4.92,5.10,5.22,5.25,5.12,5.16,5.26,5.24,5.26,5.32,5.31,5.33,5.37,5.17,5.47,5.47,5.60,5.60,5.63,5.83,5.65,5.59,5.69,5.73,5.77,5.56,5.63,5.45,5.37,5.35,5.47,5.58,5.42,4.01,2.67,2.23,2.31,2.11,1.76,1.64,1.62,1.64,1.70,1.60,1.55,1.67,1.51,1.32,1.20,0.89,0.66,0.61,0.26,0.20,0.37,0.46,0.41,0.51,0.39,0.44,0.24,0.10,0.26,0.39,0.14,-0.07,0.00,0.13,0.19,0.30,0.18,0.35,0.13,0.25,0.25,0.30,0.36,0.29,0.14,0.11,0.26,0.23,0.39,0.32,0.30,0.44,0.69,1.03,1.21,0.85,0.88,0.65,0.61,0.74,0.79,0.57,0.74,1.03,1.04,1.00,0.92,0.85,1.15,1.10,1.07,1.16
3.34,2.46,1.87,1.82,1.72,2.13,2.55,2.41,2.22,2.78,2.96,2.87,2.81,3.00,3.21,3.49,3.89,4.76,5.19,5.20,5.24,5.08,4.91,4.84,4.63,4.47,4.24,4.04,3.79,3.40,3.02,2.96,2.61,2.29,2.23,2.08,2.05,1.99,2.02,1.99,1.76,1.93,2.46,2.76,2.84,3.24,3.47,3.69,3.57,3.87,4.54,4.60,4.69,4.90,5.04,5.10,5.18,5.20,5.06,5.13,5.44,5.47,5.38,5.32,5.37,5.33,5.46,5.27,5.38,5.45,5.52,5.62,5.58,5.62,5.66,5.55,5.81,5.67,5.70,5.53,5.47,5.47,5.42,5.33,5.41,5.48,5.25,3.81,2.63,2.26,2.28,1.96,1.78,1.65,1.62,1.56,1.51,1.49,1.55,1.68,1.48,1.20,1.05,0.83,0.65,0.57,0.13,0.24,0.26,0.30,0.21,0.29,0.32,0.26,0.11,0.05,0.10,0.26,0.13,-0.06,0.02,0.02,-0.08,-0.07,-0.06,0.13,-0.10,-0.03,0.20,0.16,0.11,0.21,0.28,0.16,0.26,0.14,0.34,0.76,0.60,0.61,0.65,0.66,0.94,0.98,0.95,0.90,0.73,0.60,0.60,0.60,0.71,1.10,1.10,0.98,0.93,0.90,1.05,0.88,0.89,0.99
3.15,2.66,2.16,1.78,1.70,2.40,3.18,3.46,3.84,3.68,3.96,4.11,4.27,4.47,4.55,4.58,5.02,5.35,5.26,5.06,5.08,5.04,4.82,4.74,4.72,4.48,4.22,3.92,3.70,3.51,3.14,3.01,2.71,2.28,2.11,2.01,2.07,2.13,2.11,1.88,1.62,1.83,2.30,2.63,2.64,3.04,3.18,3.57,3.63,3.72,4.30,4.62,4.69,4.91,5.10,4.98,5.01,5.06,4.98,5.22,5.45,5.44,5.34,5.31,5.38,5.31,5.41,5.34,5.33,5.41,5.51,5.56,5.39,5.39,5.71,5.55,5.80,5.61,5.53,5.46,5.30,5.51,5.45,5.31,5.39,5.61,5.08,3.44,2.54,2.34,2.16,1.83,1.93,1.84,1.84,1.70,1.65,1.96,2.03,1.82,1.53,1.27,1.05,0.79,0.56,0.26,-0.08,-0.20,-0.16,-0.13,-0.20,-0.17,-0.18,-0.31,-0.47,-0.32,-0.51,-0.66,-0.74,-0.81,-0.67,-0.79,-0.67,-0.91,-0.68,-0.44,-0.74,-0.72,-0.66,-0.64,-0.67,-0.68,-0.71,-0.68,-0.28,-0.51,-0.05,0.30,0.04,0.13,0.55,0.74,0.93,0.98,1.06,0.69,0.51,0.56,0.58,0.40,0.50,0.77,0.77,0.74,0.79,0.82,0.96,0.88,0.88,1.00
2.93,2.59,2.10,1.82,1.71,2.41,3.28,3.82,4.24,4.14,4.40,4.75,5.11,5.26,5.16,5.20,5.19,5.17,5.13,5.02,4.81,4.74,4.64,4.56,4.63,4.53,4.27,3.96,3.77,3.65,3.35,3.08,2.70,2.25,2.10,2.08,2.08,2.03,2.03,1.89,1.71,1.83,2.14,2.55,2.67,3.16,3.27,3.69,3.73,3.83,4.01,4.47,4.70,4.76,4.89,4.91,5.01,5.12,5.05,5.17,5.29,5.29,5.31,5.23,5.17,5.20,5.26,5.35,5.33,5.45,5.46,5.40,5.42,5.47,5.56,5.49,5.67,5.65,5.52,5.45,5.32,5.61,5.35,5.22,5.41,5.63,4.81,3.43,2.61,2.28,2.02,1.68,1.79,1.87,1.91,1.85,1.95,2.48,2.70,2.38,1.96,1.72,1.40,0.87,0.32,-0.46,-0.81,-1.08,-0.91,-0.98,-0.86,-0.64,-1.06,-1.08,-1.17,-1.02,-1.18,-1.37,-1.33,-1.31,-1.36,-1.46,-1.18,-1.41,-1.46,-1.08,-0.96,-1.06,-1.02,-0.97,-0.99,-1.08,-1.21,-1.13,-0.72,-0.99,-0.77,-0.48,-0.48,-0.33,0.04,0.47,0.90,1.04,1.03,0.68,0.35,0.28,0.36,0.16,0.46,0.62,0.51,0.44,0.49,0.30,0.72,0.94,0.96,1.06
2.73,2.45,1.94,1.83,1.76,2.52,3.37,3.87,4.15,4.16,4.53,4.97,5.18,5.13,5.13,5.38,5.29,5.23,5.03,4.78,4.65,4.65,4.67,4.60,4.49,4.41,4.14,3.94,3.82,3.66,3.39,3.03,2.72,2.28,2.19,2.18,2.17,2.02,1.94,1.77,1.57,1.78,2.32,2.78,2.71,3.02,3.51,3.60,3.70,3.89,4.18,4.47,4.76,4.82,4.89,4.95,4.97,4.99,5.02,5.13,5.25,5.29,5.38,5.22,5.23,5.32,5.24,5.26,5.40,5.35,5.45,5.29,5.49,5.48,5.40,5.53,5.59,5.41,5.38,5.30,5.31,5.58,5.29,5.22,5.32,5.27,4.36,3.54,2.94,2.34,1.90,1.61,1.70,1.71,1.64,1.91,2.37,2.85,3.21,3.01,2.55,2.18,1.87,1.39,0.80,-0.24,-0.62,-0.33,-0.43,-0.99,-0.73,-0.62,-0.89,-1.06,-0.96,-0.91,-1.14,-1.18,-0.96,-0.92,-1.09,-1.24,-1.28,-1.27,-1.52,-1.41,-1.42,-1.67,-1.83,-1.69,-1.28,-0.99,-1.06,-0.76,-0.52,-0.67,-0.26,-0.24,-0.54,-0.64,-0.34,-0.01,0.07,0.21,0.19,-0.23,-0.41,-0.20,0.03,-0.15,0.19,0.34,0.24,0.11,0.21,0.11,0.52,0.89,1.00,1.05
2.67,2.36,2.00,1.85,1.83,2.55,3.31,3.77,4.01,3.94,4.38,4.74,4.89,4.96,5.08,5.19,5.13,4.97,4.75,4.65,4.64,4.55,4.62,4.74,4.48,4.33,4.05,3.91,3.81,3.59,3.35,2.90,2.60,2.29,2.23,2.19,2.08,2.08,2.06,1.91,1.72,1.74,2.17,2.71,2.87,3.12,3.41,3.47,3.58,3.97,4.25,4.33,4.51,4.77,5.04,5.01,4.81,4.77,4.82,4.95,5.22,5.26,5.25,5.26,5.31,5.31,5.12,5.23,5.32,5.35,5.46,5.31,5.34,5.37,5.59,5.54,5.51,5.30,5.22,5.18,5.30,5.37,5.30,5.24,5.15,4.77,3.82,3.26,3.07,2.71,2.22,1.89,1.82,1.80,1.66,1.93,2.60,3.20,3.54,3.18,2.69,2.32,2.28,2.20,1.78,1.16,0.65,0.92,0.45,-0.28,0.10,0.40,0.20,0.03,0.13,0.10,0.19,0.31,0.30,0.21,0.08,0.03,-0.48,0.16,-1.11,-0.57,-0.44,-0.22,-0.13,-0.21,-0.24,-0.21,-0.24,0.05,0.02,-0.22,-0.13,0.04,-0.38,-0.99,-1.40,-1.79,-2.17,-2.77,-2.86,-2.94,-2.27,-1.07,-0.51,-0.58,-0.39,-0.20,-0.16,-0.13,0.09,0.53,0.72,0.84,0.92,1.00
2.60,2.30,2.17,1.88,1.66,2.34,3.13,3.65,3.85,3.87,4.20,4.43,4.61,4.71,4.76,4.81,4.84,4.61,4.57,4.58,4.55,4.61,4.67,4.53,4.41,4.51,4.28,4.10,3.87,3.60,3.41,3.03,2.69,2.43,2.36,2.25,2.19,2.23,2.18,1.99,1.78,1.78,2.07,2.58,3.04,3.00,3.39,3.64,3.41,3.77,4.30,4.54,4.75,4.79,4.78,4.77,4.95,5.12,5.05,5.04,5.20,5.26,5.26,5.24,5.09,5.22,5.27,5.39,5.46,5.35,5.45,5.37,5.47,5.47,5.74,5.52,5.59,5.42,5.30,5.30,5.37,5.25,5.27,5.20,4.91,4.12,3.24,2.90,2.98,2.97,2.65,2.23,1.97,1.99,1.84,1.83,2.18,2.73,3.19,2.81,2.40,2.05,2.20,1.88,0.96,0.79,0.10,-0.38,-0.23,0.34,-0.69,-0.44,0.60,0.74,1.01,1.03,0.98,0.83,0.56,0.55,0.60,0.69,0.32,0.76,0.63,0.63,0.62,0.39,0.03,-0.16,-0.06,0.18,0.37,0.46,0.63,0.50,0.35,0.11,-0.82,-2.19,-3.88,-6.27,-8.54,-8.79,-8.22,-6.91,-4.49,-1.80,-0.88,-0.76,-0.61,-0.28,0.02,0.21,0.46,0.55,0.79,1.17,1.22,1.09
2.53,2.37,2.23,1.88,1.48,2.20,3.02,3.59,3.95,3.85,4.08,4.30,4.47,4.51,4.53,4.61,4.65,4.67,4.56,4.55,4.68,4.74,4.53,4.56,4.54,4.47,4.34,4.10,3.89,3.69,3.51,3.27,2.91,2.64,2.52,2.31,2.28,2.24,2.17,2.06,1.85,1.76,2.11,2.58,2.97,3.14,3.31,3.54,3.62,3.92,4.22,4.34,4.53,4.76,4.83,4.95,5.03,5.10,5.05,4.99,5.13,5.16,5.19,4.97,5.03,5.09,5.22,5.54,5.39,5.38,5.51,5.33,5.46,5.46,5.66,5.45,5.61,5.49,5.42,5.38,5.30,5.23,5.17,5.17,4.57,3.66,2.94,2.46,2.65,2.85,2.58,2.41,2.32,2.20,1.99,1.93,1.97,1.95,2.06,1.76,1.89,1.66,1.49,0.37,-2.27,-2.81,-2.88,-3.17,-2.86,-0.96,-4.64,-5.68,-1.97,-0.34,0.44,0.09,-0.20,0.18,0.18,-0.07,-0.26,0.24,0.63,-1.88,-0.84,-0.81,-0.53,-0.47,-0.49,-0.58,-0.79,-0.88,-1.03,-1.99,-2.14,-0.91,-0.77,-1.47,-3.28,-5.97,-8.91,-11.74,-12.85,-12.15,-10.34,-7.97,-4.86,-1.66,-0.84,-0.62,-0.39,0.00,0.41,0.71,0.92,0.78,0.93,1.06,1.18,1.36
2.59,2.37,2.03,1.96,1.64,2.37,3.06,3.53,3.84,3.88,3.96,4.27,4.37,4.36,4.42,4.54,4.50,4.47,4.50,4.49,4.55,4.63,4.36,4.63,4.31,4.28,4.36,4.24,3.94,3.66,3.50,3.22,2.94,2.65,2.55,2.40,2.23,2.14,2.13,2.11,1.91,1.87,2.20,2.59,3.12,3.19,3.32,3.51,3.47,3.63,3.97,4.27,4.47,4.62,4.74,4.82,4.82,4.89,4.92,4.95,5.01,4.99,5.09,4.96,5.01,4.98,5.16,5.49,5.49,5.46,5.44,5.30,5.26,5.35,5.59,5.39,5.45,5.54,5.29,5.34,5.30,5.30,5.27,5.16,4.61,3.51,2.66,1.99,2.08,2.45,2.46,2.53,2.53,2.54,2.38,2.22,2.05,1.70,1.51,1.01,1.16,1.28,1.67,0.51,-2.73,-4.15,-4.64,-4.64,-2.63,-1.69,-4.33,-4.74,-4.64,-2.94,-2.09,-3.53,-3.54,-1.88,-2.26,-3.61,-3.00,-1.60,-2.90,-2.41,-2.16,-2.85,-3.40,-3.59,-3.75,-3.79,-3.66,-3.53,-3.55,-4.09,-4.27,-3.80,-3.65,-4.13,-5.77,-8.14,-10.17,-11.68,-10.25,-8.83,-6.47,-4.37,-2.69,-1.16,-1.04,-0.89,-0.37,-0.02,0.32,0.77,1.04,1.00,1.29,1.36,1.43,1.76
2.45,2.24,2.12,1.96,1.70,2.45,3.10,3.43,3.60,3.81,3.79,4.11,4.22,4.30,4.44,4.49,4.45,4.47,4.41,4.41,4.30,4.21,4.41,4.29,4.29,4.25,4.24,4.05,3.84,3.71,3.53,3.24,3.08,2.63,2.63,2.40,2.17,2.13,2.12,2.07,1.87,1.88,2.23,2.64,3.12,3.18,3.27,3.49,3.44,3.59,4.05,4.20,4.36,4.62,4.60,4.72,4.90,4.99,4.90,4.81,4.94,5.11,5.19,4.97,5.06,5.05,5.33,5.47,5.61,5.61,5.19,5.37,5.33,5.37,5.49,5.40,5.42,5.60,5.34,5.33,5.38,5.16,5.26,5.05,4.68,3.50,2.29,1.93,1.97,2.03,2.02,2.22,2.47,2.51,2.40,2.31,2.03,1.48,1.18,0.63,0.49,0.55,1.20,1.26,0.82,0.69,0.26,-0.05,-0.29,-1.08,-1.36,-1.78,-1.88,-2.83,-4.14,-7.50,-8.01,-3.88,-3.66,-7.52,-6.53,-3.89,-2.35,-1.38,-1.69,-1.71,-1.62,-1.60,-1.79,-2.17,-2.45,-2.62,-2.79,-2.90,-2.76,-2.87,-3.27,-3.81,-4.79,-5.93,-6.17,-6.05,-4.99,-3.77,-2.24,-1.22,-1.06,-1.07,-0.99,-0.59,0.11,0.49,0.68,1.07,1.03,1.18,1.22,1.16,1.23,1.60
2.55,2.51,2.30,1.77,1.89,2.34,2.95,3.51,3.77,3.64,3.72,3.90,4.09,4.24,4.35,4.44,4.42,4.54,4.40,4.35,4.28,4.31,4.63,4.70,4.49,4.42,3.97,3.92,3.81,3.62,3.45,3.26,3.12,2.76,2.63,2.22,2.10,2.16,2.19,2.08,1.79,1.78,2.18,2.66,2.97,2.85,3.18,3.40,3.49,3.63,4.02,4.14,4.40,4.49,4.62,4.71,4.76,4.78,4.67,4.69,4.89,4.89,4.84,5.04,5.32,5.18,5.56,5.51,5.49,5.39,5.31,5.34,5.19,5.20,5.16,5.19,5.27,5.32,5.34,5.40,5.32,5.12,5.15,4.74,4.22,3.26,2.24,1.87,1.87,1.95,1.88,1.62,1.57,1.96,2.22,2.03,1.82,1.34,0.65,0.39,0.44,0.44,0.29,0.41,0.44,0.41,-0.11,-0.16,-0.18,-0.22,-0.23,-0.27,0.00,-1.41,-3.87,-8.43,-10.15,-7.36,-9.10,-10.14,-7.03,-4.62,-1.12,0.32,0.30,0.34,0.63,0.77,0.69,0.49,0.13,-0.10,-0.57,-0.43,-0.52,-0.32,-0.61,-1.24,-1.86,-2.44,-2.92,-2.28,-1.60,-1.03,-0.36,-0.21,-0.81,-1.35,-1.57,-0.81,-0.12,0.36,0.76,1.18,1.09,1.15,1.25,1.29,1.36,1.70
2.53,2.40,2.11,1.65,1.55,2.54,2.88,3.27,3.65,3.68,3.68,3.84,4.04,4.12,4.23,4.31,4.40,4.41,4.29,4.25,4.34,4.47,4.55,4.48,4.23,4.25,4.24,4.01,3.71,3.59,3.49,3.19,2.93,2.75,2.47,2.30,2.28,2.28,2.36,2.12,1.74,1.65,2.03,2.65,2.89,2.76,3.02,3.20,3.37,3.53,4.04,4.09,4.20,4.49,4.60,4.56,4.60,4.72,4.76,4.74,4.81,4.91,5.06,5.24,5.17,5.06,5.15,5.35,5.34,5.29,5.42,5.22,5.10,5.29,5.31,5.25,5.29,5.18,5.18,4.99,5.32,5.15,5.06,4.84,4.24,3.01,2.38,2.13,2.05,1.99,1.94,1.89,1.66,1.60,1.70,1.54,1.36,0.99,0.68,0.61,0.78,0.67,0.16,0.09,0.20,0.04,-0.11,0.07,0.29,-0.21,-0.37,-0.10,-0.06,-1.26,-3.54,-8.07,-11.06,-8.90,-9.63,-10.32,-6.21,-3.68,-0.73,0.20,0.63,0.89,1.23,1.38,1.25,1.11,0.98,0.95,0.52,0.58,0.25,0.19,0.04,-0.38,-0.84,-1.12,-1.43,-1.11,-0.76,-0.59,-0.32,-0.48,-1.52,-1.67,-1.37,-1.01,-0.34,0.24,0.61,1.00,0.85,0.76,0.74,0.92,1.15,1.29
2.51,2.14,1.82,1.54,1.40,2.25,2.69,3.14,3.41,3.44,3.63,3.92,3.92,4.08,4.21,4.22,4.35,4.27,4.23,4.33,4.36,4.36,4.43,4.45,4.24,4.53,4.14,3.91,3.84,3.68,3.43,3.30,3.15,2.75,2.52,2.37,2.25,2.41,2.32,2.12,1.74,1.50,1.91,2.54,2.72,2.83,2.91,3.28,3.24,3.59,3.98,4.00,4.15,4.20,4.47,4.54,4.58,4.56,4.65,4.79,4.83,4.90,4.97,4.94,4.85,4.96,5.15,5.17,5.34,5.25,5.35,5.30,5.42,5.26,5.26,5.10,5.10,5.19,5.10,4.82,5.05,5.12,5.23,4.76,3.88,2.94,2.34,2.22,2.13,1.83,1.88,1.80,1.55,1.39,1.22,1.14,0.98,0.74,0.46,1.12,0.80,1.15,1.03,1.21,0.62,0.51,0.40,0.24,0.19,0.09,-0.03,0.02,-0.20,-0.77,-2.74,-5.52,-6.82,-6.68,-8.25,-9.62,-4.86,-2.32,-0.54,0.07,0.35,0.62,0.87,0.87,0.65,0.57,0.71,0.69,0.44,0.37,0.23,0.13,-0.10,-0.29,-0.44,-0.66,-0.71,-0.64,-0.51,-0.32,-0.42,-0.87,-1.52,-1.66,-1.36,-0.99,-0.58,-0.06,0.45,0.58,0.19,0.02,0.08,0.35,0.73,0.78
2.52,2.11,1.78,1.62,1.44,1.96,2.42,2.81,3.13,3.50,3.83,3.97,4.02,4.10,4.17,4.22,4.24,4.27,4.23,4.33,4.24,4.15,4.22,4.25,4.07,4.27,3.94,3.73,3.60,3.56,3.32,3.06,2.91,2.54,2.46,2.31,2.14,2.02,2.19,2.18,1.68,1.43,1.88,2.38,2.51,2.77,2.95,3.33,3.28,3.66,4.00,3.95,4.17,4.16,4.49,4.55,4.51,4.61,4.70,4.76,4.88,4.94,4.92,4.92,4.95,4.88,5.20,5.20,5.16,5.19,5.37,5.61,5.35,5.19,5.13,5.26,5.11,5.26,5.18,5.08,5.23,5.15,5.06,4.75,3.81,2.89,2.24,2.12,2.16,1.99,1.78,1.49,1.31,1.17,0.94,1.14,1.12,0.65,0.36,1.39,1.64,2.14,2.40,2.71,2.61,2.28,1.94,1.82,1.97,2.12,1.79,1.72,1.43,0.83,-0.52,-2.23,-2.79,-2.90,-4.26,-6.17,-2.76,-0.42,0.15,0.53,0.79,0.98,1.07,0.92,0.66,0.68,0.83,0.94,0.41,0.51,0.25,0.16,-0.03,-0.31,-0.24,-0.66,-0.59,-0.54,-0.62,-0.67,-0.74,-0.91,-1.06,-1.03,-1.18,-0.92,-0.63,-0.36,-0.03,-0.27,-0.59,-0.62,-0.43,-0.07,0.46,0.77
2.54,2.19,1.94,1.78,1.42,1.83,2.24,2.51,2.83,3.21,3.45,3.88,3.96,4.02,4.18,4.28,4.15,4.27,4.24,4.23,4.18,4.16,4.18,4.21,4.14,4.08,3.96,3.82,3.65,3.49,3.38,3.26,2.96,2.71,2.51,2.43,2.23,2.14,2.22,2.06,1.57,1.48,1.82,2.18,2.46,2.69,3.00,3.21,3.30,3.62,3.90,3.89,4.18,4.14,4.30,4.40,4.56,4.65,4.64,4.68,4.78,4.94,4.87,4.78,4.95,5.08,5.26,5.34,5.13,5.12,5.32,5.27,5.13,5.16,5.47,5.08,5.25,5.20,5.17,5.38,5.38,5.23,5.02,4.43,3.37,2.63,2.19,1.95,2.05,2.01,1.88,1.74,1.28,0.89,0.94,0.88,0.58,0.30,-0.23,0.25,1.39,2.18,2.97,3.22,3.00,3.20,3.07,3.14,3.22,3.10,2.98,3.01,2.63,1.91,0.92,-0.05,-0.13,-0.13,-0.84,-1.85,-0.08,1.45,1.53,1.70,1.99,2.22,2.31,2.18,1.95,1.94,1.84,2.13,1.59,1.51,1.22,0.80,0.50,0.32,0.19,-0.06,-0.16,-0.42,-0.99,-1.03,-0.83,-0.77,-0.58,-0.97,-1.14,-1.03,-0.94,-0.94,-0.69,-1.02,-0.97,-0.77,-0.53,-0.21,0.49,0.90
2.54,2.37,2.13,1.74,1.28,1.65,2.26,2.73,3.09,3.37,3.57,4.03,4.17,4.08,4.08,4.08,4.04,4.29,4.35,4.25,4.23,4.22,4.22,4.18,4.15,4.05,3.90,3.79,3.62,3.35,3.37,3.38,3.03,2.61,2.38,2.29,2.13,2.19,2.14,1.90,1.59,1.59,1.76,2.07,2.47,2.52,2.88,3.12,3.18,3.57,3.82,3.97,4.15,4.11,4.25,4.28,4.49,4.62,4.54,4.58,4.70,4.77,4.82,4.79,4.88,4.99,5.20,5.20,5.20,4.88,5.10,5.08,5.06,5.16,5.04,5.11,5.26,5.29,5.37,5.13,5.16,5.06,4.96,4.23,3.32,2.47,2.18,2.12,1.96,1.82,1.67,1.51,1.46,1.23,0.92,0.73,0.41,0.10,-0.37,-0.41,-0.06,1.10,2.14,2.34,2.63,2.84,2.77,2.87,3.22,3.19,3.06,3.10,2.93,2.58,2.02,1.27,1.07,1.14,0.79,0.89,1.97,2.70,2.82,2.96,3.13,3.31,3.44,3.40,3.18,3.06,3.07,3.28,2.96,2.91,2.76,2.22,1.61,1.16,0.66,-0.07,-0.78,-0.79,-0.86,-0.72,-0.51,-0.62,-0.72,-1.41,-1.37,-1.24,-1.23,-1.27,-0.99,-1.11,-0.78,-0.46,-0.16,0.26,1.01,1.22
2.59,2.47,2.12,1.65,1.34,1.55,2.34,2.87,3.09,3.19,3.40,3.89,3.92,3.96,3.89,3.87,3.98,4.04,4.17,4.20,4.09,4.08,4.11,4.04,3.98,4.00,3.77,3.87,3.65,3.41,3.37,3.45,3.22,2.57,2.30,2.20,2.10,2.02,2.22,1.88,1.68,1.55,1.61,2.02,2.32,2.38,2.79,3.00,3.15,3.59,3.94,4.14,4.14,4.24,4.34,4.31,4.42,4.49,4.54,4.60,4.69,4.83,4.78,4.78,5.06,5.09,5.17,5.09,5.04,4.92,5.09,4.94,5.01,5.06,5.18,5.09,5.08,5.10,4.99,4.96,5.12,5.03,4.82,4.40,3.41,2.61,2.30,2.25,2.03,1.78,1.51,1.31,1.32,1.18,1.07,0.87,0.28,-0.02,-0.34,-0.32,-0.48,0.02,0.09,0.61,0.77,0.99,1.64,2.07,2.69,2.66,2.66,2.76,2.69,2.45,2.02,1.46,1.04,1.32,1.22,1.94,2.71,3.06,3.14,3.34,3.39,3.43,3.57,3.68,3.63,3.43,3.21,3.58,3.62,3.46,3.51,3.19,2.34,1.57,0.69,-0.87,-1.02,-0.69,-0.51,-0.42,-0.43,-0.76,-1.18,-1.51,-1.32,-1.23,-1.23,-1.04,-0.84,-0.73,-0.46,-0.07,0.37,0.88,1.53,1.28
2.60,2.26,1.94,1.62,1.42,1.62,2.51,2.91,3.00,3.08,3.37,3.69,3.64,3.76,3.75,3.77,3.91,4.03,4.02,4.01,3.84,4.02,4.14,4.02,3.95,3.85,3.79,3.96,3.70,3.47,3.35,3.35,3.07,2.57,2.41,2.24,2.34,2.01,2.10,1.97,1.73,1.56,1.62,1.96,2.28,2.43,2.87,3.01,3.18,3.56,3.97,4.10,4.15,4.33,4.42,4.48,4.56,4.62,4.63,4.67,4.76,4.83,4.75,4.69,4.96,5.20,5.09,5.01,4.94,4.96,5.04,4.99,5.10,5.12,5.16,5.17,5.25,5.24,5.19,5.05,5.48,5.46,5.24,4.99,3.64,2.90,2.48,2.36,2.20,1.90,1.74,1.55,1.32,1.25,1.12,0.92,0.35,0.03,-0.32,0.03,-0.20,-0.41,-1.09,-0.43,-0.57,-0.93,-0.47,-0.29,0.16,0.49,0.62,0.85,1.20,1.34,1.15,0.95,0.69,1.00,0.99,1.84,2.29,2.46,2.41,2.75,3.01,3.08,3.25,3.40,3.46,3.45,3.32,3.37,3.18,3.08,3.01,2.65,1.79,0.76,-0.27,-1.07,-0.59,-0.44,-0.44,-0.57,-0.77,-0.97,-1.36,-1.35,-1.09,-0.97,-1.01,-0.81,-0.73,-0.41,-0.24,0.18,0.77,0.92,1.36,1.25
2.32,2.06,1.82,1.43,1.20,1.65,2.51,2.94,3.03,3.14,3.40,3.56,3.72,3.75,3.73,3.79,3.90,4.04,4.00,4.18,4.03,3.96,3.97,3.97,3.89,3.77,3.84,3.92,3.68,3.43,3.38,3.25,2.94,2.61,2.45,2.36,2.26,2.13,2.24,2.02,1.71,1.74,1.62,1.77,2.24,2.49,2.70,2.84,3.08,3.40,3.90,4.01,4.07,4.17,4.41,4.51,4.58,4.72,4.68,4.76,4.84,4.83,4.83,4.79,4.87,5.06,5.09,4.97,4.98,5.01,5.11,5.05,5.31,5.15,5.31,5.09,5.09,5.15,5.34,5.52,5.65,5.54,5.63,5.02,3.43,2.67,2.40,2.30,2.28,1.94,1.66,1.45,1.22,1.17,1.05,1.15,0.73,0.58,-0.07,-0.13,-0.18,-0.32,-0.84,-0.69,-0.83,-1.33,-1.18,-1.14,-1.01,-0.87,-0.87,-0.79,-0.57,-0.18,0.18,0.42,0.39,0.61,0.55,0.93,0.99,0.96,1.12,1.11,1.22,1.65,1.96,2.06,2.14,1.65,1.28,1.53,1.45,1.45,1.43,1.12,0.49,-0.37,-0.78,-0.79,-0.34,-0.41,-0.59,-0.77,-0.96,-0.88,-1.17,-1.28,-1.16,-0.88,-0.59,-0.18,-0.10,0.29,0.71,0.89,0.88,0.96,1.26,1.09
2.05,2.02,1.72,1.33,1.20,1.50,2.24,2.90,3.00,3.13,3.35,3.43,3.71,3.64,3.70,3.69,3.70,3.90,4.22,4.09,3.94,3.96,4.04,4.00,3.88,3.78,3.73,3.88,3.58,3.43,3.43,3.22,3.00,2.78,2.53,2.36,2.11,2.17,2.31,2.07,1.84,1.87,1.89,2.06,2.32,2.52,2.66,3.04,3.14,3.56,3.72,3.82,4.09,4.01,4.21,4.38,4.41,4.60,4.65,4.69,4.75,4.78,4.82,4.81,4.83,4.99,5.06,4.94,5.02,5.02,5.19,5.12,5.48,5.25,5.24,5.04,5.33,5.39,5.66,5.59,5.59,5.60,5.80,5.34,3.84,2.83,2.42,2.38,2.34,2.00,1.79,1.72,1.44,1.22,1.20,1.18,0.84,0.90,0.15,-0.17,-0.15,-0.22,-0.28,-0.62,-0.66,-1.01,-0.93,-0.88,-0.76,-0.89,-0.93,-0.96,-1.18,-1.14,-0.68,-0.27,-0.15,0.08,0.08,0.02,-0.44,-1.07,-1.23,-1.33,-1.51,-1.43,-0.84,-0.15,-0.39,-0.64,-0.74,-0.74,-0.84,-0.48,-0.11,-0.27,-0.71,-0.84,-0.69,-0.48,-0.51,-0.68,-0.79,-0.74,-0.71,-0.58,-0.83,-0.84,-0.78,-0.69,-0.46,0.03,-0.01,0.26,0.60,0.88,1.06,1.11,1.29,1.23
2.45,2.03,1.62,1.46,1.39,1.49,2.40,2.75,2.73,3.00,3.27,3.37,3.64,3.63,3.68,3.64,3.65,3.75,3.81,4.11,4.14,4.01,4.04,4.07,3.90,3.71,3.78,3.59,3.46,3.49,3.38,3.24,3.10,2.93,2.66,2.32,2.14,2.08,2.30,1.91,1.88,1.82,1.85,1.96,2.22,2.53,2.64,2.81,2.71,3.24,3.58,3.92,4.16,4.21,4.34,4.33,4.44,4.64,4.62,4.56,4.57,4.67,4.64,4.61,4.75,4.91,5.02,4.89,5.03,5.01,5.18,5.16,5.37,5.32,5.25,5.11,5.60,5.61,5.74,5.70,5.56,5.53,5.59,5.30,4.12,3.03,2.29,2.28,2.35,2.07,1.93,1.83,1.59,1.23,1.04,0.93,0.58,0.89,0.28,-0.05,-0.01,-0.20,-0.13,-0.67,-0.68,-0.94,-0.97,-1.04,-0.99,-1.07,-0.96,-0.79,-0.93,-1.01,-1.08,-0.82,-0.44,-0.34,-0.51,-0.48,-0.79,-0.94,-1.03,-1.09,-1.09,-1.08,-0.98,-0.77,-0.92,-0.83,-0.76,-0.83,-0.96,-0.92,-0.71,-0.64,-0.87,-0.58,-0.44,-0.39,-0.62,-0.83,-0.79,-0.52,-0.36,-0.43,-0.47,-0.37,-0.20,-0.07,-0.08,-0.07,0.31,0.55,0.69,0.89,1.15,1.18,1.26,1.21
2.23,2.08,1.68,1.38,1.31,1.54,1.93,2.43,2.79,3.01,3.20,3.45,3.70,3.68,3.62,3.68,3.73,3.76,3.83,4.04,4.09,3.82,3.78,3.92,3.94,3.77,3.76,3.54,3.62,3.38,3.26,3.22,3.07,2.85,2.59,2.31,2.16,1.93,2.35,1.95,1.90,1.80,1.70,1.82,2.12,2.43,2.63,2.71,2.91,3.30,3.35,3.62,3.98,4.15,4.10,4.38,4.63,4.65,4.56,4.61,4.67,4.69,4.58,4.60,4.76,4.82,4.98,4.87,5.06,4.99,5.18,5.23,5.35,5.40,5.59,5.53,5.75,5.82,5.71,5.76,5.61,5.45,5.35,5.08,4.16,3.06,2.23,2.12,2.25,2.07,1.87,1.91,1.95,1.46,1.11,0.99,0.46,0.67,0.26,0.09,0.05,-0.10,-0.18,-0.69,-0.88,-1.09,-1.17,-1.27,-1.27,-1.21,-1.04,-0.87,-0.82,-0.83,-0.96,-0.82,-0.89,-0.72,-0.74,-0.73,-0.83,-0.98,-0.92,-0.82,-0.86,-0.88,-0.88,-0.89,-0.92,-0.71,-0.71,-0.67,-0.64,-0.71,-0.73,-0.54,-0.49,-0.28,-0.29,-0.41,-0.44,-0.49,-0.42,-0.13,-0.31,-0.11,-0.13,-0.02,0.00,-0.16,-0.26,0.09,0.32,0.28,0.34,0.72,0.99,1.01,1.10,1.06
1.85,2.06,1.78,1.38,1.37,1.79,2.22,2.35,2.73,3.03,3.27,3.50,3.70,3.64,3.59,3.76,3.81,3.79,3.88,3.78,3.82,3.89,3.71,3.70,3.76,3.77,3.82,3.57,3.76,3.12,3.24,3.09,2.90,2.66,2.42,2.34,2.13,2.03,2.43,2.02,1.88,1.84,1.66,1.76,2.18,2.53,2.71,2.90,2.95,3.33,3.60,3.77,4.10,4.05,4.22,4.42,4.58,4.47,4.54,4.70,4.75,4.69,4.61,4.75,4.92,4.82,4.90,4.81,5.08,4.97,5.19,5.38,5.69,5.49,5.83,5.77,5.82,5.93,5.73,5.52,5.39,5.10,4.98,4.95,4.09,2.96,2.14,2.01,2.14,2.02,1.90,2.10,2.28,1.88,1.40,1.01,0.35,0.36,-0.01,0.11,-0.07,-0.10,-0.28,-0.51,-0.86,-1.07,-1.11,-1.08,-1.06,-0.96,-0.92,-1.02,-1.19,-1.33,-1.08,-1.13,-1.06,-0.77,-0.67,-0.84,-0.81,-0.71,-0.76,-0.84,-0.87,-0.87,-0.88,-0.73,-0.79,-0.51,-0.74,-0.74,-0.59,-0.58,-0.62,-0.47,-0.28,-0.26,-0.26,-0.32,-0.32,-0.44,-0.54,-0.26,0.02,0.18,-0.02,-0.21,-0.28,-0.33,-0.23,0.04,0.23,0.25,0.31,0.68,0.78,0.85,1.06,1.07
1.85,2.05,1.70,1.32,1.27,1.53,2.00,2.53,2.34,2.81,3.18,3.33,3.46,3.63,3.73,3.85,3.79,3.79,3.89,3.69,3.87,4.02,3.87,3.77,3.58,3.53,3.76,3.65,3.60,3.54,3.37,2.89,2.82,2.71,2.55,2.45,2.23,2.32,2.45,2.06,1.84,1.83,1.73,1.79,2.13,2.47,2.67,2.89,3.01,3.34,3.51,3.59,4.14,4.11,4.22,4.35,4.45,4.76,4.54,4.48,4.60,4.67,4.67,4.72,4.77,4.72,4.78,4.79,5.10,5.20,5.30,5.48,5.90,5.53,5.85,5.66,5.73,5.93,5.61,5.09,4.89,4.60,4.51,4.71,4.02,2.94,2.10,1.87,2.00,2.03,2.14,2.19,2.10,2.01,1.37,0.55,0.09,-0.01,-0.36,-0.11,-0.24,-0.39,-0.53,-0.42,-0.71,-0.84,-0.92,-0.78,-0.79,-1.04,-1.11,-1.06,-1.06,-1.02,-1.24,-1.06,-0.84,-0.68,-0.84,-0.99,-0.89,-0.76,-0.79,-0.91,-0.87,-0.94,-0.94,-0.63,-0.82,-0.56,-0.81,-0.88,-0.66,-0.43,-0.34,-0.24,-0.05,-0.06,0.00,0.00,0.04,-0.06,-0.26,-0.13,0.21,0.10,0.04,-0.05,-0.16,-0.24,-0.22,0.02,0.23,0.41,0.63,0.93,0.79,0.95,1.32,1.39
2.01,2.02,1.64,1.37,1.16,1.27,1.76,2.31,2.17,2.71,3.14,3.39,3.54,3.53,3.66,3.77,3.73,3.82,3.92,3.85,4.07,4.00,3.98,3.92,3.59,3.47,3.72,3.64,3.60,3.39,3.10,2.88,2.83,2.59,2.35,2.26,2.23,2.25,2.45,2.13,1.88,1.82,1.72,1.74,2.12,2.54,2.75,2.88,2.96,3.19,3.30,3.59,3.87,3.69,3.92,4.24,4.43,4.50,4.58,4.49,4.58,4.83,4.65,4.56,4.79,4.90,4.87,4.95,5.56,5.65,5.70,5.53,5.85,5.73,6.04,5.61,5.48,5.90,5.38,4.76,4.62,4.38,4.30,4.41,3.88,2.90,2.03,1.60,1.67,1.91,2.10,2.10,1.77,1.68,1.12,0.34,0.19,-0.28,-0.24,-0.05,-0.18,-0.31,-0.31,-0.31,-0.51,-0.61,-0.62,-0.67,-0.64,-0.64,-0.84,-0.96,-0.98,-1.01,-0.79,-0.68,-0.79,-0.69,-0.88,-0.92,-0.91,-0.88,-0.91,-0.92,-0.74,-0.69,-0.93,-0.64,-0.67,-0.58,-0.71,-0.77,-0.62,-0.32,-0.02,-0.16,0.11,0.00,-0.21,-0.15,-0.03,-0.03,-0.10,-0.11,-0.02,-0.12,-0.28,-0.34,-0.32,-0.33,-0.33,0.07,0.39,0.67,0.94,1.14,1.00,0.96,1.28,1.61
1.83,1.93,1.79,1.50,1.14,1.23,1.70,2.03,2.55,3.03,3.24,3.33,3.39,3.40,3.37,3.66,3.72,3.78,3.91,4.01,4.08,3.78,3.88,3.79,3.63,3.57,3.57,3.58,3.38,3.26,3.03,3.01,2.81,2.64,2.42,2.18,2.12,2.20,2.41,2.07,2.01,1.82,1.65,1.66,2.11,2.49,2.66,2.79,2.93,3.06,3.07,3.46,3.69,3.95,4.05,4.15,4.28,4.23,4.28,4.34,4.35,4.38,4.61,4.79,4.77,4.82,5.09,5.55,5.71,5.44,5.62,5.73,5.87,5.63,5.62,5.44,5.15,5.34,5.15,4.49,4.44,4.27,4.20,3.97,3.50,2.58,1.57,1.04,1.12,1.46,1.57,1.62,1.49,1.23,0.74,0.18,0.09,0.07,0.20,0.58,0.47,0.15,0.25,-0.16,-0.49,-0.53,-0.66,-0.74,-0.76,-0.89,-0.97,-0.77,-0.66,-0.43,-0.69,-0.58,-0.67,-0.54,-0.81,-0.86,-0.84,-0.83,-0.78,-0.79,-0.67,-0.47,-0.82,-0.68,-0.39,-0.36,-0.37,-0.31,-0.23,-0.22,-0.32,-0.67,-0.15,0.00,-0.03,-0.06,-0.01,-0.01,-0.16,-0.26,-0.20,-0.38,-0.62,-0.63,-0.33,-0.26,0.02,0.35,0.72,1.09,1.46,1.21,1.12,1.03,1.17,1.31
1.55,1.80,1.94,1.43,1.18,1.37,1.72,2.01,2.52,2.88,3.00,3.15,3.28,3.12,3.21,3.54,3.62,3.71,3.82,3.88,3.97,3.47,3.54,3.49,3.62,3.63,3.54,3.51,3.18,3.10,2.85,2.78,2.52,2.42,2.35,2.26,2.22,2.17,2.25,2.02,1.90,1.74,1.76,1.71,2.02,2.34,2.49,2.70,2.89,2.93,3.08,3.25,3.50,3.72,4.10,3.83,4.11,4.31,4.36,4.51,4.41,4.47,4.64,4.74,4.84,5.13,5.49,5.41,5.59,5.73,5.70,5.67,5.53,5.11,5.11,4.98,4.69,4.89,4.68,4.40,4.29,4.09,3.96,3.90,3.24,2.29,1.44,1.00,0.93,0.93,1.17,1.16,0.79,0.52,0.52,0.67,0.57,0.94,0.89,0.88,0.31,0.36,0.39,0.20,-0.21,-0.33,-0.36,-0.62,-0.81,-0.78,-0.73,-0.39,-0.44,-0.20,-0.58,-0.57,-0.56,-0.48,-0.58,-0.71,-0.68,-0.61,-0.57,-0.62,-0.57,-0.41,-0.57,-0.51,-0.37,-0.36,-0.32,-0.21,-0.12,-0.02,-0.03,-0.27,-0.17,-0.05,-0.20,-0.21,-0.17,-0.28,-0.29,-0.44,-0.37,-0.49,-0.59,-0.44,-0.02,0.20,0.82,1.00,1.12,1.27,1.18,1.25,1.43,1.46,1.59,1.67
2.00,2.28,1.82,1.44,1.38,1.46,1.67,1.93,2.10,2.58,2.72,2.91,2.98,2.81,3.01,3.08,3.33,3.32,3.31,3.53,3.64,3.20,3.04,3.22,3.49,3.45,3.33,3.27,3.00,3.02,2.78,2.51,2.53,2.49,2.36,2.16,2.00,2.07,2.22,2.19,1.51,1.68,1.73,1.88,2.14,2.34,2.48,2.65,2.77,2.81,3.08,3.12,3.35,3.45,3.87,3.91,4.22,4.35,4.31,4.44,4.30,4.44,4.60,4.88,5.30,5.46,5.67,5.80,5.70,5.77,5.52,5.46,5.18,4.69,4.36,4.47,4.57,4.41,4.51,4.30,4.04,4.01,3.96,4.04,3.58,2.46,1.40,0.88,0.87,0.96,0.93,0.90,0.85,0.47,0.29,0.44,0.62,1.12,0.92,0.82,0.85,0.88,0.58,-0.06,-0.41,-0.38,-0.37,-0.52,-0.76,-0.83,-0.58,-0.47,-0.44,-0.36,-0.71,-0.54,-0.63,-0.56,-0.58,-0.62,-0.52,-0.47,-0.52,-0.47,-0.48,-0.23,-0.13,-0.08,0.02,0.02,-0.08,-0.16,-0.13,-0.03,-0.08,-0.28,-0.20,-0.11,-0.07,-0.15,-0.22,-0.32,-0.47,-0.56,-0.31,-0.22,-0.15,0.09,0.24,0.35,0.53,0.82,1.15,1.40,1.50,1.45,1.53,1.53,1.55,1.62
2.03,1.82,1.79,1.53,1.04,1.07,1.31,1.56,1.95,2.32,2.40,2.53,2.55,2.46,2.41,2.78,2.89,2.81,2.77,2.91,3.12,2.95,2.69,2.81,3.06,3.01,2.96,2.97,2.89,2.97,2.59,2.26,2.63,2.45,2.23,2.18,2.18,2.16,2.13,2.13,1.31,1.95,1.64,1.96,2.07,2.25,2.53,2.69,2.72,2.79,2.95,3.08,3.28,3.37,3.62,3.97,4.31,4.37,4.40,4.45,4.55,4.85,4.94,5.11,5.39,5.60,5.84,5.89,5.68,5.73,5.03,4.99,4.60,4.29,4.25,4.27,4.15,4.15,4.16,4.17,3.88,3.83,3.90,3.91,3.79,3.10,1.97,1.23,1.03,0.90,0.89,0.90,0.68,0.61,0.28,0.60,0.82,1.07,1.03,0.92,0.68,0.67,0.61,-0.03,-0.54,-0.59,-0.46,-0.44,-0.52,-0.43,-0.37,-0.26,-0.15,-0.37,-0.71,-0.56,-0.64,-0.56,-0.63,-0.68,-0.54,-0.52,-0.58,-0.32,-0.76,-0.52,-0.49,-0.64,-0.56,-0.23,-0.13,-0.11,0.13,0.21,-0.01,-0.13,-0.13,0.09,0.10,0.00,-0.05,-0.10,-0.39,-0.36,0.02,0.24,0.29,0.52,0.71,1.06,1.21,1.34,1.50,1.59,1.50,1.29,1.55,1.65,1.51,1.45
2.25,2.08,1.89,1.62,1.44,1.23,1.18,1.34,1.60,1.79,1.96,2.08,2.13,2.08,1.94,2.08,2.12,2.06,2.00,2.02,2.19,2.41,2.47,2.49,2.54,2.75,2.83,2.79,2.84,2.81,2.42,2.22,2.60,2.43,2.26,2.25,2.24,2.22,2.28,2.19,1.89,1.93,1.79,1.62,2.02,2.37,2.69,2.84,2.78,2.82,2.89,3.10,3.24,3.40,3.57,3.87,4.17,4.27,4.43,4.75,4.97,5.06,5.22,5.35,5.44,5.60,5.71,5.61,5.37,5.03,4.62,4.62,4.24,3.96,4.02,3.87,4.03,3.95,4.05,3.89,3.71,3.60,3.70,3.82,3.78,3.35,2.32,1.45,1.05,0.71,0.87,0.65,0.25,0.49,0.24,0.50,0.60,0.84,1.00,0.72,0.58,0.46,0.60,0.26,-0.05,-0.21,-0.29,-0.22,-0.22,-0.26,-0.32,-0.21,-0.13,-0.49,-0.56,-0.57,-0.53,-0.41,-0.49,-0.66,-0.66,-0.51,-0.36,-0.48,-0.44,-0.17,-0.59,-0.51,-0.42,-0.27,-0.23,-0.23,0.26,0.57,0.68,0.41,0.26,0.46,0.50,0.25,0.20,0.21,-0.08,0.16,0.40,0.35,0.29,0.73,0.87,1.07,1.22,1.25,1.31,1.62,1.32,1.26,1.36,1.53,1.54,1.42
2.42,2.24,1.96,1.64,1.39,1.32,1.37,1.40,1.39,1.50,1.67,1.76,1.76,1.70,1.59,1.51,1.40,1.36,1.31,1.34,1.44,1.55,1.88,1.93,2.29,2.32,2.36,2.54,2.65,2.49,2.41,2.28,2.55,2.55,2.45,2.34,2.28,2.35,2.40,2.19,1.97,1.71,1.76,1.64,1.66,2.10,2.48,2.51,2.43,2.57,2.78,3.09,3.14,3.50,3.69,3.83,4.05,4.38,4.50,4.98,5.06,5.16,5.37,5.37,5.31,5.27,5.13,5.03,4.78,4.41,4.16,4.16,4.22,3.94,3.76,3.71,3.69,4.01,3.95,3.66,3.51,3.44,3.45,3.56,3.76,3.57,2.96,2.22,1.64,1.33,1.00,0.80,0.41,0.40,0.16,0.15,0.42,0.79,0.93,0.62,0.49,0.39,0.55,0.58,0.53,0.44,0.25,0.34,0.46,0.20,0.14,0.18,-0.08,-0.38,-0.32,-0.39,-0.33,-0.16,-0.29,-0.52,-0.46,-0.42,-0.38,-0.41,-0.39,-0.42,-0.47,-0.41,-0.29,-0.20,-0.06,0.07,0.56,1.06,1.17,0.95,0.85,0.94,0.96,0.72,0.39,0.51,0.24,0.40,0.80,0.92,0.56,0.72,0.96,1.14,1.11,1.00,1.00,1.44,1.28,1.22,1.22,1.29,1.54,1.42
2.46,2.30,2.10,1.71,1.12,1.39,1.39,1.26,1.20,1.16,1.55,1.38,1.33,1.31,1.22,1.28,0.98,0.90,0.92,0.95,0.95,1.12,1.42,1.43,1.54,1.67,2.03,2.38,2.43,2.19,2.11,2.28,2.70,2.70,2.55,2.42,2.36,2.37,2.40,2.18,1.99,1.68,1.62,1.78,1.96,2.28,2.52,2.57,2.55,2.76,3.03,3.00,3.20,3.35,3.71,3.96,4.38,4.91,4.79,4.98,5.08,5.26,5.27,5.06,4.97,4.81,4.49,4.37,4.15,3.92,3.81,3.76,4.02,3.76,3.59,3.56,3.72,3.95,3.68,3.52,3.37,3.31,3.37,3.30,3.45,3.52,3.24,2.87,2.49,1.99,1.10,0.62,0.40,0.14,0.03,-0.08,0.20,0.35,0.49,0.39,0.23,0.26,0.45,0.67,0.85,0.89,0.79,0.79,1.01,0.96,0.85,1.06,0.69,0.61,0.24,0.24,0.32,0.36,0.35,0.31,0.08,-0.21,-0.07,0.05,-0.05,-0.08,-0.10,0.02,0.10,0.16,0.34,0.58,0.92,1.20,1.31,1.21,1.28,1.31,1.18,1.05,0.84,0.52,0.49,0.57,0.60,0.60,0.62,0.42,0.77,0.96,0.96,0.84,0.77,1.06,1.12,1.14,1.16,1.28,1.48,1.20
2.65,2.49,2.26,1.79,1.34,1.56,1.33,1.15,1.09,1.03,1.38,1.31,1.29,1.07,0.85,0.90,0.93,0.77,0.80,0.78,0.78,0.94,1.18,1.17,1.29,1.51,1.67,1.93,2.11,2.16,2.38,2.35,2.97,2.73,2.51,2.49,2.36,2.32,2.32,2.16,2.01,1.77,1.59,1.72,1.88,2.29,2.49,2.49,2.46,2.51,2.67,2.94,3.13,3.66,4.17,4.35,4.77,4.89,4.87,5.19,5.45,5.20,4.88,4.63,4.57,4.37,4.03,3.85,3.73,3.62,3.64,3.56,3.64,3.39,3.46,3.37,3.54,3.75,3.53,3.41,3.26,3.26,3.34,3.22,3.24,3.35,3.38,3.27,2.97,2.49,1.66,0.90,0.34,0.03,-0.03,-0.26,-0.01,-0.08,-0.02,-0.03,0.02,0.15,0.34,0.50,0.73,0.94,0.87,0.67,0.80,0.96,0.57,0.93,0.95,0.92,0.73,0.66,0.66,0.74,0.76,0.78,0.98,0.83,0.76,0.83,0.56,0.53,0.51,0.53,0.51,0.50,0.73,0.89,1.06,1.16,1.28,1.33,1.39,1.28,0.99,1.05,0.87,0.66,0.61,0.67,0.67,0.63,0.69,0.51,0.68,0.82,0.83,0.77,0.61,0.74,0.72,0.87,1.05,1.05,1.06,1.15
2.76,2.71,2.45,1.99,1.88,1.72,1.37,1.22,1.16,1.06,1.18,1.17,1.21,1.16,1.06,0.98,1.11,0.83,0.82,0.79,0.77,0.84,1.10,1.12,1.21,1.38,1.44,1.50,1.61,1.80,2.07,2.28,3.07,2.77,2.65,2.47,2.37,2.35,2.28,2.11,1.93,1.66,1.57,1.62,1.80,2.20,2.40,2.40,2.45,2.64,2.94,3.15,3.34,4.04,4.12,4.64,4.87,5.11,5.17,5.27,5.45,4.97,4.47,4.33,4.23,3.94,3.63,3.54,3.58,3.49,3.47,3.45,3.38,3.16,3.32,3.24,3.15,3.58,3.44,3.26,3.19,3.20,3.16,3.13,3.19,3.26,3.33,3.37,3.13,2.87,2.38,1.77,0.83,0.41,0.23,-0.23,-0.16,-0.11,-0.06,-0.06,0.10,0.20,0.30,0.26,0.30,0.51,0.58,0.62,0.68,0.74,0.87,1.09,0.96,0.96,0.71,0.60,0.73,0.96,0.92,0.73,1.07,1.25,1.01,1.04,0.94,0.88,0.87,0.90,0.92,0.90,1.09,0.99,1.04,1.44,1.42,1.33,1.36,1.33,1.22,1.18,0.88,0.90,0.82,0.85,0.90,0.76,0.69,0.61,0.62,0.68,0.71,0.72,0.62,0.68,0.62,0.60,0.73,0.88,0.72,0.71
2.98,2.90,2.72,2.36,1.84,1.89,1.56,1.36,1.25,1.31,1.39,1.43,1.39,1.34,1.26,1.18,1.21,1.20,1.00,0.83,0.78,0.94,1.17,1.27,1.28,1.37,1.39,1.51,1.67,1.83,2.06,2.49,2.88,2.73,2.48,2.41,2.46,2.35,2.20,2.05,1.76,1.55,1.61,1.60,1.87,2.10,2.36,2.59,2.76,2.91,3.13,3.35,3.82,4.22,4.28,4.69,4.89,5.12,5.02,4.99,4.77,4.04,3.79,3.82,3.76,3.50,3.31,3.38,3.33,3.25,3.16,3.26,3.26,3.20,3.22,3.18,3.04,3.39,3.33,3.09,3.03,3.02,2.97,3.01,3.19,3.22,3.10,3.15,3.20,3.01,2.70,2.47,1.99,1.23,0.84,0.29,-0.05,0.11,0.40,0.62,0.44,0.32,0.49,0.46,0.37,0.55,0.47,0.31,0.47,0.83,0.57,0.55,0.32,0.61,0.66,0.36,0.26,0.56,0.72,0.53,0.85,1.07,0.82,0.80,0.90,0.90,0.90,1.00,1.12,1.22,1.37,1.23,1.62,1.51,1.26,1.09,1.06,1.07,1.03,1.28,0.93,1.04,1.06,0.99,0.95,0.88,0.77,0.61,0.50,0.50,0.57,0.56,0.84,0.71,0.55,0.55,0.65,0.74,0.61,0.52
3.07,3.04,2.93,2.57,2.07,2.03,1.87,1.43,1.36,1.50,1.54,1.60,1.49,1.49,1.38,1.28,1.42,1.07,0.95,0.92,1.04,1.25,1.40,1.42,1.37,1.50,1.55,1.82,2.00,2.03,2.24,2.66,3.14,3.10,2.76,2.65,2.52,2.51,2.38,2.03,1.79,1.91,1.68,1.54,1.83,2.00,2.42,2.75,2.97,3.24,3.43,3.68,4.12,4.35,4.53,4.82,4.78,4.90,4.12,4.10,4.04,3.65,3.39,3.43,3.51,3.41,3.20,3.19,3.16,2.88,2.97,2.90,3.03,3.09,3.20,2.87,3.02,3.09,3.27,3.06,2.85,2.79,2.90,2.98,3.06,3.13,3.03,2.97,3.06,2.96,2.81,2.85,2.83,2.14,1.71,1.26,0.89,1.01,0.99,1.01,0.98,0.98,0.84,0.60,0.58,0.61,0.47,0.57,0.71,0.88,0.57,0.62,0.61,0.56,0.56,0.55,0.52,0.58,0.67,0.57,0.78,0.94,0.76,0.78,0.73,0.78,0.84,0.90,0.88,0.62,1.14,1.11,1.33,1.17,1.12,0.96,0.80,0.90,0.90,1.03,0.53,0.69,0.87,0.82,0.68,0.79,0.85,0.69,0.52,0.55,0.73,0.72,0.53,0.73,0.71,0.58,0.60,0.72,0.79,0.69
3.22,3.09,2.75,2.49,2.47,2.46,1.94,1.74,1.57,1.50,1.62,1.76,1.73,1.74,1.53,1.38,1.51,1.11,1.32,1.26,1.23,1.31,1.29,1.14,1.28,1.71,1.76,2.11,2.20,2.20,2.46,2.82,3.18,3.02,2.76,2.58,2.60,2.55,2.38,2.07,1.71,1.61,1.51,1.56,1.77,1.99,2.58,2.79,3.07,3.49,3.75,3.96,4.20,4.30,4.50,4.53,4.51,4.14,3.53,3.63,3.51,3.24,3.13,3.03,3.09,3.22,3.21,3.00,2.70,2.69,2.82,2.85,2.93,2.94,2.82,2.60,2.83,3.08,3.00,2.98,2.87,2.73,2.64,2.55,2.65,2.85,2.88,2.79,2.81,2.91,2.83,2.73,2.84,2.79,2.83,2.51,2.19,2.16,2.32,2.23,2.16,2.14,2.01,1.74,1.59,1.56,1.29,1.10,0.95,1.01,0.71,0.84,0.84,0.80,0.76,0.79,0.83,0.79,0.71,0.66,0.71,0.98,0.92,1.12,0.80,0.66,0.67,0.62,0.83,0.88,1.16,0.85,1.07,1.04,0.89,0.72,0.53,0.61,0.80,0.76,0.30,0.26,0.44,0.50,0.35,0.37,0.53,0.72,0.71,0.51,0.41,0.63,0.63,0.68,0.67,0.60,0.76,0.96,0.94,0.90
3.31,3.01,2.67,2.54,2.49,2.32,2.18,1.94,1.82,1.96,2.16,2.03,2.05,2.00,1.74,1.59,1.55,1.28,1.60,1.49,1.31,1.43,1.66,1.64,1.66,1.80,1.89,2.23,2.26,2.37,2.61,2.84,3.18,3.37,3.12,2.93,2.85,2.97,2.87,2.32,1.85,1.83,1.84,1.85,2.08,2.24,2.82,3.01,3.30,3.65,3.90,4.04,4.17,4.27,4.34,3.81,4.03,3.53,3.22,3.19,3.10,3.13,3.03,2.83,2.77,2.89,2.94,2.87,2.79,2.69,2.85,2.67,2.89,2.58,2.71,2.67,2.53,2.95,2.89,2.82,2.69,2.51,2.54,2.52,2.55,2.69,2.67,2.73,2.76,2.78,2.79,2.57,2.58,2.77,2.47,2.49,2.77,2.79,2.89,2.78,2.72,2.77,2.82,2.77,2.61,2.54,2.18,1.97,2.12,2.06,1.66,1.51,1.45,1.43,1.44,1.37,1.26,1.14,0.95,0.80,0.76,0.93,0.94,1.12,1.01,0.94,1.04,0.99,0.96,0.90,1.32,1.15,1.14,0.99,0.85,0.76,0.61,0.52,0.61,0.50,0.29,0.16,0.25,0.42,0.25,0.28,0.32,0.24,0.15,0.26,0.44,0.80,0.68,0.76,0.76,0.68,1.00,1.23,1.04,0.96
