3.72,3.73,3.99,3.75,3.91,4.04,3.93,3.83,3.92,3.85,3.90,3.93,3.96,3.86,3.61,3.66,3.87,3.86,3.90,3.85,3.59,3.54,3.48,3.41,3.42,3.40,3.41,3.62,4.00,3.49,3.67,3.68,3.48,3.52,3.52,3.36,3.26,3.23,3.16,3.04,2.99,3.07,3.01,3.04,2.94,2.62,2.40,2.46,2.39,2.26,2.18,2.17,2.16,2.13,2.14,2.02,1.99,2.05,1.90,1.75,1.75,1.77,1.80,1.51,1.25,1.20,0.97,1.11,1.03,1.07,0.85,0.80,0.81,0.63,0.35,0.17,0.14,0.23,0.40,0.50,0.33,0.17,0.10,0.02,0.08,-0.03,0.22,-0.06,-0.07,-0.02,0.02,0.03,0.14,0.03,-0.01,0.20,0.37,0.33,0.20,0.07,0.40,0.38,0.15,-0.18,-0.17,-0.03,0.27,0.54,0.77,0.97,1.34,1.67,1.77,1.73,1.44,1.50,2.03,1.92,1.89,1.85,1.68,1.39,1.46,1.85,1.57,1.90,1.75,1.25,1.01,0.79,0.60,0.54,0.49,0.32,0.30,0.33,0.51,0.66,0.63,0.69,0.84,0.51,0.49,0.76,0.67,0.64,0.71,0.69,0.48,0.54,0.60,0.48,0.28,0.44,0.48,0.49,0.41,0.39,0.41,0.44
3.91,3.88,4.07,3.83,4.02,4.03,3.98,3.98,4.07,4.00,4.05,4.02,3.92,3.83,3.75,3.92,4.11,4.11,3.92,3.72,3.61,3.57,3.52,3.38,3.42,3.53,3.60,3.72,3.91,3.86,3.93,3.48,3.57,3.38,3.31,3.46,3.43,3.38,3.43,3.22,3.20,3.37,3.30,3.26,3.19,2.98,2.75,2.74,2.71,2.69,2.42,2.31,2.29,2.22,2.39,2.33,2.00,1.89,1.85,1.74,1.88,2.11,2.06,1.99,1.83,1.57,1.30,1.22,1.20,1.14,1.09,1.01,0.74,0.67,0.74,0.54,0.56,0.59,0.24,0.22,0.38,0.18,0.09,0.20,0.35,0.20,0.25,0.09,0.06,0.01,0.15,0.24,0.15,0.01,0.01,0.09,0.22,0.37,0.38,0.18,0.56,0.38,0.34,0.13,0.24,0.07,0.48,0.72,0.98,1.24,1.52,1.69,1.75,1.82,1.78,1.58,1.77,1.61,1.88,2.12,1.94,1.53,1.60,1.90,1.69,1.85,1.72,1.35,1.08,0.87,0.71,0.64,0.58,0.54,0.61,0.90,0.90,0.79,0.70,0.85,0.92,0.56,0.61,0.86,0.70,0.65,0.71,0.69,0.49,0.63,0.58,0.56,0.56,0.38,0.32,0.66,0.59,0.49,0.46,0.39
3.92,3.97,4.10,3.81,4.03,4.09,4.04,4.03,4.09,3.97,3.97,3.91,3.91,3.99,3.80,3.97,3.99,4.13,4.06,3.67,3.68,3.55,3.60,3.52,3.67,3.87,3.86,3.75,3.78,3.85,3.80,3.68,3.62,3.47,3.41,3.52,3.53,3.55,3.65,3.53,3.50,3.55,3.43,3.40,3.40,3.25,3.08,3.04,3.02,2.90,2.86,2.78,2.51,2.25,2.25,2.28,2.17,2.11,2.19,2.26,2.25,2.18,2.11,2.02,1.83,2.00,1.89,1.56,1.64,1.36,1.36,1.15,0.98,1.06,1.00,0.81,0.74,0.65,0.49,0.50,0.48,0.45,0.39,0.33,0.44,0.35,0.34,0.28,0.20,0.27,0.19,0.28,0.35,0.17,0.19,0.17,-0.01,0.14,0.25,0.20,0.32,0.38,0.53,0.34,0.49,0.23,0.48,0.64,1.03,1.31,1.57,1.83,1.90,1.91,1.86,1.61,1.86,2.02,1.86,1.94,1.88,1.62,1.60,1.86,1.99,1.79,1.69,1.35,1.19,1.00,0.90,0.76,0.61,0.64,0.70,0.74,0.85,0.76,0.66,0.88,1.00,0.71,0.70,0.56,0.44,0.50,0.63,0.56,0.43,0.71,0.49,0.56,0.66,0.50,0.45,0.53,0.50,0.44,0.33,0.29
3.71,3.62,3.99,3.75,3.86,4.07,4.20,4.24,4.12,4.13,4.17,4.09,3.99,4.15,3.80,4.07,4.02,3.98,4.09,3.99,3.67,3.74,3.96,3.85,3.77,3.88,4.02,3.85,4.02,3.92,3.93,3.71,3.71,3.67,3.62,3.67,3.59,3.84,3.78,3.62,3.65,3.61,3.48,3.50,3.59,3.53,3.41,3.30,3.42,3.16,3.05,3.18,3.26,2.82,2.65,2.70,2.64,2.43,2.33,2.31,2.26,2.31,2.31,2.42,2.33,2.02,2.06,2.03,1.97,1.89,1.71,1.56,1.52,1.56,1.44,1.22,1.08,0.91,0.71,0.75,0.61,0.44,0.59,0.61,0.48,0.60,0.34,0.49,0.32,0.44,0.38,0.37,0.51,0.35,0.38,0.41,0.25,0.32,0.53,0.64,0.49,0.53,0.49,0.56,0.38,0.56,0.51,0.54,0.92,1.19,1.62,1.94,1.95,1.92,1.86,1.83,1.95,2.00,1.92,2.17,2.01,1.86,1.96,2.02,1.91,1.80,1.62,1.24,1.15,0.90,0.96,0.87,0.65,0.53,0.66,0.67,0.79,0.74,0.61,0.54,0.58,0.63,0.44,0.22,0.30,0.40,0.49,0.48,0.34,0.67,0.45,0.61,0.64,0.51,0.45,0.39,0.34,0.19,0.18,0.35
3.49,3.34,3.68,3.57,3.54,3.80,4.12,3.98,4.03,4.13,4.10,4.10,4.11,4.07,3.86,4.17,4.22,4.02,3.91,4.04,3.71,3.62,4.12,3.98,3.63,3.62,3.85,3.91,4.05,4.09,3.97,3.79,3.78,3.83,3.75,3.71,3.72,3.97,3.85,3.52,3.66,3.54,3.41,3.44,3.54,3.53,3.59,3.44,3.66,3.30,3.13,3.36,3.13,3.00,2.78,2.78,2.74,2.57,2.54,2.52,2.34,2.46,2.34,2.51,2.52,2.31,2.26,2.26,2.18,2.19,1.94,1.86,1.99,2.00,1.84,1.55,1.28,1.19,1.12,0.95,0.74,0.55,0.74,0.71,0.59,0.81,0.53,0.54,0.33,0.45,0.38,0.39,0.38,0.41,0.48,0.51,0.43,0.27,0.34,0.28,0.43,0.40,0.51,0.25,0.49,0.66,0.61,0.38,0.59,1.11,1.64,1.91,1.92,1.94,1.95,1.79,1.95,1.91,2.09,2.23,1.96,1.55,1.60,1.82,1.74,1.60,1.50,1.22,1.09,0.84,1.01,1.07,0.71,0.45,0.71,0.88,0.87,0.71,0.55,0.56,0.61,0.48,0.28,0.48,0.46,0.48,0.55,0.51,0.38,0.64,0.50,0.60,0.65,0.60,0.48,0.51,0.25,0.27,0.44,0.53
3.40,3.60,3.34,3.43,3.65,3.84,3.99,4.06,4.06,4.13,4.11,4.06,4.15,3.96,3.98,4.18,4.23,4.17,4.16,3.98,4.06,4.11,4.11,4.09,3.99,3.93,3.96,4.00,4.18,4.20,4.15,4.02,3.93,3.96,3.88,3.62,3.80,3.81,3.87,3.69,3.63,3.59,3.68,3.66,3.53,3.61,3.61,3.66,3.65,3.34,3.34,3.32,3.17,3.13,3.07,3.05,2.88,2.63,2.66,2.68,2.42,2.60,2.47,2.58,2.62,2.53,2.41,2.41,2.22,2.28,2.20,2.11,2.18,2.18,2.02,1.75,1.50,1.42,1.42,1.27,1.07,0.90,0.91,0.96,0.88,0.86,0.65,0.58,0.44,0.61,0.43,0.66,0.49,0.30,0.27,0.41,0.46,0.48,0.44,0.28,0.60,0.19,0.35,0.20,0.48,0.67,0.45,0.19,0.54,1.15,1.56,1.96,2.08,2.00,1.90,1.71,1.88,1.84,2.00,2.11,1.89,1.58,1.67,1.78,1.69,1.60,1.52,1.41,1.22,1.22,1.33,1.20,0.82,0.64,0.79,0.98,0.95,0.75,0.53,0.66,0.67,0.54,0.50,0.66,0.64,0.61,0.66,0.67,0.60,0.75,0.56,0.61,0.69,0.60,0.45,0.60,0.41,0.44,0.49,0.49
3.59,3.60,3.47,3.54,3.62,3.65,3.69,3.97,3.97,4.03,4.09,4.10,4.06,4.07,4.16,4.15,4.15,4.20,4.32,4.43,4.04,4.22,4.29,4.22,4.15,4.12,4.19,4.24,4.25,4.26,4.34,4.23,4.09,4.09,4.02,3.75,3.74,3.80,3.87,3.85,3.88,3.73,3.69,3.75,3.66,3.69,3.65,3.52,3.54,3.22,3.14,3.34,3.43,3.29,3.32,3.23,2.92,2.83,2.93,2.81,2.60,2.76,2.62,2.65,2.69,2.62,2.47,2.52,2.29,2.39,2.35,2.34,2.30,2.26,2.11,1.90,1.83,1.77,1.68,1.58,1.45,1.25,1.12,1.28,1.38,1.06,0.71,0.66,0.53,0.74,0.48,0.66,0.48,0.28,0.33,0.40,0.44,0.50,0.46,0.33,0.35,0.17,0.46,0.35,0.59,0.53,0.64,0.56,0.71,0.90,1.49,2.02,2.14,1.91,1.79,2.01,1.89,1.75,1.85,2.11,1.91,1.66,1.63,1.68,1.75,1.85,1.89,1.75,1.29,1.33,1.60,1.29,1.02,0.87,0.76,0.82,0.90,0.69,0.48,0.74,0.70,0.56,0.53,0.46,0.53,0.41,0.45,0.39,0.37,0.71,0.64,0.70,0.70,0.59,0.51,0.54,0.53,0.63,0.69,0.72
3.56,3.65,3.43,3.50,3.63,3.60,3.55,3.84,3.86,3.90,4.02,4.11,4.00,4.23,4.32,4.19,4.11,4.35,4.59,4.49,4.28,4.44,4.52,4.45,4.31,4.10,4.31,4.32,4.37,4.31,4.35,4.28,4.18,4.19,4.18,3.98,3.88,3.96,3.81,3.79,3.91,3.91,3.87,3.91,3.85,4.03,3.68,3.61,3.53,3.43,3.17,3.28,3.56,3.56,3.50,3.28,3.00,3.05,3.04,2.93,2.92,3.01,2.75,2.80,2.75,2.81,2.68,2.58,2.51,2.63,2.47,2.57,2.49,2.47,2.35,2.13,2.13,2.14,2.05,1.82,1.83,1.57,1.40,1.50,1.69,1.42,0.97,0.88,0.70,0.88,0.75,0.85,0.66,0.54,0.59,0.53,0.45,0.46,0.46,0.48,0.46,0.38,0.34,0.39,0.51,0.56,0.50,0.45,0.71,0.92,1.23,1.67,1.94,1.95,1.95,2.08,2.06,1.83,1.97,2.12,1.97,1.61,1.57,1.68,1.80,1.84,1.80,1.80,1.73,1.40,1.38,0.95,0.70,0.80,0.95,0.91,0.84,0.45,0.48,0.80,0.70,0.59,0.53,0.41,0.61,0.59,0.54,0.59,0.74,0.80,0.63,0.65,0.74,0.82,0.75,0.56,0.66,0.85,0.90,0.90
3.83,3.71,3.55,3.55,3.66,3.67,3.63,3.84,3.88,3.93,3.99,4.09,4.26,4.25,4.09,3.97,4.04,4.30,4.32,4.32,4.31,4.43,4.52,4.47,4.37,4.13,4.25,4.29,4.52,4.44,4.30,4.35,4.47,4.56,4.49,4.17,4.15,4.11,3.91,3.97,4.03,4.05,4.04,3.93,3.88,4.09,3.67,3.72,3.56,3.54,3.22,3.34,3.67,3.77,3.66,3.34,3.10,3.11,2.95,2.99,3.04,3.34,2.93,3.10,2.90,3.16,3.05,2.86,2.90,2.92,2.87,2.84,2.71,2.72,2.66,2.47,2.42,2.40,2.31,2.18,2.29,1.89,1.83,1.85,1.64,1.69,1.40,1.44,1.17,1.25,1.15,1.24,1.06,0.93,0.86,0.66,0.59,0.56,0.55,0.67,0.64,0.55,0.41,0.46,0.41,0.75,0.64,0.50,0.88,0.93,1.09,1.51,1.95,1.94,1.75,1.80,1.85,1.88,1.96,1.83,2.07,1.74,1.80,1.85,1.85,1.83,1.78,1.83,1.88,1.66,1.30,0.86,0.59,0.66,0.77,0.72,0.71,0.65,0.75,0.77,0.71,0.67,0.65,0.63,0.61,0.64,0.61,0.72,0.90,0.97,0.72,0.93,1.13,1.11,0.96,0.95,0.98,1.12,1.12,1.19
3.81,3.67,3.52,3.55,3.69,3.68,3.78,3.91,3.87,3.90,4.07,3.87,4.07,4.07,4.12,4.18,4.19,4.16,4.20,4.24,4.24,4.30,4.38,4.37,4.29,4.35,4.12,4.34,4.39,4.39,4.39,4.32,4.18,4.02,4.06,4.02,3.96,4.05,3.98,4.11,4.13,4.07,4.13,4.06,3.86,3.80,3.79,3.86,3.68,3.65,3.32,3.54,3.79,3.77,3.69,3.50,3.17,3.05,3.06,3.10,2.81,3.44,3.24,3.23,3.02,3.41,3.35,3.26,3.00,3.08,3.17,3.19,3.12,3.02,2.81,2.65,2.70,2.60,2.53,2.34,2.33,2.29,1.95,2.24,2.06,2.14,1.72,1.99,1.66,1.69,1.47,1.34,1.31,1.25,1.13,0.87,0.80,0.79,0.77,0.87,0.79,0.66,0.54,0.41,0.46,0.85,0.66,0.37,0.74,0.64,0.88,1.19,1.61,1.74,1.82,2.00,1.95,1.95,1.94,2.01,2.19,2.09,2.19,2.07,1.99,1.95,1.89,1.85,1.85,1.84,1.31,0.74,0.59,0.74,0.86,0.93,1.09,1.11,1.01,0.91,0.80,0.75,0.80,0.85,0.70,0.65,0.86,0.91,0.95,0.96,0.86,1.04,1.24,1.03,0.96,1.08,1.08,1.44,1.67,1.77
3.61,3.53,3.36,3.35,3.67,3.74,3.90,3.80,3.81,3.83,3.73,3.86,4.07,4.13,4.16,4.25,4.30,4.11,4.11,4.22,4.19,4.23,4.36,4.39,4.38,4.31,4.20,4.23,4.41,4.45,4.51,4.61,4.38,4.29,4.26,4.30,4.20,4.29,4.28,4.29,4.32,4.28,4.24,4.20,3.91,3.67,3.93,4.04,3.84,3.83,3.63,3.74,3.80,3.72,3.78,3.75,3.46,3.22,3.31,3.48,3.13,3.71,3.53,3.49,3.20,3.44,3.30,3.42,3.42,3.35,3.31,3.31,3.26,2.94,2.81,2.81,2.72,2.78,2.63,2.64,2.65,2.49,2.26,2.26,2.41,2.39,2.11,2.12,2.09,2.09,2.13,1.95,1.84,1.62,1.55,1.34,1.12,1.11,1.06,1.02,1.04,0.84,0.65,0.51,0.66,0.84,0.65,0.34,0.66,0.74,0.95,1.06,1.38,1.58,1.77,1.85,1.84,2.11,2.01,2.16,1.96,2.03,2.19,2.26,2.14,1.99,1.90,1.84,1.83,1.69,1.28,0.81,0.70,0.66,0.77,0.92,0.92,0.82,0.70,0.75,0.56,0.71,0.88,1.00,1.15,0.95,1.25,1.22,1.18,1.19,1.27,1.55,1.62,1.57,1.69,1.89,1.97,2.03,2.64,2.42
3.60,3.47,3.49,3.59,3.68,3.73,3.99,4.11,3.99,3.81,3.91,3.96,4.06,4.18,4.20,4.22,4.30,4.12,4.06,4.15,4.13,4.19,4.37,4.31,4.18,4.16,4.16,4.22,4.29,4.30,4.34,4.47,4.47,4.19,4.26,4.35,4.13,4.23,4.23,4.30,4.38,4.34,4.28,4.29,4.04,3.99,4.06,4.06,3.90,3.78,3.72,3.85,3.93,3.90,3.88,3.90,3.80,3.66,3.65,3.65,3.17,3.68,3.62,3.50,3.32,3.42,3.08,3.37,3.32,3.18,3.34,3.43,3.37,3.25,3.08,2.96,2.98,2.89,2.84,2.92,2.78,2.65,2.46,2.63,2.41,2.71,2.49,2.66,2.43,2.39,2.23,2.02,1.91,1.92,2.11,1.99,1.72,1.57,1.38,1.24,1.30,1.17,0.87,0.90,0.95,0.84,0.71,0.48,0.79,0.93,0.91,0.90,1.22,1.33,1.40,1.62,1.85,1.95,1.79,2.00,1.91,2.11,2.00,1.91,1.92,1.96,1.88,1.85,1.83,1.47,1.33,1.07,0.88,0.79,0.85,0.97,1.08,1.02,0.90,1.04,0.91,1.31,1.52,1.52,1.51,1.46,1.72,1.77,1.75,1.73,1.77,2.17,2.25,2.14,2.20,2.39,2.55,2.77,3.28,3.38
3.74,3.48,3.44,3.54,3.34,3.93,4.07,4.02,4.05,4.12,3.99,4.11,4.10,4.13,4.20,4.28,4.35,4.16,4.25,4.22,4.15,4.17,4.32,4.49,4.25,4.24,4.17,4.29,4.44,4.45,4.39,4.44,4.36,4.12,4.19,4.30,4.06,4.13,4.15,4.18,4.31,4.24,4.22,4.36,4.17,4.19,4.28,3.98,3.99,3.93,3.90,3.85,3.93,3.97,3.88,3.86,3.74,3.46,3.57,3.62,3.60,3.74,3.60,3.50,3.43,3.48,3.07,3.34,3.32,3.02,3.12,3.17,3.23,3.40,3.28,3.07,3.05,2.95,2.94,2.90,2.78,2.58,2.57,2.66,2.64,2.62,2.62,2.52,2.42,2.68,2.34,2.34,2.13,1.97,2.18,2.31,2.31,2.24,1.90,1.58,1.63,1.46,1.04,1.11,1.35,0.97,0.80,0.64,0.81,0.85,0.77,0.80,1.03,1.01,1.09,1.44,1.66,1.74,1.92,1.97,2.01,2.19,2.06,1.92,1.73,1.75,2.03,2.17,1.88,1.69,1.56,1.35,1.08,1.19,1.22,1.30,1.47,1.58,1.46,1.33,1.22,1.79,1.97,2.06,2.23,2.00,2.22,2.45,2.45,2.31,2.28,2.62,2.90,2.54,2.59,2.72,2.88,3.65,4.28,5.03
3.60,3.54,3.48,3.48,3.42,3.81,3.93,3.87,3.88,4.06,3.84,3.99,4.02,4.03,4.15,4.35,4.36,4.39,4.36,4.45,4.59,4.58,4.57,4.39,4.50,4.32,4.28,4.37,4.43,4.39,4.39,4.52,4.37,4.26,4.18,4.29,4.13,4.16,4.19,4.18,4.25,4.35,4.35,4.35,4.16,4.19,4.12,3.96,4.05,3.93,3.99,4.02,3.99,4.09,4.13,4.18,3.96,3.67,3.78,3.74,3.81,3.73,3.69,3.65,3.56,3.69,3.41,3.53,3.37,3.18,3.20,3.19,3.24,3.20,3.06,2.99,2.96,3.01,3.14,3.13,3.00,3.07,3.07,3.11,2.89,2.81,2.84,2.57,2.76,2.78,2.49,2.58,2.52,2.54,2.53,2.65,2.68,2.77,2.71,2.22,2.01,2.06,1.75,1.79,1.85,1.58,1.18,1.03,0.82,0.88,0.96,1.02,1.17,0.91,0.98,1.34,1.45,1.53,1.75,1.90,2.05,1.86,2.02,2.08,2.06,2.08,2.17,2.13,2.00,2.00,1.74,1.68,1.24,1.60,1.69,1.68,1.85,2.06,1.91,1.83,1.84,2.16,2.42,2.75,2.86,2.45,2.60,2.65,2.87,2.88,2.81,2.98,3.44,3.00,3.01,3.20,3.68,4.64,5.80,6.45
3.81,3.74,3.73,3.75,3.63,3.65,3.75,3.78,3.77,3.85,3.75,3.79,3.85,3.96,4.09,4.24,4.22,4.39,4.42,4.35,4.22,4.19,4.39,4.37,4.43,4.35,4.24,4.25,4.34,4.35,4.39,4.58,4.35,4.48,4.24,4.24,4.13,4.05,4.07,4.16,4.29,4.38,4.36,4.26,4.25,4.34,4.15,4.03,4.24,4.18,3.97,4.07,4.15,4.13,4.24,4.18,4.02,3.86,3.84,3.99,3.99,3.84,3.90,3.69,3.54,3.78,3.67,3.65,3.43,3.31,3.32,3.31,3.41,3.35,3.06,3.06,3.14,3.04,3.12,3.10,3.12,3.30,3.13,3.24,3.11,3.11,3.13,2.95,2.80,2.93,2.65,2.78,2.90,2.86,2.94,3.12,3.05,3.12,2.95,2.54,2.58,2.58,2.40,2.58,2.34,2.23,1.82,1.61,1.33,1.29,1.38,1.49,1.49,1.06,1.07,1.27,1.33,1.35,1.45,1.71,1.88,1.61,2.11,2.33,2.36,2.14,2.05,2.07,1.96,1.85,1.89,1.72,1.45,1.88,2.02,2.06,2.19,2.33,2.40,2.41,2.51,2.57,2.83,3.02,3.00,2.93,2.92,2.87,3.17,3.31,3.31,3.42,3.75,3.62,3.44,3.79,4.48,5.31,6.73,7.31
3.94,3.75,3.66,3.80,3.78,3.71,3.73,3.78,3.78,3.94,3.91,3.88,3.90,4.04,4.22,4.11,4.54,4.55,4.50,4.48,4.38,4.31,4.54,4.50,4.36,4.41,4.30,4.29,4.37,4.36,4.34,4.48,4.32,4.49,4.29,4.11,4.07,4.02,4.02,4.00,4.00,4.26,4.34,4.39,3.90,3.99,4.02,3.94,4.09,4.12,4.06,4.03,4.04,4.10,4.15,4.12,4.09,4.06,4.02,3.92,3.90,3.85,4.12,3.86,3.79,3.94,3.84,3.79,3.59,3.52,3.52,3.50,3.66,3.59,3.23,3.13,3.20,3.17,3.16,3.16,3.06,3.25,3.07,3.24,3.26,3.26,3.13,3.19,3.05,3.07,2.84,3.12,3.16,3.14,3.30,3.35,3.20,3.14,3.02,2.87,2.94,3.01,2.92,2.78,2.77,2.64,2.35,2.06,1.99,1.79,1.69,1.74,1.36,1.18,1.25,1.29,1.28,1.35,1.42,1.51,1.73,1.77,2.08,2.25,2.24,2.08,2.13,2.19,2.09,2.02,2.23,1.80,1.82,2.11,2.46,2.65,2.62,2.64,2.86,2.78,2.92,2.95,3.22,3.22,3.14,3.18,3.30,3.30,3.40,3.37,3.43,3.60,3.63,4.09,3.75,4.12,4.78,5.54,6.89,7.71
4.06,3.90,3.80,3.92,4.00,3.94,3.94,3.90,3.83,4.13,3.98,4.09,4.05,4.04,4.28,4.26,4.56,4.57,4.57,4.48,4.34,4.47,4.64,4.63,4.38,4.49,4.42,4.42,4.49,4.37,4.29,4.37,4.38,4.32,4.29,4.10,4.17,4.09,3.97,4.13,4.13,4.49,4.61,4.45,4.20,4.09,4.12,4.13,4.11,4.09,4.10,4.18,4.24,4.28,4.23,4.25,4.13,4.06,4.18,3.91,3.98,4.05,4.22,4.00,3.92,3.93,3.91,3.90,3.73,3.66,3.69,3.72,3.74,3.62,3.38,3.23,3.24,3.37,3.32,3.30,3.08,3.37,3.06,3.22,3.25,3.25,3.06,3.19,3.17,3.47,3.07,3.38,3.42,3.67,3.81,3.60,3.41,3.43,3.46,3.29,3.26,3.40,3.25,3.19,3.30,2.95,2.63,2.06,2.29,2.09,2.08,2.20,1.55,1.36,1.62,1.62,1.42,1.40,1.53,1.51,1.64,1.74,2.00,1.94,2.07,1.96,1.96,2.03,2.03,2.13,2.30,2.03,2.12,2.47,2.63,2.96,3.08,2.99,2.99,3.07,3.16,3.18,3.46,3.31,3.14,3.23,3.25,3.23,3.29,3.30,3.46,3.68,3.71,3.92,3.69,4.22,4.87,5.59,6.74,7.97
4.18,4.11,4.12,4.12,4.11,4.11,4.16,4.09,3.61,3.97,4.10,4.10,3.99,3.99,4.23,4.07,4.19,4.30,4.38,4.32,4.19,4.41,4.55,4.67,4.45,4.47,4.43,4.41,4.47,4.39,4.38,4.43,4.32,4.28,4.16,4.28,4.24,4.18,4.23,4.23,4.20,4.18,4.37,4.48,4.30,4.11,4.05,4.09,4.06,4.05,4.16,4.23,4.32,4.43,4.25,4.35,4.07,4.05,4.17,3.97,3.88,4.04,4.00,4.11,4.00,3.87,3.81,3.97,3.91,3.79,3.84,3.88,3.78,3.63,3.55,3.43,3.38,3.42,3.49,3.46,3.30,3.52,3.08,3.28,3.25,3.31,2.99,3.29,3.24,3.74,3.41,3.62,3.73,4.07,4.28,4.09,3.96,3.94,3.85,3.71,3.67,3.65,3.56,3.61,3.62,3.28,2.83,2.80,2.95,2.66,3.04,2.55,2.18,2.08,1.91,1.94,1.69,1.42,1.62,1.63,1.52,1.45,1.74,1.63,1.88,1.89,2.01,2.12,2.11,2.11,2.14,2.02,2.23,2.24,2.59,2.95,3.02,3.04,3.17,3.35,3.37,3.26,3.52,3.25,3.11,3.17,3.14,3.16,3.20,3.12,3.34,3.57,3.44,3.59,3.60,4.18,4.83,5.58,6.66,8.20
4.28,4.20,4.20,4.19,3.97,4.02,4.07,3.97,4.02,4.11,3.96,3.88,4.00,4.13,4.15,4.12,4.15,4.24,4.24,4.18,4.22,4.44,4.56,4.64,4.49,4.38,4.38,4.34,4.19,4.32,4.30,4.29,4.29,4.16,4.16,4.11,4.05,4.10,4.19,4.25,4.36,4.49,4.47,4.38,4.23,4.19,4.11,4.11,4.17,4.20,4.16,4.10,4.22,4.36,4.12,4.25,4.05,4.12,4.09,3.94,3.81,3.87,3.90,4.10,4.04,3.88,3.73,3.98,4.04,3.93,3.93,3.94,3.87,3.75,3.68,3.62,3.48,3.46,3.55,3.50,3.50,3.41,3.18,3.34,3.26,3.46,3.08,3.50,3.55,3.78,3.69,3.85,3.94,4.20,4.50,4.42,4.37,4.30,4.25,4.26,4.32,4.29,4.20,4.32,4.10,3.79,3.08,3.35,3.19,3.02,3.50,3.02,2.78,2.57,2.14,2.06,1.95,1.84,1.84,1.69,1.55,1.36,1.39,1.52,1.75,1.90,2.07,2.12,2.03,2.01,2.13,2.24,2.09,2.25,2.54,2.68,2.88,3.08,3.20,3.34,3.34,3.25,3.44,3.18,3.11,3.19,3.19,3.17,3.22,3.04,3.19,3.30,3.30,3.66,3.72,4.11,4.67,5.56,6.82,8.00
4.20,4.16,3.94,4.26,4.28,4.25,4.17,3.91,3.98,4.20,4.05,4.00,4.02,3.92,4.03,4.04,4.30,4.31,4.20,4.17,4.29,4.55,4.65,4.56,4.39,4.37,4.38,4.37,4.30,4.19,4.31,4.51,4.32,4.31,4.11,3.94,4.07,4.22,4.17,4.24,4.29,4.48,4.54,4.43,4.42,4.35,4.24,4.13,4.19,4.25,4.12,4.06,4.18,4.20,3.93,4.16,4.09,4.13,4.15,3.87,3.97,3.88,4.07,3.98,3.90,3.91,3.83,3.91,3.88,3.87,3.88,3.91,3.92,3.87,3.84,3.68,3.59,3.71,3.67,3.34,3.49,3.28,3.34,3.32,3.12,3.44,3.43,3.59,3.86,3.81,3.78,3.96,4.19,4.26,4.69,4.62,4.47,4.48,4.67,4.82,4.82,4.81,4.76,4.76,4.81,4.38,3.85,3.85,3.63,3.42,3.56,3.49,3.30,2.98,2.66,2.64,2.47,2.25,2.07,1.89,1.77,1.39,1.50,1.51,1.84,2.00,2.09,2.03,1.94,1.96,2.05,1.96,1.92,2.22,2.41,2.43,2.72,2.94,3.24,3.56,3.26,3.10,3.29,3.06,3.10,3.23,3.20,3.19,3.24,2.96,3.08,3.23,3.30,3.60,3.62,3.79,4.36,5.57,7.06,8.19
4.02,4.15,3.59,4.18,4.15,3.99,4.03,3.97,3.94,4.07,3.88,3.91,4.06,3.87,4.00,4.18,4.37,4.38,4.26,4.30,4.26,4.48,4.45,4.42,4.28,4.26,4.26,4.18,4.28,4.32,4.12,3.98,4.13,4.31,4.26,4.15,4.20,4.34,4.35,4.29,4.28,4.52,4.51,4.49,4.49,4.37,4.28,4.22,4.23,4.24,4.17,4.18,4.26,4.22,3.84,4.10,4.11,4.20,4.15,3.97,3.92,3.85,4.07,4.06,3.99,4.07,4.10,4.04,3.85,3.83,3.92,3.91,3.94,3.97,3.79,3.71,3.77,3.83,3.87,3.54,3.48,3.46,3.43,3.62,3.25,3.47,3.49,3.56,3.83,3.85,3.93,4.10,4.43,4.43,4.83,4.84,4.59,4.71,5.01,5.09,5.02,5.09,5.17,5.05,4.99,4.84,4.71,4.34,4.42,4.15,4.18,3.98,3.73,3.30,2.92,2.96,2.86,2.62,2.52,2.34,1.99,1.74,2.14,1.75,1.92,2.16,2.09,1.96,1.88,1.95,2.03,1.94,1.99,2.28,2.34,2.35,2.52,2.64,2.86,2.98,2.80,2.89,3.07,3.01,3.12,3.07,2.96,3.16,3.20,2.94,3.11,3.25,3.28,3.31,3.35,3.60,4.48,5.61,6.85,8.16
4.20,4.09,3.85,4.10,4.16,4.06,3.98,4.02,3.93,3.97,3.80,3.84,4.11,4.05,4.04,4.32,4.34,4.32,4.36,4.35,4.22,4.43,4.15,4.29,4.34,4.35,4.35,4.15,4.03,4.04,4.11,3.99,4.10,4.13,4.12,4.15,4.28,4.41,4.48,4.29,4.39,4.57,4.68,4.63,4.52,4.34,4.26,4.26,4.28,4.29,4.22,4.19,4.32,4.29,3.90,4.05,4.18,4.26,3.98,3.99,3.94,4.05,4.10,3.98,3.98,3.99,4.15,4.15,3.94,3.91,3.98,4.00,4.02,3.98,3.98,3.88,3.80,3.83,3.91,3.77,3.60,3.37,3.49,3.79,3.47,3.65,3.46,3.80,3.71,3.97,4.12,4.31,4.43,4.61,4.78,4.97,4.92,5.07,5.22,5.16,5.11,5.25,5.37,5.24,5.10,5.17,5.22,4.97,4.95,4.85,4.77,4.35,4.04,3.36,3.24,3.23,2.96,2.80,2.65,2.37,2.28,2.35,2.49,2.07,1.86,2.01,2.00,1.90,1.86,1.99,2.09,2.01,2.01,2.25,2.24,2.37,2.52,2.66,2.83,2.94,2.89,3.01,3.35,2.94,3.00,3.02,2.90,2.90,3.07,3.02,3.06,3.19,3.23,3.04,3.05,3.50,4.36,5.45,6.65,7.77
4.37,4.41,3.96,3.98,4.00,3.96,3.93,3.94,4.03,4.03,3.87,3.84,4.05,4.02,4.03,4.12,4.22,4.18,4.09,3.99,4.07,4.24,4.19,4.37,4.15,4.02,4.18,4.09,4.06,4.23,4.03,3.86,4.11,4.24,4.29,4.28,4.23,4.32,4.49,4.37,4.38,4.50,4.64,4.68,4.55,4.43,4.39,4.24,4.16,4.23,4.11,4.07,4.17,4.16,3.91,4.06,4.09,4.22,4.09,4.09,3.92,3.92,3.88,3.97,4.04,4.17,4.24,4.09,3.74,3.75,3.88,3.96,4.00,3.80,3.79,3.79,3.81,4.03,3.81,3.88,3.53,3.46,3.52,3.72,3.55,3.67,3.61,3.74,4.05,4.16,4.04,4.30,4.54,4.75,4.92,5.11,5.18,5.43,5.40,5.29,5.30,5.37,5.50,5.47,5.42,5.53,5.54,5.43,5.28,5.26,4.96,4.57,4.17,3.92,3.83,3.59,3.40,3.20,2.99,2.88,2.80,2.66,2.48,2.14,2.20,2.01,2.01,2.07,2.06,2.09,2.03,1.88,1.94,2.22,2.23,2.42,2.41,2.53,2.70,2.83,3.00,3.08,3.06,2.72,2.89,3.05,3.00,2.87,2.93,2.80,2.76,3.05,3.12,2.89,2.98,3.61,4.24,5.30,6.63,7.88
4.18,4.17,4.07,3.98,3.97,3.99,4.00,3.96,4.02,4.09,3.93,3.77,3.96,3.86,4.06,4.03,4.16,4.28,4.17,4.12,4.26,4.55,4.11,4.24,4.30,4.17,4.20,4.17,4.18,4.31,3.97,3.66,3.79,4.25,4.71,4.89,4.83,4.77,4.63,4.68,4.57,4.58,4.64,4.78,4.64,4.55,4.54,4.44,4.36,4.32,4.12,4.09,4.22,4.25,3.98,3.80,3.77,3.90,3.93,3.86,4.07,4.07,3.91,3.81,4.03,4.02,3.93,4.15,3.90,3.80,3.94,3.87,3.85,3.77,3.83,3.88,3.69,3.81,3.67,3.56,3.68,3.65,3.55,3.47,3.40,3.60,3.59,3.52,3.94,4.38,4.41,4.47,4.39,4.75,5.12,5.44,5.37,5.54,5.60,5.52,5.54,5.61,5.79,5.84,5.68,5.82,5.82,5.61,5.50,5.39,4.88,4.87,4.57,4.32,4.38,4.00,3.80,3.63,3.50,3.49,3.24,2.83,2.92,2.58,2.14,2.02,2.02,2.19,2.22,2.11,2.00,1.94,1.97,2.20,2.20,2.33,2.35,2.39,2.54,2.78,2.94,3.00,3.02,2.87,2.89,2.99,2.93,2.76,2.90,2.36,2.74,2.98,2.96,2.88,3.06,3.75,4.15,5.22,6.68,8.07
4.11,3.96,3.92,3.98,4.06,4.13,4.11,4.19,3.98,3.97,3.86,3.66,3.98,4.07,4.31,4.28,4.26,4.31,4.32,4.43,4.25,4.29,4.26,4.24,4.22,4.24,4.35,4.12,4.20,4.20,3.86,3.53,3.74,4.34,4.99,5.46,5.63,5.50,5.18,5.25,5.07,5.05,5.29,5.33,5.18,4.90,4.76,4.77,4.70,4.50,4.31,4.31,4.49,4.25,3.84,4.11,4.22,4.04,4.00,3.93,3.96,4.18,4.16,4.15,4.29,4.07,3.91,3.98,3.90,3.72,3.50,3.43,3.74,4.05,3.98,3.85,3.87,3.80,3.90,3.85,3.78,3.67,3.68,3.77,3.75,3.53,3.31,3.92,3.77,4.06,4.30,4.42,4.74,4.89,5.42,5.59,5.35,5.49,5.71,5.72,5.75,5.79,5.86,6.00,5.94,5.97,5.94,5.68,5.64,5.38,4.95,4.95,4.65,4.37,4.43,4.15,3.99,3.88,3.81,3.72,3.40,2.90,2.76,2.42,1.89,2.09,1.95,1.89,1.82,1.82,1.85,1.85,1.94,2.06,2.06,2.12,2.39,2.33,2.45,2.66,2.77,2.81,3.08,2.78,2.77,2.94,2.89,2.71,2.98,2.83,2.87,2.94,2.99,3.02,3.07,3.56,3.98,5.22,6.70,8.00
4.13,4.07,4.02,3.98,4.05,4.12,4.03,4.31,4.00,3.87,3.84,3.69,4.06,4.00,3.96,3.94,4.07,4.20,4.10,4.15,4.38,4.42,4.31,4.29,4.23,4.19,4.38,4.24,4.12,4.24,3.80,3.65,3.97,4.49,5.23,6.01,6.37,6.21,6.14,5.99,5.79,5.89,6.13,5.99,5.68,5.56,5.54,5.32,5.09,5.10,4.77,4.70,4.52,4.45,4.13,4.28,4.29,3.97,3.71,3.88,3.80,4.10,4.29,4.28,4.10,4.02,3.96,3.87,3.84,3.67,3.46,3.57,3.80,3.86,3.77,3.73,3.98,3.98,3.75,3.84,3.86,3.63,3.75,3.84,3.57,3.74,3.37,3.72,3.71,4.25,4.34,4.72,4.80,4.95,5.43,5.53,5.57,5.66,5.74,5.79,5.88,5.92,6.07,6.24,6.23,6.21,5.97,5.81,5.72,5.40,5.26,4.99,4.49,4.38,4.36,4.19,4.02,3.93,3.78,3.54,3.18,2.78,2.69,2.29,2.01,1.62,1.63,1.68,1.62,1.75,1.94,1.96,2.00,2.11,1.92,2.07,2.31,2.33,2.43,2.58,2.60,2.71,3.12,2.66,2.81,2.98,2.95,2.90,2.96,2.64,2.80,2.78,2.87,2.95,3.06,3.38,3.84,5.39,6.85,7.96
4.06,4.11,4.04,3.99,3.97,3.96,3.85,4.11,3.99,3.97,3.98,3.84,3.96,3.93,4.04,3.94,4.05,4.36,4.16,4.15,4.51,4.47,4.31,4.31,4.16,3.86,4.22,4.20,4.05,4.37,3.98,3.94,4.24,4.75,5.53,6.55,7.23,7.21,7.20,6.82,7.12,7.08,6.96,6.96,6.65,6.58,6.67,6.28,5.93,5.91,5.39,5.39,5.05,4.83,4.15,4.39,4.76,4.70,4.48,4.38,4.38,4.54,4.55,4.48,4.26,3.90,3.77,3.75,3.72,3.68,3.54,3.55,3.78,3.85,3.77,3.77,3.91,3.98,3.87,3.86,3.77,3.60,3.75,4.07,3.48,3.72,3.59,3.62,3.96,4.00,4.31,4.52,4.80,4.97,5.23,5.43,5.38,5.46,5.56,5.77,5.96,6.21,6.37,6.37,6.44,6.32,6.13,6.21,5.91,5.57,5.54,5.24,4.71,4.56,4.50,4.38,4.10,3.93,3.84,3.53,3.02,2.78,2.70,2.16,1.75,1.42,1.68,1.46,1.66,1.96,1.91,1.78,2.00,2.26,1.97,2.14,2.25,2.33,2.51,2.58,2.54,2.68,2.99,2.66,2.71,2.95,2.94,2.80,2.86,2.89,2.98,3.16,3.02,3.00,3.32,3.49,4.10,5.58,7.02,8.04
3.97,3.91,3.84,3.90,4.03,3.92,3.92,4.24,4.03,3.83,3.87,3.83,4.15,3.91,3.77,3.86,3.99,4.11,4.20,4.15,4.48,4.32,4.32,4.43,4.23,3.86,4.18,4.22,4.11,4.38,4.11,4.13,4.42,4.96,5.73,6.63,7.72,7.86,7.82,7.81,7.69,7.90,7.94,7.69,7.45,7.54,7.76,7.61,7.28,7.10,6.77,6.17,5.63,4.75,4.06,4.28,4.76,5.26,4.92,5.28,5.07,5.10,5.12,5.10,5.03,4.36,4.02,4.20,4.13,3.94,3.80,3.67,3.54,3.56,3.73,3.75,3.84,3.77,3.81,3.88,3.72,3.40,3.44,3.78,3.52,4.04,3.56,3.98,4.15,4.45,4.43,4.48,4.81,5.11,5.37,5.33,5.26,5.43,5.53,5.74,5.94,6.00,6.25,6.51,6.43,6.43,6.73,7.07,6.62,5.92,5.67,5.36,5.08,4.76,4.59,4.57,4.29,4.09,3.91,3.52,3.00,2.62,2.35,1.99,1.38,1.18,1.53,1.28,1.58,1.75,1.77,1.75,1.83,2.07,2.11,2.16,2.02,2.28,2.39,2.51,2.59,2.64,2.76,2.68,2.70,2.84,2.86,2.84,2.84,2.83,2.88,2.88,2.87,3.00,3.24,3.47,4.11,5.23,6.52,7.61
3.98,3.84,3.86,3.93,3.96,3.91,3.94,3.90,3.92,3.94,3.86,3.86,4.36,4.22,4.10,4.17,4.26,4.19,4.04,4.17,4.36,4.36,4.30,4.36,4.32,4.07,4.29,4.35,4.28,4.30,4.09,4.17,4.49,4.83,5.56,6.73,7.64,7.86,7.90,8.08,7.83,8.04,7.91,7.71,7.74,7.79,7.85,8.02,7.87,7.71,7.54,7.14,6.40,4.88,4.36,4.18,5.26,6.45,6.43,6.39,6.21,5.93,5.92,5.91,5.89,5.43,4.96,4.77,4.64,4.38,3.92,3.65,3.59,3.72,3.65,3.74,3.77,3.83,3.88,3.93,3.81,3.63,3.53,3.65,3.41,3.60,3.54,4.12,4.18,4.25,4.36,4.42,4.75,5.12,5.17,5.36,5.26,5.54,5.64,5.92,6.26,6.32,6.36,6.58,6.76,6.92,7.79,8.88,8.64,6.82,5.92,5.31,5.02,4.84,4.48,4.55,4.28,4.12,3.84,3.52,3.08,2.54,2.23,1.89,1.33,0.97,1.31,1.24,1.58,1.84,1.95,1.85,1.88,2.07,1.92,2.06,2.30,2.29,2.34,2.52,2.64,2.66,2.63,2.65,2.75,2.75,2.80,2.83,2.80,2.70,2.68,2.83,2.80,2.88,3.16,3.49,3.96,5.23,6.14,7.04
4.11,4.02,4.03,4.09,4.04,4.24,3.87,3.96,3.92,3.84,3.93,3.92,4.00,3.98,3.98,4.00,4.03,4.02,3.96,4.06,4.23,4.26,4.22,4.26,4.34,4.12,4.31,4.25,4.24,4.20,4.07,4.17,4.48,4.72,5.36,6.86,7.74,7.89,7.68,7.78,7.73,7.82,7.78,7.62,7.64,7.88,8.03,8.02,7.94,7.71,7.47,7.57,6.78,5.31,4.77,4.67,5.77,7.23,7.48,7.71,7.58,7.37,7.34,7.05,6.89,6.73,6.43,6.17,5.92,5.29,4.39,3.92,3.60,3.72,3.81,3.77,3.72,3.88,3.85,3.93,3.78,3.79,3.55,3.60,3.50,3.41,3.46,3.86,4.10,4.38,4.47,4.63,4.90,5.05,5.51,5.32,5.09,5.43,5.63,5.82,6.11,6.36,6.36,6.56,6.89,7.81,10.98,14.59,14.10,8.73,6.39,5.44,4.97,4.67,4.34,4.28,4.10,4.02,3.74,3.52,3.05,2.46,2.18,1.82,1.20,0.79,0.81,1.11,1.34,1.55,1.89,1.82,1.64,1.75,1.72,2.06,2.17,2.24,2.51,2.69,2.70,2.65,2.63,2.66,2.63,2.71,2.68,2.70,2.80,2.76,2.65,2.93,2.81,2.76,2.90,3.16,3.54,4.48,5.36,6.24
3.94,4.07,4.15,4.07,3.99,4.13,4.06,3.92,3.81,3.85,4.00,4.02,3.88,3.85,3.97,4.04,3.98,3.96,3.98,4.02,4.22,4.13,4.09,4.34,4.47,4.20,4.25,4.12,3.99,4.18,4.02,4.02,4.38,4.58,5.05,6.73,7.73,7.83,7.83,7.71,7.69,7.81,7.70,7.52,7.57,7.76,7.88,8.05,7.98,7.77,7.47,7.83,6.91,5.26,4.72,4.75,5.79,7.45,8.10,8.29,8.16,8.17,8.32,8.12,8.04,8.06,7.89,7.49,7.04,6.38,5.28,4.35,3.74,3.86,4.04,3.77,3.75,3.74,3.66,3.86,3.54,3.55,3.57,3.44,3.62,3.44,3.46,3.60,3.97,4.29,4.23,4.44,4.77,4.88,5.33,5.37,5.18,5.47,5.74,5.93,6.06,6.15,6.15,6.31,6.77,9.80,17.52,24.64,22.67,10.55,6.31,5.32,4.90,4.54,4.12,4.00,4.07,3.99,3.72,3.38,2.88,2.43,2.23,1.71,1.00,0.77,0.64,1.09,1.25,1.44,1.77,1.67,1.68,1.95,1.91,2.12,2.29,2.37,2.48,2.59,2.68,2.63,2.51,2.62,2.71,2.68,2.60,2.69,2.82,2.78,2.71,2.90,2.76,2.78,2.95,3.06,3.06,3.78,4.50,5.12
4.07,3.98,3.87,3.86,3.78,3.93,4.10,3.91,3.72,3.81,4.03,3.99,3.83,3.75,3.92,4.10,4.04,4.17,4.04,4.06,4.23,4.16,4.05,4.28,4.57,4.42,4.25,4.35,4.25,4.32,4.10,3.93,4.15,4.52,5.37,6.82,7.89,7.95,7.79,7.86,7.65,7.60,7.65,7.65,7.50,7.55,7.91,7.96,7.97,7.89,7.56,7.65,6.85,5.35,4.95,4.84,5.78,7.37,8.14,8.40,8.28,8.27,8.42,8.37,8.31,8.34,8.25,8.05,7.80,7.21,5.95,4.62,3.81,3.99,4.06,3.77,3.65,3.72,3.61,3.83,3.68,3.65,3.68,3.46,3.60,3.55,3.53,3.77,4.11,4.34,4.28,4.52,4.68,4.58,4.98,5.44,5.37,5.53,5.65,5.97,6.13,6.11,6.23,6.41,6.85,10.22,17.40,21.97,18.11,8.64,5.77,4.99,4.63,4.29,4.13,4.12,3.91,3.90,3.62,3.26,2.78,2.48,2.20,1.46,0.90,0.74,0.72,0.80,0.81,1.25,1.51,1.52,1.67,1.90,2.01,2.12,2.28,2.11,2.40,2.55,2.69,2.70,2.63,2.68,2.87,2.80,2.72,2.76,2.78,2.72,2.72,2.92,2.78,2.88,3.04,3.07,2.83,3.17,3.60,3.75
3.86,3.84,3.93,4.04,3.80,3.92,3.94,3.97,3.93,3.93,4.13,3.85,3.91,3.83,3.85,3.98,4.00,4.20,4.05,4.05,4.05,4.02,4.02,4.16,4.41,4.39,4.35,4.42,4.29,4.36,4.23,4.03,4.13,4.49,5.23,6.24,7.47,7.74,7.73,7.55,7.48,7.52,7.55,7.44,7.39,7.55,7.76,7.85,8.00,7.54,7.38,7.68,6.77,5.51,4.91,4.74,5.67,7.14,8.02,8.37,8.32,8.16,8.15,8.14,8.10,8.08,8.14,8.21,8.05,7.48,6.29,4.78,3.91,3.90,3.79,3.72,3.69,3.85,3.74,3.75,3.69,3.56,3.71,3.54,3.52,3.54,3.47,3.69,3.97,4.35,4.43,4.62,4.68,4.69,4.96,5.14,5.30,5.66,5.58,5.86,5.88,5.92,6.13,6.11,6.03,7.36,10.06,10.78,8.60,6.17,5.28,4.89,4.36,4.07,3.85,3.81,3.79,3.75,3.66,3.23,2.65,2.34,2.01,1.39,1.00,0.64,0.79,0.63,0.45,0.96,1.20,1.19,1.42,1.77,1.85,2.09,2.18,2.22,2.26,2.41,2.57,2.53,2.34,2.28,2.40,2.60,2.75,2.70,2.69,2.76,2.72,3.00,2.93,2.94,3.00,2.95,2.75,2.86,2.93,2.86
3.78,3.79,3.83,3.91,3.84,3.98,3.92,3.94,3.97,3.88,4.02,3.74,3.91,3.90,3.83,3.86,3.97,4.04,3.94,4.06,4.03,3.87,3.83,4.07,4.45,4.41,4.20,4.13,4.26,4.34,4.11,3.99,4.23,4.48,5.45,6.53,7.36,7.63,7.64,7.55,7.48,7.53,7.44,7.29,7.28,7.44,7.71,7.82,7.77,7.70,7.66,7.64,6.92,5.64,4.89,4.83,5.68,7.25,8.02,8.22,8.10,8.05,8.15,8.08,8.00,8.06,8.07,8.14,7.98,7.36,6.36,4.90,3.98,3.81,3.60,3.67,3.68,3.68,3.61,3.56,3.50,3.47,3.67,3.47,3.74,3.75,3.54,3.79,3.93,4.17,4.47,4.50,4.59,4.72,4.77,5.01,5.12,5.43,5.31,5.77,5.88,5.96,6.04,5.99,6.11,6.52,6.99,6.98,6.35,5.65,5.43,4.72,4.25,3.98,3.77,3.63,3.52,3.60,3.61,3.24,2.75,2.36,2.06,1.67,1.17,0.76,0.88,0.85,0.67,0.86,0.96,0.88,1.19,1.60,1.71,1.89,2.18,2.17,2.31,2.34,2.48,2.53,2.47,2.54,2.45,2.94,2.76,2.63,2.63,2.65,2.80,2.87,2.93,2.94,2.89,2.77,2.65,2.78,2.60,2.60
3.85,3.79,3.78,3.87,3.92,4.13,4.07,4.04,4.00,3.83,3.78,3.72,3.77,3.74,3.73,3.81,3.85,3.97,3.96,4.03,3.87,3.73,3.88,4.09,4.55,4.37,4.23,4.15,4.13,4.13,4.03,3.97,4.22,4.65,5.22,6.48,7.36,7.32,7.37,7.33,7.42,7.42,7.39,7.26,7.08,7.21,7.60,7.72,7.65,7.86,7.68,7.58,6.94,5.67,4.87,4.83,5.53,7.14,7.88,7.87,7.86,7.97,8.11,7.99,7.94,8.05,7.97,7.93,7.87,7.29,6.15,4.82,3.96,3.86,3.69,3.67,3.53,3.52,3.50,3.40,3.60,3.40,3.62,3.31,3.60,3.74,3.57,3.65,3.91,4.12,4.30,4.45,4.45,4.57,4.76,4.87,5.08,5.36,5.33,5.65,5.72,5.85,5.86,5.91,6.21,6.24,6.07,5.91,5.47,5.12,4.84,4.47,4.19,3.83,3.73,3.75,3.62,3.44,3.35,3.12,2.74,2.37,2.09,1.74,1.38,1.06,1.04,0.98,0.93,0.92,0.93,0.91,1.11,1.39,1.53,1.68,2.01,1.89,2.24,2.23,2.33,2.40,2.41,2.45,2.36,2.66,2.63,2.74,2.93,2.99,2.84,2.77,2.69,2.72,2.77,2.75,2.64,2.81,2.59,2.64
3.92,3.84,3.80,3.80,3.87,4.03,4.02,4.03,4.04,3.75,3.81,3.84,3.84,3.74,3.73,3.88,3.80,4.03,4.04,4.13,4.06,3.92,4.00,4.28,4.36,4.35,4.29,4.17,4.04,4.07,4.04,3.99,4.13,4.22,4.96,6.47,7.20,7.09,7.17,7.14,7.16,7.25,7.29,7.13,6.81,6.96,7.36,7.78,7.78,7.62,7.56,7.47,7.02,5.67,4.96,4.80,5.38,6.90,7.76,7.80,7.82,7.99,7.95,7.72,7.70,7.85,7.85,7.70,7.68,7.30,6.08,4.71,3.83,3.85,3.85,3.67,3.52,3.65,3.67,3.43,3.68,3.35,3.60,3.37,3.40,3.59,3.49,3.50,3.87,4.07,4.17,4.38,4.29,4.56,4.82,4.83,5.01,5.24,5.31,5.70,5.67,5.84,5.89,5.99,6.23,6.22,5.97,5.72,5.51,5.15,4.89,4.36,4.17,3.91,3.63,3.48,3.50,3.34,3.40,3.02,2.62,2.45,2.23,1.99,1.74,1.29,1.39,1.13,1.08,1.15,1.08,0.98,1.14,1.33,1.39,1.57,1.86,1.96,2.37,2.24,2.28,2.30,2.35,2.45,2.52,2.86,2.81,2.76,2.77,2.83,2.87,2.81,2.74,2.52,2.63,2.80,2.68,2.74,2.69,2.64
3.98,3.87,3.85,3.74,3.78,3.93,3.88,3.87,3.91,3.67,3.85,4.04,4.02,4.02,4.02,3.85,3.72,4.23,4.10,4.03,4.05,3.94,3.86,4.28,4.30,4.31,4.45,4.34,4.11,4.09,4.02,3.86,4.15,4.26,4.83,6.16,6.86,6.90,6.89,7.00,7.02,7.04,7.06,6.90,6.76,6.97,7.23,7.79,7.68,7.52,7.52,7.28,6.90,5.58,5.04,4.81,5.42,6.94,7.74,7.79,7.73,7.97,7.94,7.60,7.44,7.58,7.68,7.47,7.50,7.28,6.15,4.77,3.62,3.63,3.80,3.62,3.55,3.67,3.73,3.54,3.52,3.28,3.61,3.43,3.52,3.44,3.52,3.55,4.02,4.16,4.23,4.35,4.42,4.61,4.90,4.84,4.94,5.19,5.36,5.64,5.70,5.78,5.81,5.87,6.04,6.09,5.97,5.67,5.36,5.09,4.63,4.29,4.26,4.13,3.77,3.71,3.81,3.53,3.49,2.96,2.64,2.45,2.16,1.99,1.91,1.75,1.88,1.63,1.42,1.38,1.25,1.00,1.14,1.28,1.27,1.47,1.75,2.00,2.45,2.22,2.24,2.39,2.43,2.42,2.68,2.64,2.66,2.60,2.66,2.77,2.74,2.83,2.51,2.66,2.78,2.69,2.51,2.57,2.59,2.63
4.04,3.93,3.96,3.83,3.84,4.06,4.05,3.92,3.94,3.91,3.81,3.97,4.02,3.85,3.75,3.92,3.79,4.11,4.16,4.13,4.20,4.28,4.20,4.25,4.30,4.12,4.42,4.22,4.05,4.04,3.98,3.91,4.07,4.36,4.87,6.07,6.59,6.56,6.44,6.67,6.69,6.65,6.71,6.70,6.69,6.73,7.04,7.48,7.23,7.41,7.28,7.21,6.76,5.51,4.96,4.75,5.39,6.88,7.58,7.65,7.71,7.91,7.88,7.55,7.36,7.46,7.49,7.36,7.48,7.21,6.08,4.83,3.62,3.50,3.63,3.55,3.57,3.55,3.67,3.54,3.40,3.28,3.54,3.52,3.56,3.41,3.66,3.57,4.00,4.09,4.23,4.32,4.58,4.55,4.83,4.88,4.85,5.18,5.30,5.51,5.77,5.91,5.82,5.89,5.99,5.95,5.89,5.61,5.26,4.96,4.61,4.47,4.05,3.80,3.54,3.60,3.48,3.40,3.37,3.07,2.63,2.47,2.36,2.13,2.03,1.90,1.73,1.49,1.52,1.38,1.42,1.09,1.13,1.19,1.22,1.47,1.73,1.94,2.26,1.99,2.23,2.52,2.60,2.55,2.64,2.45,2.74,2.70,2.70,2.70,2.57,2.55,2.65,2.81,2.81,2.69,2.59,2.82,2.53,2.70
4.03,3.97,3.93,3.93,3.92,3.99,3.99,3.96,4.00,3.85,3.87,3.86,3.96,3.92,3.79,4.16,3.94,4.22,4.12,4.04,4.02,3.93,4.03,4.11,4.25,4.17,4.18,4.00,3.99,4.12,4.10,3.97,4.04,4.55,4.99,5.97,6.41,6.63,6.54,6.58,6.58,6.60,6.67,6.67,6.70,6.53,6.92,6.99,6.94,6.96,6.78,6.91,6.65,5.53,4.94,4.76,5.44,6.54,7.13,7.34,7.52,7.62,7.63,7.42,7.21,7.31,7.29,7.20,7.28,7.02,6.09,4.71,3.62,3.55,3.69,3.60,3.50,3.49,3.59,3.46,3.44,3.53,3.47,3.54,3.52,3.44,3.67,3.74,3.99,3.94,4.19,4.29,4.52,4.69,4.89,5.14,5.10,5.37,5.44,5.60,5.80,6.08,6.00,5.94,5.99,5.89,5.72,5.47,5.29,5.04,4.67,4.35,4.12,3.77,3.50,3.55,3.71,3.54,3.32,3.01,2.72,2.55,2.34,2.17,2.02,1.75,1.80,1.58,1.72,1.42,1.41,1.09,1.15,1.20,1.24,1.50,1.71,1.85,2.13,1.88,2.18,2.40,2.57,2.68,2.60,2.55,2.69,2.60,2.51,2.45,2.48,2.78,2.58,2.43,2.52,2.54,2.45,2.55,2.82,2.80
3.96,3.86,3.73,3.93,3.85,3.87,3.93,3.88,3.69,3.85,3.79,3.77,3.87,3.93,3.83,3.90,4.05,4.18,4.11,3.98,3.97,4.06,3.92,3.98,4.10,3.87,3.93,3.86,3.86,3.98,3.93,3.77,3.88,4.29,5.04,5.96,6.40,6.69,6.81,6.70,6.62,6.71,6.81,6.83,6.86,6.63,7.01,6.97,7.08,6.68,6.82,6.51,6.28,5.39,4.87,4.77,5.44,6.28,6.67,6.82,6.97,7.10,7.26,7.15,6.90,6.99,6.86,6.76,6.91,6.74,5.94,4.58,3.49,3.54,3.71,3.54,3.47,3.50,3.49,3.48,3.59,3.61,3.50,3.35,3.47,3.40,3.65,3.69,3.92,3.98,4.26,4.36,4.36,4.76,5.03,5.21,5.37,5.45,5.57,5.73,5.77,5.99,6.04,5.99,5.93,5.79,5.59,5.38,5.15,4.89,4.62,4.29,3.93,3.56,3.53,3.32,3.25,3.44,3.12,2.95,2.53,2.25,2.23,2.03,1.78,1.71,1.64,1.51,1.66,1.46,1.30,1.01,1.23,1.24,1.14,1.35,1.57,1.82,2.16,1.94,2.12,2.25,2.46,2.66,2.65,2.64,2.45,2.49,2.68,2.72,2.62,2.77,2.39,2.43,2.58,2.65,2.68,2.75,2.62,2.69
3.97,3.85,3.97,3.96,3.90,3.85,3.87,3.90,3.79,3.63,3.69,3.71,3.63,3.63,3.81,3.75,3.96,3.90,3.96,4.04,4.03,4.02,3.78,3.90,4.11,3.91,3.83,3.77,3.73,3.87,4.00,3.81,3.75,4.16,5.07,6.08,6.60,7.09,7.16,6.94,6.81,6.92,7.12,7.17,7.20,7.01,7.26,7.58,7.41,7.08,7.52,6.74,6.29,5.47,4.78,4.80,5.39,6.29,6.71,6.89,7.10,7.08,7.02,6.91,6.78,6.89,6.73,6.61,6.71,6.30,5.58,4.67,3.67,3.68,3.61,3.47,3.61,3.53,3.63,3.50,3.65,3.69,3.48,3.42,3.49,3.60,3.81,3.38,3.73,3.97,4.26,4.36,4.28,4.55,4.84,5.10,5.40,5.39,5.54,5.80,5.88,5.95,5.93,6.01,5.92,5.68,5.59,5.36,4.98,4.80,4.64,4.20,3.99,3.60,3.55,3.48,3.44,3.36,3.20,3.00,2.71,2.54,2.29,2.05,1.94,1.64,1.66,1.44,1.38,1.23,1.14,0.87,1.04,1.14,1.22,1.44,1.64,1.89,2.11,1.97,2.20,2.33,2.42,2.52,2.53,2.47,2.41,2.37,2.55,2.64,2.63,2.74,2.57,2.45,2.46,2.60,2.66,2.54,2.81,2.68
3.96,3.93,4.09,3.83,3.79,4.04,4.03,3.68,3.62,3.78,3.80,3.80,3.72,3.65,3.80,3.96,3.91,4.06,3.97,3.91,4.03,4.00,3.84,3.86,3.90,3.88,3.83,3.83,3.81,3.85,4.04,3.90,3.72,4.37,4.95,6.11,6.98,7.66,7.65,7.41,7.29,7.37,7.64,7.60,7.66,7.71,7.77,8.02,7.94,7.80,7.86,7.37,6.84,5.81,5.01,4.90,5.66,6.71,7.13,7.24,7.55,7.54,7.46,7.41,7.25,7.34,7.24,7.25,6.96,6.01,5.53,4.77,3.86,3.86,3.66,3.52,3.47,3.50,3.61,3.49,3.63,3.50,3.32,3.50,3.34,3.61,3.81,3.53,3.92,4.00,4.13,4.28,4.29,4.47,4.80,5.10,5.37,5.46,5.60,5.86,5.96,6.04,5.89,6.01,5.96,5.77,5.66,5.29,4.84,4.68,4.54,4.12,3.77,3.49,3.55,3.47,3.31,3.31,3.23,2.89,2.70,2.46,2.29,2.11,1.83,1.77,1.77,1.62,1.55,1.24,1.22,0.98,0.91,0.93,1.13,1.42,1.55,1.72,2.08,2.03,2.25,2.40,2.42,2.39,2.36,2.33,2.36,2.35,2.45,2.53,2.60,2.71,2.62,2.46,2.60,2.65,2.49,2.43,2.70,2.48
3.83,3.77,4.06,3.83,3.92,3.84,3.71,3.71,3.81,3.85,3.80,3.85,3.84,3.79,3.86,4.19,3.93,4.02,3.90,3.85,4.06,4.07,3.91,3.97,3.77,3.73,3.84,3.98,3.97,3.90,3.96,3.97,3.87,4.58,4.94,6.24,7.31,7.85,7.91,7.76,7.57,7.60,7.80,7.63,7.80,8.00,8.25,8.21,8.32,8.14,7.90,8.03,7.57,5.92,5.08,4.76,5.58,7.18,7.95,7.98,8.03,7.97,7.96,7.90,7.72,7.78,7.90,7.88,7.56,6.89,5.97,4.69,3.74,3.67,3.38,3.40,3.54,3.52,3.46,3.50,3.63,3.38,3.28,3.59,3.46,3.43,3.56,3.61,3.86,3.93,4.05,4.25,4.35,4.50,4.91,5.08,5.39,5.50,5.57,5.77,5.93,6.00,5.88,6.00,5.96,5.78,5.66,5.25,4.76,4.63,4.50,4.06,3.74,3.55,3.43,3.59,3.29,3.38,3.22,2.98,2.78,2.54,2.46,2.30,1.90,1.67,1.73,1.69,1.80,1.40,1.47,1.28,1.09,1.06,1.14,1.23,1.34,1.73,1.99,2.13,2.23,2.35,2.39,2.33,2.28,2.34,2.14,2.35,2.55,2.60,2.59,2.72,2.66,2.58,2.59,2.53,2.46,2.52,2.63,2.69
3.85,3.93,3.81,3.85,3.96,4.03,3.93,3.75,3.85,3.85,3.75,3.83,3.93,3.97,3.97,4.04,3.87,3.97,3.96,3.88,4.00,4.06,3.90,3.91,3.84,3.84,3.94,4.00,3.97,3.94,4.02,3.97,3.97,4.54,4.99,6.32,7.39,7.85,7.87,7.73,7.52,7.46,7.56,7.46,7.58,7.96,8.34,8.46,8.22,8.08,7.97,7.98,7.79,6.17,5.15,4.89,5.60,7.20,8.25,8.41,8.33,8.15,7.93,7.98,8.11,8.14,8.17,8.07,7.91,7.57,6.37,4.94,3.66,3.62,3.61,3.25,3.53,3.59,3.32,3.53,3.60,3.59,3.46,3.69,3.50,3.68,3.59,3.61,3.86,3.73,4.09,4.17,4.48,4.54,4.95,5.07,5.38,5.40,5.52,5.60,5.87,6.02,5.85,6.01,6.01,5.88,5.75,5.31,4.84,4.67,4.45,4.02,3.72,3.50,3.28,3.38,3.30,3.31,3.22,2.98,2.66,2.42,2.33,2.17,1.88,1.69,1.78,1.89,1.77,1.52,1.20,1.18,1.08,1.08,1.28,1.47,1.49,1.67,1.86,1.95,2.17,2.20,2.22,2.20,2.20,2.39,2.13,2.37,2.58,2.55,2.58,2.81,2.71,2.64,2.52,2.51,2.57,2.62,2.74,2.71
3.87,3.80,3.71,3.77,3.72,3.84,3.94,3.83,3.81,3.93,3.93,3.90,3.92,3.91,3.68,3.80,3.87,4.02,4.03,3.97,3.93,3.92,3.85,3.85,4.03,4.03,4.09,4.10,4.00,4.03,4.13,3.80,3.79,4.31,4.76,6.13,7.34,7.76,7.69,7.56,7.42,7.37,7.41,7.30,7.44,7.72,8.02,8.30,8.19,7.97,8.16,7.95,7.64,6.15,5.08,4.75,5.37,7.01,8.25,8.29,8.10,8.08,7.86,7.65,7.77,7.89,8.00,7.97,7.99,7.73,6.55,5.12,3.80,3.72,3.61,3.42,3.49,3.66,3.50,3.75,3.61,3.66,3.63,3.46,3.40,3.71,3.41,3.57,3.69,3.66,3.88,3.87,4.36,4.48,4.85,4.95,5.11,5.30,5.49,5.39,5.60,5.87,5.88,5.94,5.94,5.95,5.78,5.29,4.94,4.68,4.37,3.99,3.75,3.46,3.38,3.31,3.17,3.23,3.05,2.89,2.54,2.23,2.24,2.22,1.95,1.78,1.77,1.79,1.66,1.34,1.33,1.09,1.14,1.13,1.13,1.20,1.30,1.55,1.80,1.74,2.05,2.12,2.20,2.25,2.25,2.37,2.25,2.52,2.51,2.46,2.58,2.78,2.58,2.52,2.49,2.52,2.53,2.62,2.74,2.65
3.87,3.83,3.65,3.69,3.74,3.84,3.91,3.86,3.84,3.87,3.86,3.81,3.86,3.92,3.60,3.71,3.86,3.92,3.96,3.93,3.84,3.84,3.72,3.91,4.12,4.15,4.18,4.13,4.03,4.05,4.15,3.87,3.71,4.28,4.65,6.01,7.39,7.83,7.63,7.38,7.30,7.30,7.29,7.26,7.32,7.60,7.91,7.91,8.04,7.77,7.71,7.64,7.38,6.06,4.89,4.61,5.14,6.65,8.00,8.14,7.95,7.93,7.74,7.62,7.71,7.96,8.07,7.93,7.97,7.68,6.54,4.82,3.60,3.69,3.57,3.54,3.48,3.55,3.62,3.77,3.66,3.54,3.60,3.52,3.50,3.50,3.53,3.49,3.74,3.65,3.85,3.92,4.11,4.43,4.70,4.83,4.95,5.18,5.32,5.33,5.43,5.61,5.72,5.79,5.78,5.80,5.67,5.24,4.83,4.61,4.31,3.99,3.65,3.40,3.38,3.25,3.04,3.30,3.13,2.71,2.41,2.23,2.19,2.08,1.80,1.63,1.74,1.60,1.69,1.47,1.42,1.19,1.24,1.35,1.46,1.44,1.30,1.51,1.66,1.79,2.09,1.97,2.13,2.31,2.26,2.25,2.49,2.43,2.46,2.47,2.52,2.59,2.49,2.51,2.57,2.52,2.51,2.66,2.68,2.68
3.74,3.73,3.66,3.77,3.68,3.78,3.96,3.90,3.81,3.85,3.78,3.72,3.80,3.93,3.67,3.74,3.86,3.88,3.91,3.87,3.78,3.90,3.62,3.90,3.97,4.12,4.16,4.00,3.86,3.88,4.04,3.92,3.74,4.23,4.68,5.89,7.28,8.02,7.80,7.39,7.37,7.38,7.34,7.30,7.15,7.45,7.72,7.80,7.85,7.78,7.70,7.68,7.39,6.15,5.05,4.50,4.95,6.52,7.82,8.05,7.86,7.79,7.61,7.47,7.48,7.68,7.88,7.83,7.66,7.64,6.61,4.97,3.61,3.60,3.55,3.65,3.50,3.61,3.67,3.61,3.72,3.59,3.68,3.60,3.55,3.47,3.44,3.54,3.85,3.63,3.83,4.03,4.11,4.25,4.72,4.76,4.74,5.01,5.22,5.39,5.52,5.59,5.63,5.70,5.73,5.73,5.65,5.29,4.88,4.69,4.41,4.06,3.60,3.37,3.32,3.25,3.02,3.14,3.01,2.57,2.35,2.29,2.19,2.13,1.92,1.63,1.62,1.58,1.80,1.58,1.60,1.44,1.35,1.23,1.27,1.30,1.33,1.60,1.47,1.52,1.85,2.00,2.01,2.07,2.24,2.31,2.43,2.65,2.51,2.43,2.52,2.60,2.47,2.71,2.75,2.57,2.54,2.74,2.60,2.70
3.66,3.72,3.61,3.75,3.68,3.73,3.93,3.92,3.69,3.79,3.80,3.73,3.75,3.86,3.57,3.67,3.78,3.90,3.92,3.83,3.86,3.83,3.66,3.97,3.83,3.87,3.94,3.98,3.94,3.78,3.86,3.96,3.66,4.19,4.56,5.79,7.16,7.71,7.56,7.36,7.29,7.23,7.32,7.31,7.04,7.37,7.54,7.85,7.62,7.71,7.49,7.15,7.15,6.18,4.95,4.41,4.88,6.41,7.69,7.78,7.65,7.72,7.56,7.47,7.42,7.46,7.42,7.39,7.38,7.38,6.45,5.02,3.62,3.37,3.78,3.43,3.62,3.68,3.54,3.42,3.55,3.49,3.66,3.53,3.40,3.43,3.42,3.40,3.68,3.65,3.67,3.93,4.02,4.09,4.50,4.57,4.80,5.02,5.18,5.26,5.42,5.59,5.64,5.59,5.68,5.75,5.57,5.22,4.90,4.71,4.43,4.05,3.71,3.41,3.32,3.25,3.13,3.00,2.89,2.55,2.35,2.24,2.11,1.97,1.88,1.78,1.66,1.58,1.53,1.61,1.61,1.22,1.31,1.31,1.31,1.36,1.52,1.68,1.82,1.63,1.89,1.97,2.17,2.37,2.42,2.36,2.37,2.53,2.40,2.31,2.40,2.48,2.40,2.64,2.66,2.49,2.52,2.68,2.43,2.69
3.61,3.65,3.61,3.75,3.69,3.67,3.81,3.80,3.60,3.67,3.74,3.74,3.73,3.84,3.53,3.52,3.59,3.73,3.80,3.77,3.77,3.72,3.57,4.04,3.79,3.73,3.93,4.12,4.16,3.93,3.87,3.96,3.96,4.29,4.67,5.95,7.13,7.46,7.44,7.45,7.36,7.23,7.34,7.21,7.00,7.31,7.40,7.86,7.72,7.55,7.37,7.29,7.29,6.04,4.84,4.43,5.04,6.51,7.57,7.66,7.60,7.61,7.34,7.10,7.13,7.41,7.40,7.49,7.45,7.47,6.52,4.94,3.50,3.56,3.90,3.24,3.72,3.79,3.68,3.53,3.46,3.57,3.67,3.57,3.52,3.49,3.49,3.49,3.52,3.73,3.75,3.99,3.97,4.20,4.39,4.45,4.74,5.04,5.04,5.17,5.39,5.49,5.52,5.64,5.78,5.73,5.51,5.08,4.69,4.56,4.32,4.07,3.72,3.34,3.34,3.11,3.00,2.99,2.87,2.69,2.52,2.29,2.16,2.03,1.89,1.79,1.69,1.52,1.58,1.63,1.45,1.51,1.49,1.45,1.51,1.58,1.55,1.61,1.77,1.72,1.77,2.06,2.28,2.48,2.58,2.36,2.37,2.60,2.52,2.42,2.47,2.70,2.98,2.55,2.47,2.54,2.70,2.76,2.45,2.75
3.60,3.54,3.60,3.75,3.68,3.63,3.75,3.69,3.62,3.61,3.69,3.78,3.77,3.71,3.54,3.49,3.54,3.68,3.74,3.68,3.72,3.85,3.48,3.81,3.87,3.80,3.96,4.11,3.91,3.85,4.04,3.72,4.11,4.35,4.84,5.94,6.98,7.49,7.50,7.33,7.18,7.06,7.12,7.15,6.92,7.06,7.36,7.77,7.57,7.44,7.31,7.39,7.07,6.06,5.03,4.48,4.96,6.38,7.38,7.49,7.56,7.73,7.40,6.97,6.84,7.17,7.40,7.36,7.33,7.30,6.51,4.77,3.61,3.41,3.90,3.29,3.55,3.50,3.59,3.57,3.31,3.31,3.48,3.53,3.47,3.66,3.57,3.43,3.59,3.49,3.54,3.74,3.98,4.16,4.30,4.70,4.88,5.14,5.05,5.26,5.51,5.57,5.50,5.58,5.73,5.65,5.44,5.05,4.70,4.57,4.32,4.03,3.56,3.38,3.42,3.06,2.99,2.87,2.80,2.60,2.37,2.31,2.20,1.99,1.85,1.80,1.63,1.50,1.75,1.83,1.62,1.49,1.31,1.34,1.44,1.53,1.60,1.62,1.84,1.94,1.89,2.12,2.33,2.42,2.55,2.71,2.43,2.66,2.62,2.57,2.60,2.68,2.64,2.66,2.57,2.64,2.83,2.95,2.75,2.94
3.63,3.61,3.55,3.66,3.74,3.81,3.85,3.80,3.79,3.68,3.79,3.85,3.71,3.68,3.48,3.68,3.56,3.54,3.65,3.73,3.80,3.85,3.55,3.83,3.80,3.87,3.93,3.78,3.66,3.79,4.12,3.98,4.20,4.05,4.76,5.53,6.40,7.02,7.16,7.14,7.02,6.75,6.81,6.70,6.69,6.67,7.09,7.54,7.38,7.28,7.18,7.06,6.88,5.99,4.99,4.54,4.99,6.00,6.83,7.24,7.45,7.46,6.98,6.76,6.54,6.93,7.23,7.13,7.05,6.90,6.04,4.64,3.61,3.46,3.72,3.48,3.65,3.41,3.83,3.61,3.63,3.49,3.81,3.60,3.56,3.49,3.46,3.38,3.52,3.56,3.68,3.66,3.96,4.20,4.37,4.63,4.78,5.02,5.15,5.31,5.19,5.37,5.43,5.58,5.59,5.45,5.35,5.07,4.71,4.44,4.13,3.92,3.43,3.41,3.26,3.06,3.07,2.75,2.88,2.43,2.23,2.18,2.03,1.90,1.80,1.72,1.63,1.58,1.80,1.61,1.55,1.31,1.27,1.39,1.47,1.53,1.64,1.88,2.05,1.97,2.08,2.26,2.41,2.51,2.51,2.36,2.48,2.62,2.66,2.75,3.01,3.22,2.90,3.14,2.98,2.90,3.07,3.20,2.92,3.16
3.65,3.63,3.74,3.66,3.74,3.84,3.78,3.63,3.87,3.77,3.81,3.75,3.49,3.61,3.74,3.59,3.37,3.46,3.73,3.83,3.48,3.74,3.87,3.75,3.98,3.96,3.84,3.84,3.72,3.66,4.30,3.90,3.99,4.03,4.51,5.50,6.28,6.79,6.94,6.78,6.60,6.28,6.45,6.32,6.40,6.38,6.71,6.99,6.83,6.88,7.02,6.88,6.68,6.04,4.97,4.38,4.87,5.80,6.60,6.88,6.76,6.75,6.35,6.29,6.17,6.11,6.31,6.32,6.51,6.53,6.00,4.80,3.53,3.46,3.63,3.55,3.60,3.50,3.55,3.65,3.59,3.36,3.35,3.36,3.28,3.34,3.53,3.53,3.81,3.55,3.86,3.80,4.00,4.13,4.43,4.59,4.70,5.07,5.09,5.16,5.25,5.40,5.38,5.59,5.61,5.42,5.36,5.12,4.65,4.29,4.03,3.90,3.40,3.34,3.01,3.01,3.00,2.86,2.82,2.36,2.25,2.11,2.02,2.03,1.91,1.73,1.72,1.66,1.66,1.49,1.53,1.38,1.34,1.38,1.41,1.53,1.77,1.95,2.33,2.01,2.29,2.34,2.49,2.53,2.46,2.60,2.53,3.04,2.94,2.86,2.96,3.05,2.78,2.71,2.75,2.70,2.92,3.22,3.07,3.50
3.66,3.42,3.67,3.52,3.60,3.74,3.60,3.66,3.72,3.71,3.73,3.69,3.61,3.84,3.69,3.93,3.65,3.43,3.49,3.60,3.46,3.54,3.68,3.75,3.85,3.91,3.96,3.99,3.94,3.81,4.13,3.75,3.90,3.92,4.49,5.19,5.95,6.37,6.21,6.20,6.63,6.62,6.96,6.69,6.62,6.55,6.99,6.88,6.62,6.22,6.16,6.25,6.16,5.50,4.90,4.69,4.97,5.68,6.29,6.39,6.35,6.54,6.79,6.75,6.60,6.48,6.55,6.51,6.31,6.08,5.71,4.96,3.68,3.55,3.87,3.43,3.73,3.54,3.38,3.42,3.50,3.37,3.26,3.13,3.23,3.43,3.56,3.25,3.84,3.53,3.71,3.77,3.80,4.03,4.24,4.71,4.81,5.02,5.07,5.16,5.23,5.36,5.49,5.56,5.50,5.35,5.21,4.99,4.68,4.37,4.03,3.66,3.32,3.29,3.06,3.02,2.94,2.86,2.59,2.25,2.24,2.12,2.08,2.03,1.89,1.73,1.63,1.63,1.49,1.51,1.58,1.41,1.24,1.27,1.33,1.55,1.89,2.07,2.19,2.08,2.36,2.45,2.54,2.55,2.54,2.55,2.60,2.63,2.77,2.88,3.08,3.26,2.96,2.76,3.06,3.32,3.37,3.48,4.12,4.26
3.61,3.61,3.61,3.59,3.52,3.49,3.56,3.62,3.67,3.50,3.69,3.88,3.77,3.81,3.49,3.37,3.50,3.65,3.56,3.37,3.62,3.85,3.54,3.42,3.68,3.85,3.80,3.84,4.00,3.74,3.67,3.60,3.61,3.91,4.48,5.29,5.85,6.30,6.51,6.53,6.67,6.45,6.54,6.51,6.89,6.24,6.77,6.62,6.85,6.53,6.73,6.29,5.81,5.32,4.83,4.68,5.01,5.66,6.04,6.35,6.66,6.35,6.10,6.26,6.61,6.32,6.26,6.29,6.33,6.43,5.67,4.92,3.63,3.54,3.68,3.40,3.61,3.48,3.54,3.44,3.50,3.18,3.30,3.30,3.34,3.38,3.34,3.41,3.61,3.61,3.85,3.97,3.90,4.06,4.31,4.80,4.83,5.02,5.07,5.11,5.18,5.52,5.50,5.51,5.42,5.25,5.14,4.84,4.56,4.34,3.99,3.68,3.26,3.06,3.11,3.01,2.77,2.69,2.62,2.24,2.26,2.07,1.92,1.88,1.84,1.75,1.67,1.67,1.47,1.41,1.40,1.39,1.22,1.36,1.42,1.51,1.84,2.07,2.19,2.16,2.43,2.41,2.51,2.63,2.59,2.45,2.47,2.74,2.80,3.02,3.25,3.26,3.10,2.54,3.19,3.65,4.03,4.48,4.77,4.92
3.75,3.84,3.92,3.85,3.80,3.87,4.04,3.81,3.69,3.67,3.67,3.74,3.84,3.79,3.63,3.74,3.75,3.68,3.69,3.83,3.46,3.68,3.57,3.90,3.93,3.73,3.63,3.75,3.86,3.73,3.81,3.53,3.88,4.04,4.71,5.28,5.72,6.23,6.77,6.97,6.68,6.40,6.79,7.04,7.14,6.88,6.93,7.63,7.60,7.13,6.89,6.32,6.07,5.52,4.71,4.43,4.68,5.65,6.71,6.93,7.01,7.13,7.16,7.23,7.16,7.32,7.32,7.52,7.31,7.13,6.78,5.21,3.81,3.47,3.60,3.29,3.43,3.50,3.24,3.36,3.40,3.23,3.36,3.16,3.24,3.32,3.35,3.47,3.87,3.69,3.83,3.92,4.09,4.13,4.26,4.56,4.61,4.80,4.98,5.17,5.15,5.31,5.37,5.50,5.59,5.42,5.10,4.72,4.50,4.30,3.94,3.68,3.28,3.19,3.13,2.99,2.72,2.80,2.58,2.17,2.17,2.07,1.91,1.89,1.92,1.86,1.68,1.69,1.53,1.36,1.36,1.31,1.23,1.50,1.50,1.50,1.78,2.07,2.54,2.37,2.57,2.54,2.63,2.77,2.71,2.41,2.41,3.00,2.86,2.92,3.12,3.22,3.07,2.71,3.36,3.98,4.51,4.91,5.17,5.42
3.69,3.68,3.57,3.66,3.71,3.74,3.84,3.66,3.66,3.72,3.77,3.73,3.65,3.85,3.63,3.67,3.67,3.74,3.87,3.83,3.49,3.74,3.62,3.79,3.66,3.62,3.74,3.83,3.80,3.57,3.91,3.75,3.90,3.97,4.58,5.64,6.40,6.96,7.30,7.21,7.16,7.28,7.50,7.56,7.78,7.53,7.80,7.91,7.93,7.69,7.39,6.98,6.86,6.11,5.01,4.42,4.63,6.06,7.47,7.81,7.85,7.74,7.90,7.79,7.76,7.86,8.04,7.74,7.41,7.66,6.89,5.28,4.04,3.68,3.20,3.20,3.32,3.60,3.65,3.30,3.44,3.31,3.52,3.19,2.99,3.36,3.50,3.24,3.61,3.69,3.86,4.00,4.15,4.34,4.42,4.41,4.61,4.67,4.88,5.14,5.12,5.29,5.50,5.60,5.51,5.35,5.17,4.75,4.47,4.37,3.99,3.73,3.31,3.31,3.11,2.90,2.69,2.88,2.69,2.33,2.20,2.26,2.11,1.96,1.94,1.79,1.53,1.55,1.58,1.52,1.56,1.29,1.25,1.53,1.52,1.51,1.80,2.09,2.59,2.36,2.62,2.64,2.65,2.72,2.72,2.57,2.64,2.98,3.04,2.98,3.08,3.24,3.10,3.11,3.67,4.35,4.92,5.35,5.57,5.72
3.80,3.88,3.83,3.71,3.72,3.85,3.86,3.73,3.56,3.44,3.60,3.83,3.85,3.97,3.53,3.63,3.71,3.65,3.56,3.62,3.59,3.75,3.42,3.59,3.74,3.81,3.83,3.80,3.79,3.78,3.77,3.61,3.97,3.85,4.49,5.40,6.56,7.36,7.41,7.33,7.39,7.46,7.76,7.50,7.79,7.47,7.87,8.27,8.10,7.61,7.34,7.18,7.17,6.33,5.01,4.43,4.80,6.21,7.86,8.38,8.25,8.06,7.80,7.89,7.79,7.91,8.00,7.95,7.94,8.00,7.28,5.66,3.42,3.30,3.57,3.38,3.52,3.52,3.60,3.44,3.44,3.18,3.49,3.59,3.31,3.43,3.22,3.43,3.63,3.75,3.93,4.16,4.20,4.29,4.50,4.71,4.58,4.88,4.96,5.12,5.28,5.23,5.32,5.46,5.36,5.25,5.17,4.90,4.64,4.44,4.07,3.84,3.23,3.08,2.93,2.95,2.82,2.86,2.81,2.65,2.31,2.19,2.07,1.89,1.75,1.72,1.69,1.51,1.66,1.74,1.63,1.30,1.30,1.62,1.66,1.62,1.82,2.12,2.41,2.25,2.53,2.68,2.72,2.71,2.72,2.76,2.86,2.88,3.16,3.16,3.22,3.38,3.20,3.38,3.73,4.44,5.16,5.59,5.65,5.82
3.85,3.73,3.78,3.66,3.59,3.74,4.03,3.90,3.69,3.66,3.66,3.71,3.84,3.74,3.48,3.78,3.67,3.62,3.79,3.77,3.67,3.55,3.54,3.42,3.54,3.68,3.75,3.80,3.72,3.78,3.67,3.59,3.87,3.88,4.61,5.43,6.45,7.20,7.38,7.38,7.28,7.46,7.86,7.32,7.32,7.18,7.66,8.15,7.93,7.45,7.55,7.46,7.37,6.70,5.12,4.20,4.71,6.13,7.76,8.33,8.16,8.02,7.81,7.68,7.62,7.81,8.05,8.04,7.95,7.83,7.18,5.65,3.80,3.59,3.57,3.35,3.47,3.75,3.60,3.50,3.77,3.53,3.32,3.37,3.17,3.48,3.18,3.32,3.59,3.60,3.93,4.04,4.28,4.32,4.39,4.55,4.47,4.65,5.11,5.21,5.17,5.35,5.39,5.49,5.50,5.24,5.03,4.87,4.55,4.22,4.00,3.57,3.14,3.12,2.83,2.72,2.68,2.63,2.77,2.58,2.33,2.22,2.06,1.90,1.79,1.75,1.67,1.56,1.62,1.73,1.53,1.40,1.35,1.60,1.71,1.66,1.72,2.08,2.24,2.26,2.42,2.59,2.72,2.77,2.81,2.88,2.84,2.81,3.14,3.19,3.24,3.44,3.32,3.56,3.72,4.49,5.24,5.60,5.66,5.85
3.75,3.81,3.77,3.67,3.61,3.71,4.02,3.83,3.71,3.81,3.83,3.73,3.66,3.61,3.50,3.62,3.57,3.57,3.71,3.77,3.68,3.71,3.59,3.56,3.56,3.68,3.79,3.71,3.56,3.74,3.74,3.67,3.55,3.61,4.30,5.30,6.41,7.20,7.42,7.37,7.34,7.47,7.56,7.55,7.32,7.04,7.72,7.97,7.72,7.66,7.66,7.49,7.32,6.48,5.08,4.03,4.34,5.92,7.38,8.02,8.05,7.88,7.65,7.57,7.41,7.63,7.72,7.73,7.76,7.79,6.70,5.58,3.68,3.77,3.66,3.59,3.53,3.47,3.61,3.36,3.60,3.53,3.40,3.31,3.22,3.14,3.38,3.40,3.78,3.56,3.80,3.96,4.06,4.23,4.39,4.57,4.54,4.72,5.07,5.26,5.18,5.40,5.50,5.50,5.43,5.10,4.80,4.61,4.31,4.05,3.91,3.61,3.29,2.95,2.86,2.71,2.48,2.65,2.63,2.53,2.29,2.24,2.09,1.94,1.95,1.86,1.57,1.42,1.46,1.63,1.41,1.61,1.57,1.53,1.57,1.56,1.62,1.92,1.99,2.29,2.43,2.47,2.59,2.77,2.92,3.04,2.90,2.82,3.02,3.07,3.19,3.36,3.34,3.60,3.83,4.49,5.12,5.46,5.63,5.67
3.75,4.02,3.86,3.81,3.83,3.81,3.83,3.74,3.84,3.84,3.83,3.84,3.80,3.74,3.50,3.68,3.63,3.59,3.69,3.81,3.73,3.78,3.50,3.62,3.72,3.71,3.75,3.74,3.62,3.92,3.78,3.60,3.60,3.75,4.23,5.18,6.33,7.15,7.33,7.21,7.21,7.23,7.23,7.25,7.20,7.12,7.37,7.69,7.68,7.44,7.55,7.46,7.31,6.45,5.01,4.13,4.41,5.70,7.18,7.83,7.72,7.60,7.54,7.53,7.36,7.46,7.55,7.53,7.38,7.62,6.78,5.40,3.73,3.62,3.79,3.85,3.83,3.61,3.68,3.67,3.37,3.13,3.10,3.36,3.53,3.28,3.40,3.28,3.61,3.68,3.68,3.61,4.07,4.28,4.45,4.50,4.44,4.67,4.87,5.08,5.26,5.44,5.35,5.37,5.43,5.32,5.02,4.61,4.29,4.05,3.91,3.54,3.31,3.13,2.88,2.89,2.74,2.80,2.65,2.46,2.36,2.22,2.00,1.94,2.03,1.88,1.55,1.74,1.58,1.63,1.50,1.44,1.49,1.55,1.53,1.56,1.73,1.96,2.06,2.45,2.62,2.57,2.62,2.76,2.93,3.04,2.92,2.89,2.95,3.02,3.16,3.24,3.14,3.31,3.71,4.36,4.96,5.37,5.57,5.46
3.60,3.92,3.84,3.83,3.84,3.79,3.80,3.72,3.77,3.72,3.66,3.63,3.74,3.99,3.62,3.79,3.75,3.67,3.73,3.72,3.81,3.86,3.57,3.65,3.69,3.66,3.67,3.75,3.80,3.92,3.65,3.54,3.59,3.61,3.93,4.70,5.88,6.86,7.15,7.06,7.02,7.06,7.26,6.76,7.07,6.98,7.24,7.62,7.46,7.45,7.45,7.15,6.93,6.17,4.75,3.99,4.32,5.57,7.09,7.70,7.56,7.47,7.26,7.04,6.79,6.89,7.06,7.41,7.25,7.29,6.21,5.23,3.53,3.73,3.78,3.60,3.46,3.50,3.46,3.36,3.57,3.29,3.43,3.16,3.37,3.37,3.37,3.44,3.61,3.50,3.69,4.04,4.18,4.25,4.36,4.50,4.52,4.82,4.87,4.98,5.04,5.30,5.25,5.31,5.38,5.16,4.84,4.56,4.28,3.99,3.96,3.63,3.25,2.94,2.96,2.86,2.78,2.77,2.55,2.37,2.31,2.11,2.06,1.96,1.90,1.88,1.67,1.67,1.46,1.72,1.62,1.30,1.31,1.39,1.47,1.60,1.75,1.91,2.06,2.39,2.51,2.43,2.46,2.57,2.72,2.88,2.66,3.05,3.00,3.07,3.17,3.14,3.04,3.07,3.54,4.28,4.91,5.33,5.57,5.38
3.54,3.78,3.79,3.75,3.72,3.71,3.75,3.62,3.66,3.65,3.60,3.55,3.59,3.91,3.74,3.68,3.57,3.56,3.69,3.75,3.74,3.77,3.68,3.66,3.78,3.85,3.85,3.84,3.77,3.86,3.61,3.48,3.56,3.62,3.83,4.50,5.79,6.81,6.99,6.98,7.10,7.02,6.97,6.59,6.89,6.73,7.10,7.47,7.30,7.26,7.30,7.12,6.81,6.21,5.09,4.30,4.34,5.32,6.97,7.55,7.45,7.47,7.31,6.98,6.66,6.97,7.18,7.33,7.13,6.93,6.38,5.28,3.90,3.32,3.60,3.54,3.60,3.75,3.68,3.91,3.14,3.06,3.35,3.44,3.50,3.29,3.32,3.01,3.73,3.78,3.69,4.02,4.25,4.43,4.59,4.75,4.88,5.04,5.09,5.17,5.32,5.46,5.36,5.30,5.39,5.37,5.10,4.84,4.52,3.90,3.73,3.65,3.36,3.00,2.94,2.87,2.99,2.83,2.59,2.47,2.39,2.24,2.09,2.00,1.88,1.64,1.55,1.91,1.36,1.91,1.46,1.31,1.56,1.58,1.50,1.56,1.84,2.12,2.30,2.23,2.46,2.68,2.69,2.63,2.72,2.98,2.83,3.42,3.10,3.16,3.36,3.29,3.14,3.25,3.74,4.26,4.71,5.07,5.40,5.09
3.57,3.75,3.83,3.86,3.78,3.69,3.79,3.55,3.62,3.67,3.67,3.67,3.71,3.79,3.66,3.69,3.61,3.57,3.73,3.86,3.83,3.80,3.78,3.68,3.68,3.80,3.88,3.83,3.69,3.73,3.52,3.60,3.62,3.63,3.92,4.59,5.75,6.74,6.94,6.84,6.90,7.02,7.05,6.97,6.88,6.86,7.07,7.38,7.46,7.37,7.42,7.26,6.91,6.21,4.97,4.32,4.43,5.17,6.68,7.39,7.60,7.49,7.17,6.78,6.61,6.65,7.15,6.90,6.82,6.71,5.97,5.26,3.73,3.50,3.63,3.38,3.52,3.53,3.44,3.55,3.11,3.22,3.11,3.19,3.41,3.28,3.56,3.65,3.61,3.86,3.96,4.10,4.29,4.34,4.56,4.81,4.74,5.02,5.15,5.30,5.28,5.31,5.42,5.32,5.23,5.12,4.92,4.71,4.36,4.05,3.81,3.50,3.12,2.98,2.99,3.11,2.71,2.96,2.86,2.45,2.22,2.28,2.25,2.06,1.91,1.71,1.56,1.79,1.52,1.69,1.57,1.35,1.42,1.40,1.44,1.67,1.94,2.02,2.12,2.09,2.65,2.77,2.68,2.65,2.80,2.84,2.76,3.14,3.13,3.28,3.32,3.10,2.90,3.22,3.57,4.09,4.63,5.04,5.14,4.96
3.53,3.83,3.84,3.97,3.96,3.87,4.10,3.66,3.65,3.71,3.78,3.79,3.78,3.94,3.68,3.80,3.74,3.63,3.66,3.69,3.73,3.85,3.81,3.79,3.66,3.68,3.80,3.75,3.65,3.59,3.60,3.54,3.90,3.80,4.29,4.75,5.61,6.60,6.86,6.69,6.94,6.92,7.16,7.17,6.93,6.88,7.12,7.45,7.40,7.28,7.08,6.98,6.75,6.13,4.90,4.16,4.47,5.08,6.06,7.12,7.26,7.06,6.93,6.67,6.10,6.11,6.58,6.46,6.00,6.17,5.63,4.87,3.43,2.99,3.53,3.32,3.37,3.37,3.31,3.47,3.08,3.32,3.23,3.22,3.16,3.28,3.24,3.43,3.80,3.86,4.12,4.09,4.32,4.57,4.67,4.64,4.69,4.82,5.03,5.45,5.39,5.26,5.23,5.31,5.39,5.26,4.99,4.62,4.39,4.37,4.15,3.87,3.13,2.58,2.70,3.08,2.82,2.95,2.89,2.60,2.20,2.09,2.07,1.99,1.80,1.60,1.64,1.82,1.74,1.78,1.51,1.15,1.33,1.45,1.55,1.77,1.99,1.99,2.14,2.02,2.48,2.65,2.65,2.80,3.01,2.95,2.95,3.08,2.74,2.75,2.95,2.99,3.02,3.19,3.46,3.97,4.52,4.94,5.08,4.83
3.54,3.88,3.74,3.83,4.00,4.09,4.03,3.73,3.72,3.68,3.77,3.84,3.69,4.04,3.79,3.88,3.77,3.60,3.57,3.56,3.52,3.81,3.81,3.69,3.63,3.72,3.73,3.61,3.66,3.63,3.59,3.47,3.88,3.90,4.29,4.74,5.64,6.50,6.67,6.63,6.78,6.84,6.93,7.05,6.82,6.36,6.97,7.33,7.15,6.99,6.90,6.70,6.50,6.01,4.78,3.98,4.13,4.50,5.43,6.44,6.58,6.22,5.88,5.70,5.43,5.38,5.09,5.18,4.80,4.81,4.29,4.13,3.20,3.20,3.37,3.43,3.26,3.35,3.55,3.52,3.17,3.41,2.99,3.20,3.25,3.32,3.55,3.41,3.57,3.75,4.16,4.18,4.25,4.63,4.76,4.81,4.70,5.02,5.15,5.32,5.42,5.37,5.32,5.30,5.32,5.24,5.05,4.88,4.51,4.10,4.00,3.74,3.34,2.71,2.58,2.84,2.72,2.41,2.47,2.36,2.16,2.18,2.14,1.97,1.80,1.71,1.73,1.69,1.60,1.62,1.53,1.34,1.24,1.40,1.62,1.75,1.86,1.99,2.01,1.99,2.58,2.57,2.55,2.62,2.77,3.12,3.06,3.14,2.75,2.71,2.92,2.94,2.87,3.18,3.57,4.09,4.47,4.59,4.76,4.61
3.60,3.71,3.59,3.69,3.85,3.86,3.66,3.71,3.74,3.59,3.60,3.72,3.71,3.84,3.78,3.98,3.84,3.65,3.68,3.73,3.54,3.90,3.83,3.71,3.75,3.77,3.67,3.59,3.66,3.63,3.50,3.40,3.81,3.78,4.02,4.71,5.59,6.31,6.63,6.56,6.53,6.62,6.51,6.79,6.54,5.82,6.68,6.93,6.62,6.47,6.35,6.21,5.87,5.37,4.49,3.94,4.13,4.24,4.51,5.10,5.23,4.85,4.62,4.37,4.45,4.25,3.96,4.13,3.80,3.73,3.60,3.78,3.20,3.07,3.46,3.10,3.48,3.12,3.59,3.54,3.14,3.36,3.06,3.25,3.31,3.23,3.28,3.48,3.93,3.91,4.13,4.06,4.28,4.49,4.72,4.64,4.64,4.91,5.14,5.40,5.33,5.53,5.52,5.31,5.19,5.03,4.91,4.62,4.30,4.02,3.80,3.61,3.01,2.87,2.59,2.90,2.78,2.57,2.42,2.37,2.22,2.07,1.95,1.89,1.74,1.45,1.55,1.79,1.55,1.56,1.71,1.49,1.34,1.52,1.66,1.83,2.22,2.12,1.92,2.16,2.51,2.52,2.47,2.54,2.74,2.86,2.72,2.68,2.77,3.01,3.18,3.14,2.98,3.13,3.42,3.94,4.28,4.28,4.45,4.48
3.55,3.52,3.75,3.91,3.83,3.74,4.00,3.92,3.79,3.63,3.57,3.62,3.66,3.67,3.73,3.94,3.84,3.72,3.92,4.02,3.66,3.87,3.78,3.94,3.93,3.77,3.71,3.81,3.67,3.73,3.57,3.48,3.81,3.61,3.88,4.58,5.28,5.97,6.46,6.32,6.14,6.04,6.08,6.20,5.78,5.49,5.88,6.11,5.84,5.64,5.35,5.05,4.74,4.64,4.41,3.94,3.83,3.98,4.11,4.18,4.17,3.97,4.00,3.85,3.86,3.75,3.72,3.91,3.69,3.60,3.41,3.30,2.98,2.84,3.06,2.78,3.17,2.86,3.08,3.57,3.37,3.42,3.42,3.28,3.19,3.40,3.49,3.31,3.75,3.73,3.71,3.80,4.09,4.51,4.74,4.75,4.64,5.02,5.05,5.26,5.54,5.40,5.33,5.43,5.37,5.09,4.83,4.61,4.20,4.13,3.96,3.57,2.95,2.90,2.74,2.88,2.80,2.63,2.49,2.23,2.19,2.31,2.16,1.96,1.77,1.41,1.42,1.63,1.52,1.47,1.68,1.51,1.42,1.46,1.57,1.80,2.05,1.97,2.16,2.43,2.74,2.69,2.77,2.89,2.88,2.98,3.10,2.78,2.86,3.02,3.02,2.90,3.04,3.14,3.34,3.71,4.05,4.24,4.38,4.25
3.69,3.55,3.48,3.61,3.69,3.75,3.90,3.81,3.79,3.65,3.57,3.63,3.78,3.83,3.65,3.80,3.73,3.75,4.00,4.09,3.71,3.72,3.68,3.90,3.92,3.81,3.85,3.87,3.68,3.88,3.60,3.79,3.81,3.60,3.83,4.29,4.72,5.22,5.58,5.40,5.16,5.19,4.89,5.23,4.78,4.75,5.03,4.95,4.64,4.52,4.35,4.19,4.18,4.22,4.03,3.65,3.62,3.77,3.63,3.74,3.84,3.79,3.75,3.66,3.69,3.32,3.01,2.96,2.96,2.83,2.74,2.80,2.90,2.96,2.90,3.18,3.18,3.38,3.44,3.56,3.29,3.20,3.22,3.26,3.24,3.25,3.49,3.35,3.67,3.69,3.81,4.05,4.37,4.57,4.57,4.59,4.64,4.90,4.99,5.15,5.36,5.46,5.42,5.25,5.22,5.03,4.72,4.58,4.15,3.79,3.59,3.42,2.99,2.68,2.94,2.66,2.90,2.62,2.48,2.42,2.28,2.16,2.03,1.94,1.82,1.57,1.50,1.82,1.57,1.35,1.71,1.28,1.45,1.58,1.63,1.72,1.83,2.13,2.23,2.37,2.72,2.63,2.59,2.69,2.70,2.64,2.90,2.99,2.87,2.82,2.89,2.90,2.75,2.95,3.20,3.53,3.83,4.06,4.39,4.11
3.83,3.53,3.50,3.61,3.74,3.85,3.77,3.68,3.72,3.69,3.69,3.78,3.86,3.74,3.68,3.75,3.69,3.66,3.79,3.90,3.74,3.91,3.57,3.78,3.96,3.91,3.84,3.77,3.65,3.93,3.62,3.81,3.77,3.79,3.88,4.19,4.41,4.51,4.57,4.45,4.26,4.36,4.12,4.39,4.15,4.15,4.34,4.20,3.97,3.99,4.00,3.87,3.99,4.06,3.85,3.57,3.25,3.06,2.96,2.90,2.87,2.83,2.84,2.89,2.88,3.07,3.02,3.16,3.29,3.37,3.41,3.19,3.20,3.11,3.12,3.23,3.31,3.22,3.08,3.37,3.56,3.48,3.28,3.34,3.26,3.16,3.17,3.17,3.50,3.60,3.62,4.05,4.31,4.59,4.62,4.56,4.42,4.75,5.10,5.36,5.32,5.31,5.38,5.43,5.32,5.11,4.87,4.58,4.25,3.99,3.72,3.65,3.04,2.80,2.98,2.81,2.68,2.82,2.72,2.33,2.02,2.09,2.00,1.89,2.01,1.78,1.35,1.77,1.80,1.27,1.45,1.23,1.22,1.39,1.51,1.60,1.88,2.29,2.31,2.23,2.58,2.60,2.81,2.93,2.74,2.54,2.90,2.99,2.80,2.81,3.04,3.11,2.94,3.05,3.07,3.25,3.61,3.96,4.06,3.80
3.74,3.66,3.59,3.55,3.74,4.00,3.98,3.74,3.90,3.77,3.53,3.48,3.68,3.77,3.74,3.96,3.83,3.75,3.88,3.85,3.77,3.92,3.55,3.66,3.92,3.86,3.72,3.77,3.77,4.04,3.79,3.78,3.79,3.93,3.91,4.09,4.26,4.12,3.91,3.94,3.90,3.98,4.15,4.34,3.98,3.88,3.98,4.09,3.87,3.61,3.69,3.48,3.31,3.19,3.01,3.04,3.05,3.06,3.14,3.29,3.52,3.46,3.43,3.59,3.38,3.24,2.84,2.99,3.31,3.49,3.32,3.47,3.49,3.65,3.66,3.65,3.72,3.34,3.59,3.38,3.67,3.30,3.43,3.35,3.17,3.19,3.42,3.25,3.41,3.75,3.67,3.96,4.32,4.42,4.71,4.69,4.67,4.84,4.91,5.01,5.23,5.38,5.44,5.49,5.32,5.03,4.78,4.39,4.06,3.93,3.73,3.71,3.24,2.58,2.80,2.78,2.57,2.68,2.52,2.25,2.02,2.06,2.06,1.92,1.83,1.72,1.58,1.63,1.66,1.61,1.55,1.27,1.27,1.47,1.66,1.72,1.75,2.13,2.09,2.17,2.45,2.53,2.69,2.86,2.89,2.96,2.87,2.95,2.92,3.01,3.22,3.31,2.93,3.02,3.01,3.06,3.30,3.66,3.86,3.59
3.74,3.62,3.68,3.85,3.86,3.80,3.96,3.80,3.83,3.71,3.66,3.66,3.62,3.71,3.68,3.73,3.79,3.69,3.61,3.81,3.80,3.81,3.69,3.78,3.91,3.93,3.88,3.92,3.85,3.99,3.78,3.87,3.81,3.78,3.68,3.96,4.11,3.96,3.88,3.84,3.71,3.73,4.02,3.98,3.53,3.41,3.74,3.71,3.40,3.29,3.43,3.31,3.31,3.40,3.35,3.19,3.07,3.01,2.94,3.11,3.25,3.31,3.47,3.61,3.65,3.65,3.81,3.77,3.73,3.90,3.67,3.86,3.87,3.79,3.85,3.68,3.55,3.35,3.44,3.49,3.56,3.06,3.40,3.13,3.38,3.24,3.48,3.37,3.62,3.62,3.68,3.96,3.99,4.36,4.56,4.52,4.65,4.88,4.95,5.19,5.44,5.47,5.33,5.39,5.46,5.18,4.84,4.44,4.12,4.07,3.83,3.44,2.95,2.71,2.88,2.77,2.78,2.70,2.51,2.24,2.03,1.99,2.01,1.96,1.77,1.55,1.69,1.74,1.60,1.63,1.52,1.33,1.33,1.40,1.56,1.79,1.94,2.12,2.17,2.13,2.58,2.55,2.68,2.86,2.74,2.71,2.63,2.82,2.98,3.02,3.02,3.05,2.80,2.89,2.98,2.96,3.00,3.18,3.30,3.38
3.74,3.67,3.81,3.83,3.90,3.94,3.80,3.85,3.75,3.65,3.74,3.85,3.79,3.88,3.62,3.97,3.77,3.57,3.73,3.84,3.61,3.81,3.56,3.40,3.66,3.83,3.86,3.90,3.87,4.00,3.78,3.56,3.42,3.43,3.47,3.71,3.61,3.50,3.61,3.43,3.26,3.26,3.63,3.36,3.18,3.20,3.50,3.24,3.06,3.14,3.17,3.13,3.30,3.44,3.52,3.57,3.55,3.40,3.31,3.54,3.72,3.77,3.91,3.96,3.92,4.02,3.88,3.78,3.63,3.83,3.77,3.75,3.79,3.59,3.63,3.68,3.48,3.42,3.11,3.36,3.50,3.17,3.22,3.04,3.26,3.34,3.31,3.40,3.52,3.53,3.34,3.62,3.91,4.13,4.45,4.63,4.65,4.88,4.99,5.05,5.24,5.37,5.36,5.40,5.29,4.95,4.76,4.49,4.03,3.74,3.50,3.28,2.70,2.64,2.49,2.74,2.58,2.63,2.48,2.19,1.90,1.83,1.85,1.80,1.73,1.71,1.75,1.63,1.51,1.46,1.38,1.19,1.36,1.56,1.61,1.68,1.86,1.96,2.02,2.23,2.37,2.45,2.58,2.72,2.81,2.83,2.86,2.80,2.93,3.01,2.99,3.08,2.90,2.95,3.05,2.96,2.83,2.94,3.07,3.23
3.47,3.74,3.73,3.68,3.67,3.68,3.69,3.88,3.46,3.52,3.68,3.67,3.54,3.54,3.52,3.35,3.32,3.63,3.85,3.56,3.71,4.03,3.63,3.67,3.75,3.79,3.84,3.88,3.88,3.94,3.78,3.53,3.19,3.01,3.14,3.11,2.90,2.95,3.10,2.99,3.06,3.05,3.25,3.26,3.26,3.26,3.62,3.52,3.57,3.49,3.48,3.47,3.61,3.77,3.86,3.93,3.97,3.91,3.80,3.87,4.05,4.12,4.15,4.09,3.86,3.90,3.91,3.67,3.77,3.86,3.65,3.77,3.69,3.55,3.54,3.59,3.49,3.44,3.17,3.60,3.40,3.17,3.19,3.10,3.25,3.23,3.53,3.46,3.61,3.60,3.55,3.88,4.19,4.28,4.56,4.77,4.92,5.07,5.01,5.10,5.35,5.42,5.40,5.40,5.24,5.04,4.95,4.57,4.07,3.63,3.50,3.43,3.00,2.81,2.68,2.82,2.64,2.57,2.60,2.36,2.19,2.00,1.90,1.85,1.64,1.78,1.88,1.58,1.62,1.41,1.35,1.29,1.22,1.30,1.40,1.45,1.77,1.88,2.20,2.24,2.34,2.48,2.46,2.46,2.72,2.93,2.94,2.82,2.89,3.04,3.11,3.16,3.02,2.96,3.02,3.00,2.88,2.94,3.16,3.18
3.40,3.69,3.66,3.68,3.74,3.71,3.59,3.96,3.67,3.80,3.73,3.62,3.74,3.50,3.72,3.73,3.56,3.57,3.62,3.48,3.54,3.69,3.40,3.67,3.75,3.81,3.88,3.86,3.92,4.03,3.94,3.54,3.17,2.92,3.11,3.28,3.24,3.31,3.46,3.38,3.31,3.26,3.35,3.63,3.87,3.68,4.06,4.03,4.02,3.92,3.91,3.86,3.93,4.06,4.07,4.03,4.03,4.02,3.94,3.83,3.88,3.93,3.98,3.92,3.59,3.66,3.78,3.67,3.72,3.53,3.49,3.47,3.44,3.54,3.28,3.46,3.23,3.49,3.25,3.26,3.28,3.04,3.44,3.20,3.32,3.23,3.55,3.40,3.53,3.66,3.80,4.07,4.26,4.20,4.25,4.47,4.70,5.01,5.04,5.24,5.42,5.31,5.29,5.33,5.17,4.94,4.70,4.32,3.98,3.65,3.59,3.26,2.94,2.69,2.57,2.77,2.77,2.60,2.64,2.36,2.03,1.91,1.89,1.82,1.62,1.68,1.80,1.62,1.72,1.66,1.36,1.15,1.25,1.44,1.53,1.58,1.78,1.78,2.31,2.17,2.39,2.49,2.46,2.48,2.64,2.81,2.76,2.95,2.99,2.99,3.11,3.17,3.07,3.05,3.16,3.13,2.98,2.99,3.20,3.23
3.49,3.67,3.59,3.56,3.72,3.81,3.74,3.83,3.65,3.69,3.50,3.48,3.81,3.60,3.71,3.68,3.71,3.75,3.69,3.66,3.80,3.72,3.65,3.71,3.72,3.77,3.83,3.90,3.99,4.00,4.09,3.86,3.63,3.40,3.32,3.26,3.25,3.43,3.60,3.50,3.57,3.75,3.88,4.19,4.30,4.19,4.16,4.16,4.13,4.03,3.93,3.94,3.98,4.00,4.04,3.96,3.83,3.85,3.88,3.78,3.78,3.87,4.06,3.86,3.61,3.73,3.65,3.55,3.50,3.57,3.38,3.52,3.41,3.52,3.25,3.31,2.90,3.47,3.02,3.38,3.43,3.28,3.50,3.28,3.32,3.17,3.36,3.50,3.38,3.68,3.81,3.97,4.11,4.28,4.45,4.51,4.55,4.85,5.07,5.30,5.52,5.43,5.21,5.14,5.09,4.92,4.64,4.26,3.93,3.50,3.32,3.08,3.13,2.60,2.47,2.63,2.63,2.52,2.57,2.35,2.07,1.91,1.86,1.91,1.82,1.68,1.63,1.71,1.64,1.44,1.30,1.12,1.19,1.40,1.51,1.60,1.90,1.96,2.30,2.24,2.62,2.64,2.58,2.62,2.48,2.75,2.66,2.93,3.02,2.94,3.05,3.37,3.12,3.28,3.36,3.29,3.10,3.13,3.28,3.35
3.65,3.68,3.52,3.52,3.72,3.91,3.83,3.75,3.69,3.60,3.47,3.46,3.56,3.50,3.68,3.75,3.68,3.66,3.60,3.44,3.57,3.52,3.69,3.67,3.61,3.52,3.65,3.91,3.87,3.80,4.04,3.94,3.96,3.81,3.66,3.81,3.94,4.13,4.19,4.05,4.07,3.96,4.04,4.31,4.00,4.02,4.00,4.03,4.03,3.90,3.92,3.93,3.86,3.92,3.99,3.91,3.77,3.77,3.86,3.78,3.68,3.85,3.97,3.67,3.57,3.67,3.50,3.40,3.40,3.49,3.13,3.28,3.20,3.25,3.34,3.30,3.16,3.26,3.02,3.35,3.29,3.17,3.36,3.32,3.20,3.13,3.28,3.55,3.49,3.56,3.62,3.69,3.83,4.15,4.38,4.61,4.75,4.83,4.91,5.05,5.15,5.03,4.96,4.99,4.94,4.87,4.78,4.35,4.00,3.67,3.54,3.16,3.06,2.58,2.54,2.60,2.53,2.54,2.63,2.22,1.89,1.78,1.79,1.95,1.83,1.58,1.58,1.68,1.50,1.42,1.30,1.13,1.27,1.49,1.47,1.55,1.92,2.01,2.20,2.33,2.60,2.58,2.53,2.57,2.34,2.70,2.71,2.77,2.88,2.94,2.99,3.42,3.12,3.26,3.20,3.13,3.22,3.25,3.20,3.28
3.71,3.60,3.42,3.43,3.73,3.92,3.80,3.69,3.56,3.44,3.38,3.47,3.55,3.47,3.67,3.71,3.77,3.79,3.71,3.57,3.66,3.74,3.59,3.67,3.59,3.50,3.66,3.80,3.69,3.72,4.00,3.96,3.86,4.05,4.05,4.13,4.05,3.97,3.93,3.84,3.75,3.66,3.83,4.09,4.03,3.98,3.97,3.74,3.69,3.66,3.78,3.81,3.72,3.79,3.94,3.85,3.68,3.74,3.81,3.72,3.61,3.73,3.68,3.47,3.35,3.48,3.60,3.28,3.46,3.32,3.00,3.32,3.30,3.41,3.35,3.22,3.18,3.29,3.19,3.40,3.41,3.42,3.08,3.29,3.40,3.40,3.41,3.43,3.52,3.57,3.73,3.88,4.09,4.32,4.34,4.49,4.71,4.88,5.07,5.16,5.22,5.26,5.14,4.88,4.77,4.76,4.58,4.28,3.88,3.59,3.66,3.13,3.01,2.55,2.54,2.64,2.48,2.41,2.43,2.06,1.78,1.86,1.91,1.86,1.66,1.49,1.60,1.58,1.42,1.40,1.29,1.17,1.33,1.51,1.50,1.58,1.85,1.80,2.11,2.20,2.37,2.45,2.48,2.55,2.48,2.60,2.80,2.83,2.89,2.90,2.76,3.06,3.01,3.23,3.26,3.16,3.13,3.20,3.23,3.23
3.59,3.49,3.37,3.42,3.68,3.86,3.81,3.68,3.47,3.36,3.36,3.47,3.60,3.74,3.60,3.61,3.66,3.73,3.71,3.55,3.56,3.55,3.52,3.65,3.73,3.75,3.69,3.60,3.55,3.61,3.99,3.85,3.84,4.03,3.90,4.06,4.04,3.94,3.99,4.00,3.87,3.65,3.65,3.85,3.78,3.84,3.83,3.52,3.57,3.46,3.59,3.67,3.66,3.74,3.86,3.74,3.62,3.66,3.65,3.69,3.66,3.65,3.69,3.43,3.23,3.38,3.60,3.25,3.30,3.44,3.07,3.25,3.31,3.26,3.12,3.35,3.16,3.19,3.00,3.14,3.25,3.17,3.02,3.14,3.17,3.19,3.30,3.28,3.38,3.69,3.80,3.90,4.11,4.30,4.52,4.65,4.83,4.95,5.02,5.05,5.10,5.15,4.90,4.71,4.80,4.63,4.42,4.22,3.80,3.56,3.48,3.11,3.06,2.88,2.71,2.66,2.49,2.29,2.24,2.02,1.78,1.85,1.97,1.84,1.64,1.49,1.60,1.56,1.39,1.27,1.18,1.11,1.22,1.31,1.28,1.46,1.71,1.74,1.99,2.12,2.40,2.57,2.54,2.51,2.62,2.49,2.80,2.89,2.94,2.96,2.88,2.96,3.02,3.08,3.16,3.20,3.12,3.19,3.43,3.16
3.56,3.48,3.65,3.71,3.78,3.79,3.67,3.69,3.59,3.42,3.37,3.37,3.48,3.74,3.54,3.54,3.60,3.69,3.71,3.66,3.69,3.61,3.52,3.63,3.56,3.61,3.65,3.68,3.81,3.73,3.84,3.78,4.15,4.06,3.96,3.93,3.97,3.94,3.79,3.69,3.79,3.67,3.54,3.73,3.57,3.71,3.75,3.49,3.62,3.43,3.53,3.50,3.53,3.63,3.65,3.59,3.60,3.60,3.52,3.66,3.61,3.60,3.69,3.52,3.38,3.53,3.49,3.32,3.22,3.28,3.12,3.14,3.29,3.19,3.17,3.35,3.14,3.32,3.04,3.29,3.25,3.29,3.42,3.24,3.25,3.23,3.47,3.48,3.65,3.69,3.87,4.05,4.26,4.52,4.74,4.91,5.04,5.07,5.12,5.12,5.07,5.01,4.83,4.77,4.78,4.63,4.45,4.28,3.92,3.65,3.40,3.16,2.99,2.83,2.81,2.70,2.55,2.45,2.33,2.09,1.96,1.95,1.97,1.88,1.67,1.51,1.50,1.45,1.36,1.24,1.13,1.09,1.22,1.33,1.18,1.33,1.67,1.84,1.80,2.11,2.42,2.42,2.26,2.31,2.70,2.37,2.47,2.66,2.78,2.88,3.06,2.98,3.01,3.04,2.94,2.88,3.04,3.05,3.02,3.08
3.74,3.62,3.72,3.63,3.84,3.74,3.38,3.63,3.60,3.42,3.41,3.37,3.38,3.67,3.59,3.61,3.71,3.77,3.75,3.73,3.80,3.71,3.68,3.67,3.77,3.73,3.63,3.63,3.62,3.65,3.80,3.77,4.05,4.05,3.97,3.99,4.10,4.05,3.87,3.86,3.96,3.79,3.69,3.61,3.56,3.73,3.65,3.42,3.50,3.40,3.46,3.42,3.43,3.42,3.40,3.36,3.38,3.40,3.43,3.60,3.53,3.61,3.60,3.48,3.46,3.52,3.53,3.42,3.31,3.16,3.18,3.23,3.23,3.12,3.23,3.22,2.93,3.35,3.06,3.37,3.43,3.29,3.35,3.24,3.23,3.12,3.41,3.32,3.50,3.68,3.97,4.13,4.24,4.48,4.76,4.95,4.88,4.75,4.83,5.03,5.08,4.91,4.80,4.64,4.59,4.64,4.52,4.29,3.79,3.56,3.35,3.18,3.06,2.72,2.68,2.63,2.52,2.43,2.35,2.17,2.01,1.96,1.95,1.86,1.62,1.51,1.45,1.27,1.39,1.20,1.17,1.20,1.19,1.24,1.35,1.36,1.73,1.72,1.62,1.78,2.12,2.26,2.23,2.40,2.26,2.43,2.53,2.59,2.63,2.75,3.04,3.05,3.02,3.02,2.95,2.96,3.26,3.12,3.23,3.26
3.55,3.74,3.60,3.65,3.91,3.79,3.50,3.75,3.52,3.35,3.55,3.59,3.53,3.78,3.73,3.66,3.78,3.80,3.88,3.99,3.79,3.74,3.59,3.67,3.78,3.72,3.65,3.62,3.65,3.72,3.93,3.99,3.94,3.87,4.07,3.96,3.80,3.65,3.66,3.72,3.71,3.79,3.61,3.59,3.37,3.54,3.49,3.34,3.23,3.34,3.46,3.43,3.35,3.28,3.29,3.30,3.24,3.19,3.36,3.57,3.50,3.50,3.41,3.35,3.25,3.26,3.46,3.41,3.28,3.22,3.13,3.22,3.16,3.25,3.14,3.28,2.92,3.32,3.04,3.35,3.43,3.26,3.20,3.22,3.43,3.20,3.49,3.48,3.46,3.60,3.79,4.07,4.11,4.23,4.55,4.75,4.70,4.64,4.75,4.90,4.96,4.96,4.74,4.48,4.51,4.62,4.49,4.24,3.83,3.53,3.30,3.20,3.08,2.69,2.71,2.58,2.43,2.30,2.29,2.19,1.99,1.89,1.89,1.80,1.58,1.49,1.52,1.18,1.42,1.28,1.19,1.17,1.04,1.03,1.30,1.23,1.20,1.22,1.12,1.29,1.58,1.78,1.90,2.16,1.82,1.92,1.95,2.09,2.29,2.42,2.75,2.92,2.78,2.68,2.71,2.86,2.93,2.80,2.96,2.99
3.66,3.62,3.77,3.65,3.72,3.65,3.60,3.80,3.52,3.48,3.62,3.68,3.71,3.73,3.71,3.67,3.74,3.80,3.88,3.83,3.56,3.72,3.67,3.68,3.71,3.65,3.59,3.56,3.59,3.66,3.71,3.97,3.74,3.69,3.72,3.74,3.78,3.62,3.61,3.75,3.63,3.63,3.66,3.55,3.44,3.53,3.43,3.41,3.44,3.28,3.38,3.41,3.30,3.22,3.26,3.31,3.28,3.28,3.44,3.55,3.38,3.25,3.14,3.20,3.14,3.17,3.34,3.18,3.23,3.25,3.04,3.12,3.17,3.24,3.26,3.36,3.12,3.22,3.14,3.25,3.35,3.28,3.25,3.20,3.30,3.17,3.30,3.42,3.60,3.71,3.80,3.93,3.94,4.15,4.36,4.59,4.71,4.69,4.74,4.82,4.80,4.74,4.54,4.36,4.38,4.55,4.34,4.18,3.93,3.69,3.41,3.26,3.04,2.77,2.72,2.64,2.47,2.37,2.43,2.23,1.85,1.79,1.80,1.71,1.52,1.45,1.46,1.24,1.36,1.40,1.23,1.08,1.07,1.11,1.01,1.04,0.95,1.07,0.97,1.14,1.28,1.38,1.55,1.73,1.35,1.27,1.34,1.52,1.69,1.78,2.00,2.29,2.26,2.23,2.23,2.30,2.59,2.45,2.53,2.74
3.63,3.55,3.47,3.60,3.61,3.63,3.68,3.65,3.44,3.32,3.41,3.54,3.61,3.57,3.46,3.79,3.68,3.74,3.71,3.52,3.52,3.75,3.78,3.66,3.68,3.66,3.65,3.60,3.55,3.59,3.54,3.72,3.69,3.50,3.57,3.67,3.57,3.46,3.53,3.61,3.66,3.75,3.42,3.34,3.40,3.34,3.59,3.20,3.35,3.17,3.25,3.19,3.19,3.18,3.22,3.26,3.28,3.35,3.44,3.41,3.23,3.17,3.13,3.13,3.14,3.12,3.22,3.05,3.13,3.17,2.99,3.02,3.19,3.18,3.40,3.31,3.25,3.26,3.32,3.22,3.12,3.20,3.25,3.26,3.22,3.17,3.35,3.28,3.52,3.68,3.84,3.87,3.96,4.17,4.28,4.52,4.70,4.64,4.65,4.76,4.81,4.71,4.55,4.30,4.34,4.50,4.34,4.07,3.87,3.61,3.44,3.22,3.00,2.83,2.53,2.60,2.55,2.48,2.48,2.20,1.82,1.75,1.83,1.68,1.42,1.41,1.34,1.30,1.23,1.14,1.06,1.06,1.03,1.00,1.07,0.98,1.03,0.90,0.82,0.87,1.01,1.07,1.09,1.09,0.97,0.71,0.80,1.11,1.34,1.29,1.36,1.51,1.45,1.53,1.67,1.71,2.03,1.92,1.99,2.20
3.69,3.73,3.75,3.71,3.67,3.56,3.59,3.81,3.38,3.47,3.37,3.41,3.52,3.56,3.48,3.73,3.60,3.67,3.63,3.56,3.60,3.72,3.73,3.61,3.71,3.79,3.73,3.54,3.42,3.48,3.57,3.54,3.54,3.40,3.63,3.53,3.53,3.61,3.57,3.42,3.40,3.46,3.46,3.48,3.25,3.40,3.29,3.11,3.29,3.10,3.19,3.28,3.26,3.22,3.31,3.31,3.17,3.18,3.24,3.28,3.26,3.22,3.14,3.14,3.06,3.07,3.14,2.99,3.06,3.01,3.07,3.02,3.19,3.18,3.37,3.29,3.20,3.31,3.36,3.13,3.29,3.12,3.11,3.12,2.94,3.10,3.41,3.32,3.35,3.59,3.75,3.77,3.96,4.20,4.34,4.52,4.65,4.75,4.74,4.70,4.77,4.67,4.48,4.23,4.30,4.36,4.20,3.94,3.86,3.44,3.30,3.23,2.94,2.80,2.49,2.48,2.47,2.34,2.31,2.20,1.97,1.99,1.84,1.50,1.42,1.36,1.23,1.25,1.20,0.92,0.88,1.06,1.07,0.85,0.82,0.93,0.82,0.85,0.96,0.92,0.98,1.03,0.87,0.86,0.71,0.65,0.71,0.79,0.88,1.06,1.01,1.00,0.92,1.02,1.18,1.20,1.47,1.33,1.29,1.49
3.67,3.67,3.65,3.50,3.61,3.62,3.69,3.81,3.36,3.47,3.68,3.59,3.61,3.80,3.69,3.61,3.72,3.66,3.67,3.63,3.50,3.60,3.62,3.59,3.62,3.71,3.71,3.56,3.50,3.62,3.65,3.53,3.60,3.46,3.60,3.53,3.50,3.57,3.53,3.47,3.49,3.55,3.66,3.43,3.26,3.52,3.38,3.29,3.30,3.20,3.20,3.25,3.26,3.25,3.36,3.30,3.12,3.06,3.14,3.29,3.30,3.19,3.07,3.13,3.01,3.16,3.18,2.99,3.17,3.10,3.23,3.16,3.19,3.22,3.19,3.20,3.20,3.32,3.35,3.17,3.31,3.16,3.17,3.23,3.07,3.28,3.36,3.35,3.37,3.61,3.72,3.80,3.98,4.17,4.32,4.44,4.54,4.65,4.69,4.59,4.57,4.51,4.34,4.18,4.22,4.16,3.96,3.88,3.75,3.37,3.35,3.30,2.89,2.82,2.63,2.43,2.34,2.23,2.23,2.18,1.88,1.71,1.72,1.51,1.39,1.24,1.09,1.14,1.22,1.04,1.00,1.09,1.02,0.92,0.95,0.81,0.72,0.81,0.87,0.92,0.95,0.97,0.98,0.81,0.72,0.65,0.67,0.80,0.90,0.96,0.90,0.81,0.86,0.85,0.76,0.70,0.97,0.97,0.86,1.02
3.75,3.71,3.50,3.75,3.68,3.67,3.81,3.85,3.44,3.67,3.47,3.43,3.56,3.72,3.77,3.66,3.68,3.59,3.67,3.61,3.42,3.57,3.60,3.55,3.59,3.61,3.61,3.55,3.53,3.63,3.75,3.52,3.79,3.47,3.60,3.61,3.48,3.54,3.61,3.55,3.47,3.42,3.43,3.34,3.34,3.59,3.44,3.24,3.32,3.31,3.24,3.25,3.18,3.28,3.31,3.30,3.22,3.06,3.05,3.14,3.18,3.22,3.20,3.13,2.96,3.14,3.16,3.00,3.22,3.05,3.22,3.12,3.31,3.26,3.07,3.12,3.30,3.25,3.37,3.22,3.23,3.25,3.18,3.22,3.20,3.37,3.36,3.28,3.41,3.60,3.63,3.72,3.83,3.97,4.06,4.23,4.38,4.38,4.47,4.48,4.45,4.41,4.19,4.03,4.16,4.10,3.93,3.86,3.73,3.29,3.44,3.19,2.81,2.71,2.63,2.55,2.51,2.47,2.28,2.02,1.95,1.82,1.60,1.72,1.36,1.19,1.25,1.27,1.31,1.23,1.06,1.01,1.07,1.01,1.23,1.13,0.90,0.97,0.92,0.95,0.86,0.66,0.82,0.69,0.53,0.58,0.65,0.66,0.67,0.69,0.87,0.84,0.84,0.74,0.44,0.34,0.72,0.84,0.74,0.84
3.77,3.75,3.56,3.81,3.73,3.73,3.75,3.71,3.61,3.44,3.48,3.50,3.60,3.71,3.77,3.77,3.60,3.61,3.57,3.49,3.43,3.48,3.62,3.46,3.71,3.67,3.52,3.44,3.43,3.56,3.69,3.53,3.72,3.55,3.48,3.53,3.53,3.44,3.36,3.42,3.42,3.35,3.46,3.35,3.34,3.32,3.52,3.25,3.26,3.20,3.10,2.95,3.16,3.17,3.19,3.30,3.28,3.13,3.13,3.24,3.16,3.13,3.22,3.16,2.88,3.04,3.20,2.90,3.12,3.00,3.22,3.06,3.34,3.20,3.16,3.08,3.23,3.02,3.26,3.01,3.22,3.22,3.01,3.11,3.18,3.31,3.31,3.23,3.37,3.55,3.53,3.56,3.69,3.90,4.03,4.23,4.39,4.30,4.29,4.39,4.37,4.22,4.00,3.83,3.96,4.06,4.04,3.87,3.74,3.24,3.35,3.22,2.84,2.62,2.65,2.70,2.64,2.54,2.37,2.14,1.90,1.63,1.64,1.69,1.33,1.24,1.28,1.03,1.19,1.23,1.01,0.88,0.96,1.14,1.13,0.95,0.80,0.70,0.66,0.72,0.76,0.71,0.96,0.69,0.53,0.58,0.61,0.63,0.61,0.43,0.87,0.84,0.71,0.53,0.29,0.23,0.64,0.65,0.60,0.65
3.72,3.81,3.75,3.78,3.75,3.73,3.73,3.73,3.66,3.47,3.55,3.52,3.57,3.71,3.68,3.62,3.43,3.38,3.59,3.68,3.54,3.41,3.53,3.34,3.65,3.57,3.49,3.37,3.40,3.55,3.66,3.53,3.61,3.66,3.50,3.43,3.52,3.46,3.31,3.34,3.38,3.32,3.26,3.26,3.37,3.35,3.43,3.29,3.37,3.26,3.02,2.95,3.08,3.28,3.29,3.12,3.02,3.02,3.07,3.17,3.18,3.12,3.05,2.96,3.00,3.07,3.30,3.17,3.20,3.30,3.29,3.23,3.18,3.34,3.36,3.18,3.19,3.06,3.12,2.96,3.37,3.18,3.04,3.16,3.16,3.20,3.20,3.24,3.41,3.52,3.59,3.67,3.73,3.93,4.10,4.22,4.30,4.22,4.22,4.30,4.23,4.18,3.93,3.77,3.83,4.04,4.04,3.73,3.52,3.30,3.37,3.31,3.02,2.78,2.75,2.72,2.66,2.53,2.35,2.29,2.09,1.73,1.50,1.77,1.34,1.18,1.36,1.28,1.15,1.13,1.02,0.97,1.07,1.02,1.06,0.93,0.82,0.77,0.64,0.65,0.81,0.79,0.90,0.69,0.63,0.56,0.51,0.53,0.63,0.38,0.70,0.64,0.51,0.46,0.32,0.18,0.39,0.46,0.56,0.63
3.77,3.81,3.85,4.00,3.83,3.71,3.73,3.73,3.53,3.68,3.47,3.49,3.65,3.78,3.81,3.75,3.71,3.50,3.62,3.72,3.59,3.43,3.56,3.54,3.53,3.49,3.52,3.43,3.43,3.61,3.74,3.55,3.67,3.75,3.62,3.48,3.50,3.54,3.46,3.30,3.23,3.30,3.32,3.23,3.36,3.46,3.59,3.46,3.31,3.18,3.30,3.32,3.24,3.19,3.14,3.18,3.17,3.07,3.18,3.31,3.28,3.25,3.29,3.22,3.13,3.23,3.19,3.11,3.35,3.28,3.29,3.17,3.31,3.44,3.44,3.28,3.22,3.16,3.14,3.13,3.47,3.16,3.16,3.16,2.99,3.11,3.20,3.23,3.41,3.43,3.59,3.78,3.79,3.85,3.93,3.93,3.97,4.00,4.13,4.30,4.17,4.24,3.94,3.69,3.96,4.10,3.85,3.67,3.67,3.62,3.44,3.37,3.12,2.93,2.82,2.74,2.62,2.53,2.40,2.18,2.08,1.66,1.50,1.78,1.30,1.12,1.22,1.18,1.19,1.09,0.88,0.86,1.00,0.93,0.82,0.90,0.81,0.76,0.67,0.65,0.79,0.76,0.92,0.85,0.67,0.54,0.48,0.45,0.54,0.53,0.50,0.43,0.41,0.48,0.44,0.28,0.41,0.45,0.39,0.35
3.69,3.68,3.83,4.02,3.86,3.71,3.77,3.74,3.44,3.65,3.55,3.57,3.66,3.71,3.67,3.68,3.57,3.65,3.77,3.75,3.65,3.54,3.38,3.48,3.53,3.62,3.67,3.65,3.62,3.67,3.73,3.63,3.74,3.71,3.60,3.50,3.38,3.38,3.32,3.28,3.28,3.31,3.30,3.24,3.18,3.28,3.46,3.16,3.14,3.37,3.32,3.11,3.04,3.00,2.95,3.13,3.18,3.11,3.14,3.22,3.25,3.18,3.14,3.01,3.11,3.22,3.16,3.07,3.42,3.13,3.29,3.05,3.11,3.23,3.18,3.07,3.11,2.99,3.10,3.06,3.14,3.08,3.17,3.26,3.12,3.17,3.24,3.26,3.35,3.32,3.43,3.68,3.75,3.80,3.94,3.93,3.91,3.93,3.99,4.25,4.17,4.17,3.99,3.81,4.11,4.22,3.91,3.83,3.66,3.65,3.41,3.38,3.43,3.04,2.94,2.77,2.58,2.37,2.12,2.16,2.06,1.82,1.33,1.41,1.08,0.84,0.84,0.93,0.95,0.88,0.77,0.69,0.96,0.79,0.75,0.86,0.79,0.69,0.65,0.67,0.72,0.66,0.77,0.85,0.70,0.56,0.50,0.54,0.65,0.84,0.69,0.61,0.64,0.69,0.64,0.28,0.40,0.38,0.35,0.44
3.77,3.83,3.86,3.54,3.86,3.73,3.78,3.73,3.48,3.60,3.56,3.60,3.73,3.77,3.66,3.63,3.57,3.50,3.62,3.65,3.53,3.47,3.53,3.62,3.87,3.60,3.54,3.54,3.56,3.61,3.57,3.59,3.62,3.56,3.49,3.42,3.30,3.28,3.24,3.29,3.37,3.29,3.17,3.20,3.37,3.42,3.43,3.18,3.13,3.38,3.14,3.20,3.17,3.18,3.19,3.28,3.23,3.23,3.14,3.07,3.31,3.37,3.19,3.11,3.13,3.23,3.19,3.26,3.36,3.14,3.10,2.96,3.12,3.22,3.17,3.06,3.12,3.14,3.11,3.02,3.31,3.18,3.18,3.23,3.18,3.04,3.14,3.37,3.37,3.29,3.48,3.63,3.55,3.69,4.03,4.09,3.98,3.91,4.06,4.30,4.28,4.07,4.13,3.92,4.04,4.03,3.87,3.98,3.74,3.53,3.48,3.18,3.10,3.04,2.90,2.66,2.57,2.60,2.31,1.82,1.75,1.40,1.28,1.38,0.87,0.95,0.98,0.87,0.77,0.72,0.63,0.54,0.77,0.69,0.69,0.76,0.70,0.64,0.64,0.63,0.65,0.60,0.56,0.69,0.69,0.59,0.46,0.49,0.50,0.69,0.56,0.44,0.48,0.67,0.69,0.28,0.39,0.44,0.41,0.41
3.60,3.61,3.65,3.75,3.94,3.74,3.72,3.67,3.56,3.69,3.47,3.67,3.75,3.71,3.66,3.69,3.52,3.53,3.55,3.49,3.44,3.44,3.49,3.61,3.61,3.32,3.66,3.53,3.55,3.62,3.52,3.47,3.40,3.52,3.43,3.34,3.30,3.31,3.24,3.23,3.22,3.17,3.17,3.31,3.40,3.44,3.38,3.36,3.17,3.17,3.10,3.13,3.12,3.08,2.95,3.06,3.17,3.18,3.11,3.12,3.32,3.36,3.12,3.06,3.20,3.24,3.28,3.23,3.41,3.29,2.95,3.00,3.17,2.95,3.12,3.11,3.06,3.29,3.14,3.17,3.20,3.19,3.17,3.10,3.14,3.11,3.10,3.34,3.32,3.36,3.53,3.61,3.66,3.75,3.96,4.19,4.13,3.96,4.03,4.10,4.28,4.22,4.03,3.78,3.87,4.10,4.00,3.73,3.63,3.49,3.53,3.32,3.20,2.96,2.86,2.82,2.65,2.41,2.19,1.82,1.49,1.56,1.28,1.19,1.02,0.76,0.80,0.86,0.87,0.77,0.58,0.56,0.53,0.69,0.85,0.76,0.65,0.60,0.55,0.49,0.51,0.63,0.61,0.72,0.60,0.43,0.41,0.49,0.33,0.44,0.40,0.40,0.41,0.37,0.30,0.28,0.37,0.38,0.33,0.37
3.61,3.75,3.86,3.59,3.75,3.77,3.91,3.85,3.74,3.68,3.52,3.67,3.67,3.54,3.52,3.75,3.49,3.52,3.52,3.55,3.57,3.57,3.61,3.66,3.74,3.47,3.57,3.37,3.40,3.55,3.60,3.57,3.48,3.55,3.43,3.30,3.25,3.26,3.25,3.19,3.08,3.13,3.34,3.32,3.24,3.30,3.06,3.30,3.25,3.20,3.13,3.13,3.17,3.24,3.18,3.12,3.13,3.22,3.24,3.12,3.22,3.30,3.01,3.10,3.14,3.30,3.25,3.22,3.40,3.36,3.18,3.18,3.04,3.08,3.28,3.35,3.19,3.41,3.19,3.40,3.23,3.37,3.42,3.12,2.99,3.06,3.11,3.23,3.32,3.44,3.41,3.49,3.63,3.63,3.77,4.02,4.06,3.97,4.04,4.12,4.11,4.15,3.85,3.79,3.67,4.09,3.81,3.87,3.53,3.16,3.22,3.18,3.01,2.63,2.53,2.64,2.46,2.11,1.85,1.52,1.17,1.36,1.18,1.39,1.04,0.92,0.87,0.81,0.80,0.77,0.67,0.84,0.55,0.67,0.90,0.87,0.71,0.58,0.50,0.45,0.53,0.69,0.67,0.56,0.49,0.50,0.58,0.70,0.48,0.43,0.44,0.43,0.40,0.43,0.48,0.38,0.37,0.23,0.13,0.32
3.61,3.65,3.74,3.96,3.62,3.80,3.71,3.78,3.87,3.68,3.53,3.50,3.62,3.44,3.44,3.71,3.57,3.61,3.55,3.55,3.59,3.60,3.59,3.66,3.56,3.50,3.65,3.57,3.55,3.56,3.46,3.41,3.61,3.62,3.46,3.50,3.32,3.38,3.38,3.30,3.11,3.19,3.38,3.30,3.28,3.34,3.05,3.12,3.31,3.24,3.17,3.17,3.02,3.22,3.20,3.14,3.19,3.20,3.18,3.23,3.41,3.42,3.26,3.29,3.04,3.11,3.08,2.98,3.18,3.12,3.25,3.16,2.76,3.25,3.25,3.16,3.16,3.19,3.16,3.32,3.49,3.31,3.31,3.16,3.01,3.14,3.34,3.30,3.40,3.63,3.57,3.60,3.78,3.78,3.90,4.16,4.17,4.06,4.26,4.38,4.29,4.25,4.10,3.79,3.57,3.99,3.43,3.67,3.25,3.22,3.38,3.57,3.25,2.82,2.59,2.24,1.82,1.66,1.61,1.61,1.28,1.53,1.19,1.23,1.17,1.14,1.00,0.85,0.87,0.85,0.69,0.87,0.64,0.69,0.77,0.88,0.79,0.61,0.58,0.64,0.67,0.77,0.72,0.61,0.54,0.56,0.75,0.80,0.51,0.48,0.49,0.46,0.44,0.46,0.61,0.38,0.30,0.24,0.15,0.35
3.67,3.68,3.62,3.60,3.54,3.72,3.59,3.54,3.49,3.46,3.61,3.66,3.55,3.46,3.53,3.63,3.61,3.74,3.59,3.57,3.57,3.54,3.62,3.81,3.65,3.69,3.37,3.31,3.43,3.54,3.50,3.55,3.74,3.46,3.47,3.38,3.37,3.60,3.59,3.41,3.24,3.24,3.38,3.43,3.43,3.53,3.24,3.13,3.18,3.30,3.05,3.17,3.05,3.12,3.23,3.23,3.26,3.25,3.35,3.36,3.19,3.24,3.31,3.22,3.06,3.16,3.31,3.14,3.25,3.26,3.22,3.28,3.13,3.28,3.26,3.41,3.22,3.26,3.31,3.31,3.46,3.26,3.22,3.16,3.05,3.11,3.23,3.30,3.34,3.48,3.55,3.65,3.78,3.87,4.05,4.20,4.15,4.03,4.16,4.18,3.97,4.05,3.71,3.55,3.47,3.77,3.73,3.44,3.12,3.23,3.31,3.17,2.62,2.22,2.14,1.97,1.69,1.62,1.68,1.57,1.15,1.45,1.18,1.23,1.08,1.15,1.03,0.87,0.96,0.92,0.63,0.69,0.56,0.84,0.81,0.84,0.75,0.71,0.74,0.44,0.46,0.66,0.80,0.60,0.39,0.40,0.53,0.65,0.63,0.63,0.61,0.60,0.60,0.51,0.50,0.40,0.32,0.27,0.25,0.45
3.77,3.71,3.65,3.71,3.75,3.67,3.63,3.67,3.73,3.75,3.71,3.61,3.52,3.42,3.50,3.66,3.61,3.73,3.56,3.62,3.61,3.50,3.60,3.81,3.66,3.52,3.43,3.20,3.42,3.71,3.63,3.53,3.63,3.62,3.63,3.30,3.37,3.46,3.54,3.59,3.43,3.40,3.50,3.54,3.53,3.60,3.38,3.29,3.19,3.37,3.16,3.32,3.17,3.10,3.13,3.08,3.13,3.26,3.29,3.25,3.24,3.25,3.18,3.08,3.02,3.07,3.04,3.02,3.20,3.11,3.05,3.42,3.24,3.31,2.86,3.56,3.22,3.36,3.37,3.34,3.35,3.24,3.30,3.31,3.25,3.25,3.34,3.36,3.31,3.46,3.56,3.75,3.88,3.83,3.91,3.94,3.93,3.85,3.94,3.98,4.05,3.87,3.55,3.14,3.55,3.71,3.55,3.44,3.02,2.83,2.86,2.36,1.74,1.52,1.53,1.61,1.66,1.53,1.42,1.47,0.95,1.40,1.19,1.24,0.98,1.00,1.03,0.87,0.87,0.90,0.67,0.76,0.64,0.90,0.91,0.92,0.79,0.60,0.67,0.74,0.53,0.39,0.58,0.49,0.37,0.39,0.43,0.54,0.38,0.41,0.46,0.48,0.46,0.46,0.46,0.33,0.27,0.22,0.17,0.37
3.75,3.62,3.63,3.83,3.79,3.63,3.66,3.66,3.65,3.65,3.74,3.78,3.72,3.47,3.59,3.80,3.69,3.71,3.56,3.63,3.65,3.60,3.63,3.77,3.73,3.59,3.55,3.31,3.44,3.57,3.63,3.62,3.49,3.50,3.44,3.74,3.43,3.40,3.44,3.56,3.40,3.32,3.52,3.59,3.53,3.56,3.44,3.37,3.38,3.30,3.42,3.41,3.24,3.23,3.20,3.17,3.24,3.36,3.32,3.23,3.38,3.43,3.23,3.26,3.18,3.17,3.40,3.13,3.25,3.37,3.26,3.44,3.11,3.28,3.22,3.18,3.30,3.35,3.43,3.43,3.42,3.35,3.22,3.20,3.18,3.22,3.31,3.42,3.37,3.47,3.46,3.55,3.69,3.56,3.77,4.05,4.05,4.02,3.92,3.91,3.93,3.56,3.29,3.37,3.50,3.26,3.14,2.77,2.40,2.07,1.94,1.64,1.41,1.41,1.36,1.38,1.53,1.42,1.34,1.36,1.04,1.46,1.18,1.15,1.02,0.85,0.92,0.96,0.76,0.90,0.84,0.96,0.91,0.80,0.84,0.82,0.64,0.54,0.69,0.69,0.33,0.32,0.33,0.43,0.54,0.53,0.33,0.43,0.38,0.35,0.39,0.40,0.38,0.37,0.40,0.20,0.12,0.23,0.13,0.12
3.85,3.75,3.72,3.73,3.63,3.61,3.69,3.62,3.53,3.53,3.55,3.57,3.66,3.65,3.66,3.66,3.68,3.75,3.73,3.65,3.67,3.67,3.63,3.66,3.68,3.62,3.52,3.53,3.40,3.44,3.61,3.72,3.65,3.40,3.42,3.57,3.43,3.47,3.38,3.36,3.29,3.35,3.50,3.50,3.43,3.52,3.49,3.43,3.42,3.20,3.47,3.28,3.25,3.29,3.34,3.30,3.20,3.17,3.19,3.18,3.20,3.23,3.19,3.18,3.17,3.22,3.22,3.06,3.24,3.19,3.37,3.47,3.35,3.38,3.30,3.46,3.35,3.43,3.36,3.42,3.56,3.42,3.46,3.12,3.01,3.38,3.44,3.46,3.52,3.52,3.57,3.77,3.75,3.59,3.62,3.71,3.87,3.91,3.85,3.71,3.90,3.87,3.69,3.52,3.40,2.58,2.58,2.25,2.02,1.69,1.46,1.42,1.44,1.38,1.28,1.25,1.28,1.20,1.29,1.30,1.08,1.41,1.24,1.15,1.04,0.84,0.84,0.95,0.64,0.90,0.87,0.75,0.92,0.90,0.93,0.90,0.76,0.64,0.61,0.71,0.72,0.59,0.44,0.45,0.58,0.58,0.14,0.30,0.40,0.39,0.37,0.41,0.56,0.40,0.33,0.14,0.08,0.22,0.25,0.22
4.17,3.96,3.74,3.66,3.56,3.63,3.77,3.59,3.52,3.55,3.59,3.71,3.68,3.67,3.65,3.54,3.48,3.73,3.79,3.69,3.68,3.65,3.61,3.65,3.67,3.63,3.56,3.57,3.44,3.55,3.62,3.72,3.78,3.67,3.68,3.62,3.53,3.63,3.52,3.46,3.47,3.43,3.50,3.53,3.43,3.50,3.46,3.38,3.37,3.14,3.37,3.22,3.28,3.37,3.34,3.26,3.23,3.08,3.08,3.14,3.20,3.32,3.24,3.19,3.36,3.38,3.35,3.18,3.16,3.31,3.37,3.43,3.43,3.38,3.44,3.44,3.48,3.49,3.53,3.40,3.60,3.29,3.46,3.23,3.07,3.23,3.44,3.65,3.71,3.63,3.61,3.72,3.77,3.61,3.60,3.59,3.66,3.68,3.74,3.80,3.94,3.65,3.34,3.05,2.72,2.19,1.86,1.88,1.85,1.58,1.49,1.46,1.38,1.24,1.09,1.04,1.02,0.97,1.18,1.31,1.03,1.27,1.25,1.13,1.06,1.00,0.95,0.92,0.80,0.90,0.86,0.74,0.93,1.15,1.00,0.92,0.92,0.67,0.60,0.56,0.70,0.69,0.59,0.55,0.61,0.51,0.22,0.35,0.37,0.35,0.34,0.37,0.64,0.49,0.41,0.18,0.06,0.29,0.33,0.24
4.03,3.57,3.56,3.68,3.67,3.67,3.75,3.59,3.61,3.63,3.54,3.63,3.46,3.54,3.63,3.65,3.65,3.78,3.66,3.63,3.61,3.73,3.81,3.79,3.73,3.63,3.66,3.49,3.53,3.59,3.55,3.63,3.72,3.61,3.55,3.61,3.67,3.55,3.57,3.36,3.40,3.46,3.54,3.60,3.63,3.67,3.38,3.24,3.29,3.13,3.31,3.26,3.38,3.46,3.37,3.35,3.41,3.20,3.19,3.18,3.17,3.32,3.32,3.32,3.40,3.38,3.40,3.34,3.28,3.40,3.35,3.60,3.59,3.46,3.43,3.56,3.43,3.56,3.52,3.52,3.59,3.47,3.46,3.46,3.47,3.35,3.46,3.54,3.60,3.69,3.69,3.72,3.71,3.68,3.67,3.57,3.88,3.79,3.74,3.68,3.69,3.56,2.90,2.36,2.29,2.05,1.79,1.79,1.63,1.52,1.55,1.49,1.35,1.23,1.09,1.02,1.06,1.06,1.19,1.20,1.06,1.22,1.09,0.95,0.92,1.04,1.07,0.90,0.84,0.91,0.87,0.91,0.87,1.04,1.04,0.91,0.74,0.45,0.44,0.50,0.61,0.59,0.55,0.50,0.41,0.48,0.25,0.32,0.33,0.29,0.33,0.37,0.51,0.50,0.33,0.15,0.10,0.15,0.13,0.10
3.83,3.72,3.71,3.75,3.78,3.75,3.80,3.67,3.71,3.71,3.62,3.63,3.57,3.61,3.66,3.63,3.66,3.80,3.44,3.34,3.26,3.55,3.65,3.55,3.56,3.55,3.66,3.38,3.52,3.65,3.56,3.57,3.68,3.65,3.60,3.57,3.65,3.65,3.50,3.36,3.49,3.43,3.50,3.47,3.37,3.54,3.50,3.37,3.41,3.28,3.42,3.23,3.41,3.35,3.40,3.42,3.44,3.25,3.22,3.18,3.18,3.23,3.29,3.42,3.32,3.29,3.49,3.48,3.52,3.47,3.36,3.66,3.65,3.49,3.48,3.54,3.46,3.56,3.34,3.50,3.55,3.49,3.40,3.43,3.48,3.46,3.69,3.66,3.42,3.52,3.69,3.79,3.77,3.63,3.63,3.57,3.65,3.65,3.77,3.44,3.22,2.92,2.34,1.75,1.91,1.88,1.69,1.62,1.40,1.40,1.50,1.38,1.24,1.25,1.15,1.06,1.17,1.24,1.17,1.04,0.86,1.18,1.01,0.97,0.97,0.91,0.97,0.87,0.80,0.75,0.71,0.58,0.76,0.86,0.87,0.79,0.66,0.61,0.55,0.59,0.58,0.55,0.54,0.46,0.28,0.49,0.17,0.18,0.23,0.29,0.28,0.23,0.43,0.29,0.19,0.15,0.10,0.09,0.19,0.06
3.87,3.81,3.66,3.63,3.80,3.91,3.94,3.77,3.79,3.80,3.75,3.60,3.63,3.62,3.74,3.73,3.65,3.63,3.55,3.44,3.37,3.53,3.65,3.65,3.65,3.72,3.61,3.23,3.44,3.73,3.61,3.56,3.67,3.72,3.63,3.49,3.52,3.61,3.47,3.34,3.35,3.41,3.54,3.37,3.24,3.40,3.41,3.37,3.34,3.26,3.34,3.01,3.46,3.28,3.22,3.19,3.28,3.25,3.18,3.18,3.29,3.31,3.35,3.49,3.43,3.38,3.60,3.46,3.62,3.59,3.66,3.61,3.74,3.66,3.62,3.55,3.59,3.60,3.61,3.67,3.61,3.43,3.40,3.52,3.57,3.75,3.88,3.75,3.55,3.49,3.55,3.68,3.65,3.49,3.47,3.42,3.53,3.40,3.12,2.71,2.37,2.13,1.79,1.51,1.62,1.66,1.57,1.50,1.29,1.24,1.35,1.27,1.14,1.19,1.11,0.91,1.04,1.15,1.17,1.18,0.91,0.95,1.08,1.12,0.93,0.72,0.81,0.85,0.97,0.80,0.91,0.76,0.77,0.84,0.81,0.72,0.65,0.71,0.59,0.66,0.65,0.54,0.48,0.46,0.49,0.39,0.27,0.39,0.41,0.24,0.10,0.35,0.40,0.48,0.38,0.15,-0.01,0.13,0.10,0.04
4.04,3.87,3.62,3.75,3.90,3.74,3.68,3.92,3.88,3.86,3.77,3.60,3.59,3.60,3.67,3.69,3.74,3.81,3.67,3.63,3.54,3.68,3.59,3.54,3.56,3.41,3.25,3.22,3.38,3.62,3.56,3.54,3.61,3.69,3.66,3.52,3.41,3.49,3.61,3.34,3.20,3.55,3.79,3.67,3.56,3.50,3.24,3.11,2.99,3.30,3.29,3.19,3.62,3.22,3.30,3.24,3.34,3.32,3.31,3.24,3.25,3.41,3.47,3.54,3.61,3.53,3.66,3.57,3.74,3.67,3.73,3.55,3.67,3.73,3.79,3.62,3.65,3.63,3.71,3.77,3.66,3.46,3.46,3.50,3.60,3.84,3.85,3.77,3.65,3.57,3.60,3.52,3.44,3.32,3.23,3.12,2.92,2.64,2.40,1.99,1.72,1.68,1.58,1.53,1.45,1.51,1.52,1.41,1.23,1.15,1.24,1.29,1.25,1.18,1.00,0.88,1.11,1.20,1.06,1.20,1.11,1.02,1.08,1.11,0.98,0.72,0.59,0.71,0.87,0.87,0.81,0.91,0.72,0.66,0.70,0.59,0.55,0.60,0.50,0.63,0.65,0.49,0.35,0.40,0.54,0.45,0.23,0.18,0.29,0.39,0.25,0.37,0.44,0.32,0.24,0.20,0.12,0.09,0.13,0.06
3.97,3.85,3.72,3.79,3.79,3.68,3.57,3.56,3.77,3.88,3.87,3.79,3.67,3.61,3.63,3.72,3.84,3.85,3.71,3.72,3.62,3.63,3.50,3.56,3.79,3.80,3.49,3.36,3.31,3.59,3.62,3.56,3.57,3.67,3.68,3.56,3.44,3.36,3.61,3.26,3.26,3.49,3.66,3.63,3.48,3.35,3.37,3.40,3.10,3.34,3.26,3.31,3.59,3.46,3.50,3.49,3.49,3.41,3.30,3.25,3.22,3.38,3.50,3.57,3.67,3.59,3.72,3.74,3.84,3.66,3.67,3.59,3.72,3.77,3.96,3.81,3.69,3.74,3.73,3.81,3.74,3.77,3.60,3.57,3.61,3.72,3.67,3.61,3.52,3.46,3.47,3.32,3.24,2.90,2.74,2.58,2.13,1.85,1.94,1.58,1.44,1.55,1.57,1.47,1.33,1.45,1.40,1.22,1.15,1.23,1.30,1.30,1.23,1.14,1.00,0.98,1.20,1.33,1.09,0.91,0.98,0.91,0.98,1.15,1.00,0.74,0.69,0.75,0.85,0.84,0.70,0.76,0.64,0.59,0.67,0.53,0.50,0.41,0.46,0.54,0.55,0.43,0.39,0.51,0.53,0.39,0.27,0.24,0.33,0.37,0.27,0.38,0.51,0.29,0.07,0.15,0.18,0.09,0.07,0.02
3.75,3.84,3.96,3.80,3.77,3.87,3.68,3.85,3.86,3.81,3.79,3.85,3.90,3.60,3.73,3.79,3.75,3.72,3.71,3.84,3.59,3.71,3.54,3.56,3.65,3.55,3.53,3.57,3.48,3.62,3.68,3.57,3.62,3.71,3.66,3.56,3.60,3.44,3.61,3.26,3.29,3.52,3.65,3.62,3.53,3.48,3.48,3.46,3.26,3.37,3.52,3.38,3.80,3.60,3.43,3.38,3.43,3.38,3.29,3.19,3.28,3.49,3.68,3.79,3.78,3.71,3.77,3.75,3.75,3.67,3.75,3.69,3.91,3.85,4.02,3.90,3.80,3.85,3.77,3.74,3.85,3.97,3.74,3.66,3.55,3.53,3.44,3.35,3.20,3.17,3.11,2.80,2.66,2.28,2.09,1.92,1.71,1.53,1.52,1.35,1.34,1.47,1.47,1.39,1.30,1.42,1.38,1.31,1.20,1.13,1.25,1.23,0.93,0.87,1.00,0.90,1.02,1.09,1.06,1.12,1.01,0.91,0.96,1.12,1.03,0.56,0.63,0.85,0.71,0.88,0.64,0.65,0.65,0.65,0.75,0.63,0.58,0.34,0.48,0.54,0.64,0.56,0.45,0.76,0.38,0.35,0.22,0.22,0.27,0.23,0.04,0.34,0.46,0.37,0.13,0.08,0.02,0.04,0.01,-0.03
3.84,3.81,3.86,3.69,3.66,3.71,3.79,3.86,3.81,3.57,3.56,3.73,3.73,3.57,3.69,3.72,3.68,3.68,3.74,3.75,3.68,3.68,3.62,3.67,3.65,3.57,3.62,3.71,3.49,3.67,3.63,3.85,3.69,3.67,3.69,3.57,3.61,3.65,3.69,3.30,3.22,3.60,3.75,3.59,3.47,3.47,3.47,3.47,3.36,3.41,3.59,3.43,3.67,3.49,3.59,3.57,3.47,3.60,3.66,3.57,3.56,3.56,3.61,3.77,3.84,3.75,3.79,3.91,3.77,3.78,3.68,3.74,3.91,3.91,3.98,3.72,3.74,3.83,3.78,3.66,3.81,3.78,3.67,3.71,3.57,3.47,3.34,3.20,2.98,2.83,2.70,2.12,1.86,1.84,1.77,1.55,1.46,1.44,1.18,1.25,1.36,1.41,1.34,1.46,1.30,1.30,1.20,1.11,1.08,1.04,1.15,1.25,1.09,1.27,0.97,0.76,1.07,1.12,0.76,1.02,1.03,0.88,0.87,0.95,0.96,0.74,0.61,0.84,0.71,0.93,0.79,0.72,0.70,0.66,0.75,0.72,0.61,0.39,0.41,0.60,0.55,0.43,0.43,0.50,0.24,0.27,0.17,0.09,0.18,0.29,0.14,0.35,0.33,0.29,0.28,0.09,-0.19,0.02,0.09,0.04
4.09,3.81,3.69,3.67,3.68,3.79,3.93,4.00,3.93,3.78,3.74,3.77,3.80,3.91,3.84,3.77,3.77,3.80,3.75,3.65,3.80,3.68,3.75,3.81,3.65,3.52,3.63,3.60,3.74,3.79,3.62,3.87,3.91,3.83,3.65,3.47,3.46,3.71,3.59,3.38,3.32,3.65,3.83,3.62,3.52,3.52,3.49,3.49,3.43,3.42,3.67,3.47,3.52,3.55,3.52,3.63,3.41,3.34,3.52,3.60,3.68,3.81,3.81,3.79,3.81,3.74,3.68,3.73,3.86,3.79,3.62,3.79,3.87,3.98,3.93,3.63,3.62,3.83,3.78,3.73,3.65,3.50,3.43,3.72,3.71,3.48,3.24,2.99,2.71,2.36,2.05,1.77,1.63,1.73,1.74,1.44,1.38,1.49,1.19,1.30,1.41,1.35,1.25,1.17,1.31,1.36,1.19,1.02,1.09,1.19,1.20,1.24,1.03,1.19,0.92,0.92,1.06,1.00,0.93,1.01,1.01,0.93,0.88,0.85,0.76,0.79,0.50,0.76,0.74,0.85,0.90,0.79,0.64,0.60,0.67,0.67,0.48,0.49,0.34,0.49,0.55,0.40,0.33,0.48,0.34,0.22,0.13,0.14,0.25,0.39,0.22,0.37,0.27,0.19,0.30,0.14,-0.23,0.02,0.06,-0.04
3.96,3.85,3.78,3.80,3.87,3.91,3.91,3.92,3.96,3.85,3.73,3.66,3.66,3.63,3.69,3.62,3.75,3.84,3.80,3.72,3.81,3.66,3.73,3.87,3.74,3.57,3.57,3.71,3.79,3.92,3.65,3.75,3.67,3.75,3.69,3.50,3.63,3.91,3.63,3.62,3.61,3.75,3.81,3.73,3.71,3.67,3.59,3.62,3.61,3.63,3.69,3.48,3.74,3.62,3.48,3.63,3.52,3.38,3.49,3.62,3.79,3.98,3.87,3.79,3.87,3.86,3.94,3.90,3.84,3.69,3.84,3.79,3.87,3.92,3.83,3.65,3.71,3.81,3.75,3.42,3.41,3.28,3.13,3.47,3.50,3.14,2.71,2.26,1.97,1.78,1.60,1.66,1.63,1.40,1.55,1.29,1.27,1.33,1.13,1.13,1.22,1.34,1.36,1.25,1.23,1.23,1.18,1.22,1.24,1.12,1.02,1.09,1.07,1.17,0.95,0.96,0.80,0.81,0.88,0.91,0.91,0.90,0.86,0.82,0.77,0.75,0.45,0.75,0.72,0.70,0.77,0.74,0.69,0.76,0.80,0.84,0.50,0.53,0.38,0.29,0.32,0.35,0.43,0.55,0.28,0.28,0.17,0.07,0.27,0.39,0.23,0.37,0.34,0.24,0.33,0.08,-0.24,-0.09,0.04,-0.01
4.03,3.92,3.87,3.91,3.98,3.96,3.91,3.90,3.86,3.78,3.81,3.85,3.79,3.69,3.74,3.74,3.78,3.81,3.75,3.66,3.96,3.54,3.61,3.86,3.86,3.67,3.60,3.60,3.66,3.86,3.85,3.73,3.83,3.92,3.94,3.84,3.65,3.61,3.69,3.75,3.67,3.77,3.86,3.69,3.75,3.74,3.63,3.63,3.72,3.74,3.69,3.49,3.79,3.67,3.61,3.68,3.62,3.68,3.72,3.71,3.86,4.02,4.04,4.16,4.18,3.90,3.78,3.94,4.04,3.87,3.88,3.88,3.94,3.83,3.87,3.78,3.52,3.63,3.66,3.43,3.32,2.99,2.78,2.95,2.80,2.63,2.14,1.66,1.62,1.55,1.46,1.51,1.45,1.23,1.35,1.44,1.44,1.40,1.06,1.30,1.31,1.14,1.15,1.17,1.40,1.28,1.14,1.15,1.17,1.15,1.28,1.38,1.04,1.24,0.92,0.79,0.97,0.80,0.74,0.80,0.84,0.81,0.80,0.82,0.87,0.74,0.59,0.86,0.81,0.70,0.77,0.81,0.79,0.93,0.86,0.90,0.65,0.49,0.41,0.40,0.45,0.49,0.34,0.38,0.23,0.14,0.03,-0.09,0.09,0.29,0.38,0.38,0.24,0.06,0.09,0.18,-0.12,-0.03,0.03,-0.09
3.97,3.88,3.87,3.96,4.00,4.00,3.99,3.92,3.73,3.85,3.92,3.88,3.84,3.85,3.80,3.69,3.78,3.86,3.84,3.84,3.94,3.57,3.67,3.91,3.87,3.77,3.63,3.57,3.62,3.93,3.92,3.88,3.88,3.92,3.93,3.73,3.62,3.91,3.84,3.92,3.68,3.72,3.93,3.69,3.71,3.77,3.69,3.67,3.73,3.77,3.73,3.54,3.66,3.75,3.59,3.67,3.77,3.94,3.96,3.78,3.85,4.04,3.99,3.91,3.91,3.91,4.02,3.94,3.52,3.78,3.78,3.90,3.83,3.97,3.63,3.44,3.68,3.61,3.46,3.10,3.00,2.39,2.03,2.09,2.20,1.95,1.58,1.56,1.66,1.57,1.52,1.46,1.30,1.35,1.38,1.23,1.09,1.39,1.08,1.30,1.29,1.34,1.35,1.27,1.18,1.24,1.18,1.13,1.17,1.14,1.18,1.23,1.01,1.20,0.88,0.84,1.06,0.86,0.72,0.80,0.81,0.72,0.75,0.87,0.82,0.56,0.50,0.86,0.66,0.53,0.55,0.64,0.75,0.69,0.60,0.41,0.41,0.39,0.32,0.29,0.33,0.39,0.19,0.32,0.25,0.07,-0.11,-0.14,0.07,0.27,0.29,0.28,0.25,0.17,-0.12,0.10,-0.19,-0.23,-0.04,-0.02
4.05,3.90,4.04,4.19,3.92,3.74,3.77,3.81,3.78,4.02,4.04,3.87,3.75,3.77,3.67,3.84,3.93,3.93,3.88,4.00,4.25,3.81,3.91,3.85,3.94,3.81,3.73,3.79,3.75,4.09,3.84,3.96,3.92,3.97,3.94,3.75,3.63,3.66,3.77,3.83,3.84,3.83,4.05,3.92,3.81,3.86,3.92,3.87,3.75,3.80,3.75,3.54,3.63,3.77,3.61,3.75,3.77,4.00,4.09,3.93,3.93,4.12,4.17,4.10,4.02,4.03,4.11,3.93,3.78,3.85,3.77,3.92,3.80,3.94,4.02,3.66,3.71,3.38,2.99,2.59,2.46,1.91,1.72,1.67,1.56,1.42,1.41,1.50,1.42,1.28,1.22,1.19,1.24,1.27,1.23,1.04,1.20,1.38,1.01,1.24,1.14,1.14,1.19,1.19,1.18,1.25,1.22,1.15,1.09,0.95,1.09,1.12,0.98,1.24,0.88,1.00,1.11,0.98,0.84,0.85,0.82,0.75,0.77,0.85,0.71,0.75,0.61,0.67,0.61,0.60,0.56,0.54,0.61,0.53,0.58,0.38,0.49,0.53,0.49,0.39,0.34,0.30,0.17,0.39,0.35,0.20,0.06,-0.11,0.25,0.33,0.15,0.32,0.46,0.13,0.09,0.10,0.01,-0.04,0.02,0.02
3.94,3.92,4.02,4.10,3.88,3.86,3.85,3.86,3.92,3.96,4.18,3.93,3.77,3.75,3.73,3.97,4.13,4.00,3.93,3.96,3.90,3.94,4.04,4.09,4.05,3.94,3.91,3.86,3.85,4.13,3.72,3.90,3.88,3.90,3.90,3.92,3.91,3.87,3.96,3.99,3.91,3.98,4.23,3.97,3.97,3.94,3.85,3.79,3.78,3.75,3.67,3.55,3.74,3.74,3.75,3.80,3.75,3.94,4.03,3.99,4.03,4.16,4.24,4.11,3.92,3.96,4.02,3.90,3.94,3.81,3.72,3.92,3.71,3.73,3.46,3.28,2.99,2.53,2.19,2.13,2.09,1.63,1.64,1.63,1.29,1.02,1.14,1.28,1.12,0.92,0.91,1.13,1.13,1.09,1.27,0.95,1.03,1.12,1.23,1.13,1.18,1.12,1.13,1.15,1.04,1.07,1.12,1.08,1.03,0.88,1.12,1.18,1.01,1.15,0.97,1.00,1.15,1.08,0.91,0.82,0.88,0.86,0.87,0.79,1.00,0.53,0.61,0.72,0.71,0.85,0.84,0.50,0.51,0.54,0.69,0.75,0.61,0.56,0.59,0.54,0.43,0.46,0.30,0.38,0.43,0.23,-0.11,0.10,0.09,0.33,0.30,0.32,0.40,0.22,0.20,0.25,0.10,0.02,0.10,0.07
3.92,3.93,4.02,4.07,3.83,3.79,3.83,3.85,3.81,3.99,4.00,3.98,3.94,3.92,3.91,3.97,4.04,3.98,3.90,3.98,4.13,3.85,3.88,3.86,4.00,3.77,3.56,3.55,3.75,4.07,3.68,3.81,3.87,3.87,3.93,4.02,4.02,4.02,4.00,3.91,3.93,4.12,4.18,4.07,4.04,3.97,3.75,3.62,3.65,3.67,3.71,3.71,3.88,3.75,3.72,3.75,3.80,3.87,3.92,3.97,4.07,4.13,4.16,3.96,3.80,3.90,3.88,3.80,3.86,3.81,3.60,3.54,3.17,3.16,2.87,2.60,2.39,1.97,1.86,1.79,1.77,1.45,1.35,1.30,1.12,1.03,1.07,1.12,1.14,1.07,0.97,1.12,0.97,1.06,1.18,1.07,0.91,1.11,1.11,1.00,1.02,0.90,0.93,1.01,0.98,1.00,1.07,1.02,0.95,0.93,1.14,1.19,1.01,0.95,1.02,0.88,0.97,0.95,0.88,0.82,0.74,0.86,1.11,0.65,0.75,0.63,0.81,0.77,0.79,0.70,0.55,0.60,0.49,0.55,0.63,0.76,0.60,0.44,0.44,0.49,0.32,0.54,0.39,0.33,0.30,0.28,0.19,0.12,0.27,0.28,0.14,0.13,0.32,0.24,0.24,0.34,0.18,-0.02,0.17,0.19
3.92,3.92,4.00,4.05,3.78,3.78,3.86,3.88,3.86,4.03,4.20,4.12,3.94,3.96,4.04,3.92,3.84,3.87,3.86,3.94,3.97,3.87,4.00,3.88,4.06,3.78,3.73,3.83,3.93,4.07,3.63,3.80,4.04,4.07,3.97,3.98,4.04,4.03,3.99,3.94,3.93,4.17,3.96,4.05,4.03,3.96,3.81,3.81,3.87,3.92,3.96,3.75,3.79,3.62,3.59,3.84,3.80,3.91,3.92,3.99,4.10,4.10,4.06,3.92,3.83,3.85,3.79,3.78,3.83,3.80,3.26,2.86,2.39,2.58,2.33,2.07,2.02,1.72,1.67,1.58,1.36,1.24,1.13,1.15,1.07,0.97,1.03,1.06,1.08,0.97,0.88,1.00,0.93,0.95,0.90,0.95,0.90,0.96,0.90,0.91,0.98,0.88,0.82,0.87,0.93,1.00,1.06,1.03,0.79,0.91,1.00,1.07,0.86,0.93,0.98,0.95,1.01,0.92,0.93,0.97,0.64,0.56,0.92,0.87,0.84,0.71,0.50,0.61,0.80,0.71,0.45,0.69,0.53,0.38,0.48,0.53,0.49,0.38,0.33,0.43,0.27,0.41,0.24,0.15,0.19,0.24,0.09,0.10,0.27,0.28,0.15,0.07,0.23,0.14,0.27,0.30,0.24,0.15,0.37,0.01
3.86,3.90,3.99,4.03,3.83,3.84,3.90,3.88,3.85,3.81,3.80,3.81,3.98,4.16,4.12,3.97,3.88,3.81,3.81,3.85,3.91,3.92,4.03,3.75,3.84,3.75,3.73,3.85,3.97,3.90,3.86,3.97,4.04,4.04,3.86,3.98,4.07,4.02,4.03,4.11,3.97,4.04,4.03,4.17,4.07,3.97,3.98,4.06,3.92,3.72,3.73,3.78,3.72,3.75,3.61,3.74,3.87,3.88,4.02,4.09,4.13,4.02,3.99,4.00,3.94,3.81,3.72,3.73,3.55,3.32,2.68,2.26,1.85,2.23,1.92,1.78,1.78,1.62,1.53,1.49,1.33,1.28,1.12,1.11,1.07,0.95,0.98,1.04,0.91,0.72,0.72,0.85,0.95,0.82,0.75,0.71,0.97,0.77,0.82,0.90,1.02,1.02,0.91,0.81,0.81,0.88,0.97,1.02,0.71,0.81,0.71,0.91,0.75,0.84,0.88,0.88,0.84,0.80,0.84,0.80,0.59,0.45,0.67,0.70,0.61,0.64,0.48,0.46,0.67,0.72,0.50,0.61,0.55,0.25,0.40,0.46,0.48,0.48,0.44,0.34,0.18,0.48,0.40,0.35,0.41,0.43,0.04,-0.01,0.08,0.14,0.15,0.22,0.29,0.08,0.27,0.19,0.04,0.04,0.30,0.06
3.93,3.92,4.00,4.06,3.90,3.93,3.92,3.91,4.03,4.19,3.73,3.78,3.91,3.93,3.88,3.88,3.99,3.93,3.73,3.86,3.99,3.97,4.00,3.81,3.80,3.81,3.75,3.81,3.86,3.72,3.63,3.93,3.88,3.81,3.92,4.07,4.07,4.00,4.12,4.26,4.02,4.00,4.24,4.19,4.15,4.09,4.17,4.18,3.98,3.87,3.88,3.80,4.00,3.86,3.65,3.88,3.87,3.78,4.11,4.03,3.90,3.84,3.87,4.06,4.07,3.80,3.56,3.30,2.83,2.52,2.17,1.96,1.80,2.03,1.77,1.75,1.58,1.45,1.46,1.36,1.39,1.38,1.12,1.07,1.11,0.92,0.86,0.97,0.86,0.59,0.71,0.74,0.97,0.82,0.79,0.69,1.04,0.77,0.86,0.92,0.97,0.92,0.86,0.81,0.74,0.79,0.91,0.86,0.86,0.76,0.82,0.88,0.81,0.88,0.88,0.51,0.59,0.82,0.87,0.87,0.71,0.72,0.50,0.59,0.65,0.59,0.49,0.49,0.56,0.63,0.49,0.45,0.46,0.34,0.48,0.45,0.46,0.58,0.59,0.56,0.22,0.41,0.33,0.24,0.30,0.38,0.09,-0.02,-0.01,0.03,0.10,0.38,0.51,0.27,0.22,0.10,0.03,0.30,0.34,0.12
3.80,3.78,3.98,4.04,3.80,4.02,4.03,4.03,4.12,4.12,3.79,3.87,3.90,3.92,3.97,3.99,3.88,3.99,3.86,3.87,3.92,3.96,4.00,3.96,3.85,3.67,3.73,3.80,3.78,3.75,3.85,4.04,4.10,4.13,4.15,4.04,4.00,4.00,4.18,4.30,4.09,4.11,4.36,4.16,4.24,4.25,4.23,4.07,3.88,3.83,3.79,3.78,3.87,3.78,3.75,3.83,3.77,3.99,3.88,3.94,3.92,3.93,3.78,3.63,3.53,3.35,2.96,2.46,2.22,2.26,2.03,1.77,1.85,1.78,1.83,1.84,1.50,1.22,1.39,1.23,1.28,1.30,1.08,1.09,1.12,0.91,0.79,0.85,0.85,0.65,0.79,0.75,1.00,0.92,0.76,0.80,0.97,0.90,0.90,1.03,1.02,0.81,0.74,0.88,0.90,0.77,0.86,0.81,0.72,0.82,0.77,0.82,0.86,0.75,0.76,0.60,0.58,0.74,0.76,0.87,0.85,0.72,0.59,0.65,0.72,0.60,0.46,0.53,0.64,0.55,0.53,0.45,0.37,0.28,0.35,0.35,0.45,0.59,0.46,0.55,0.24,0.48,0.46,0.29,0.15,0.23,0.12,0.10,0.13,0.13,0.19,0.40,0.46,0.34,0.22,0.06,-0.03,0.28,0.27,0.10
4.06,3.97,3.96,3.85,3.73,4.13,4.31,4.18,3.98,3.86,3.86,3.84,3.90,4.06,4.09,4.04,4.10,4.02,3.81,3.78,3.83,3.90,4.00,4.03,3.92,3.68,3.80,3.85,3.92,3.99,4.07,4.25,4.23,4.16,4.22,4.06,4.16,4.31,4.28,4.18,4.22,4.13,4.34,4.16,4.30,4.28,4.19,3.99,3.91,3.91,3.80,3.83,3.96,3.87,3.56,3.94,3.80,3.99,3.87,3.54,3.57,3.83,3.91,3.62,3.23,2.77,2.36,2.17,2.07,1.95,1.83,1.56,1.71,1.58,1.83,1.85,1.45,1.17,1.25,1.31,1.27,1.19,1.15,1.07,0.98,1.00,0.95,0.77,0.72,0.79,0.84,0.91,0.90,1.09,0.80,0.75,0.86,0.96,0.81,0.93,0.90,0.86,0.77,0.66,0.63,0.69,0.95,0.86,0.67,0.85,0.93,0.95,0.81,0.67,0.63,0.60,0.64,0.72,0.71,0.87,0.87,0.76,0.71,0.79,0.72,0.56,0.50,0.60,0.69,0.64,0.70,0.65,0.59,0.32,0.46,0.49,0.37,0.58,0.48,0.51,0.43,0.59,0.60,0.39,0.13,0.17,0.14,0.18,0.20,0.15,0.12,0.48,0.29,0.29,0.19,0.02,-0.03,0.23,0.19,0.20
4.11,4.05,4.09,4.06,4.02,4.09,4.05,4.06,4.09,4.09,3.98,3.80,4.03,4.16,4.12,4.10,4.13,3.99,4.00,3.94,3.84,3.90,4.09,4.12,4.11,4.04,3.96,3.96,4.09,4.12,4.13,4.35,4.23,4.06,4.11,4.13,4.22,4.19,4.10,4.09,4.06,3.96,4.15,4.12,4.43,4.16,4.20,4.05,4.06,4.04,3.87,3.84,3.94,3.81,3.65,3.83,3.75,3.75,3.84,3.54,3.40,3.54,3.38,3.06,2.77,2.51,2.22,1.89,1.73,1.71,1.67,1.27,1.42,1.49,1.46,1.45,1.34,1.23,1.23,1.31,1.08,1.06,1.13,0.98,0.81,0.92,1.02,0.82,0.75,0.80,0.92,0.66,1.11,1.00,0.64,0.85,1.08,1.12,0.96,0.88,0.92,0.86,0.75,0.72,0.65,0.64,0.88,0.79,0.56,0.76,0.69,0.85,0.81,0.66,0.55,0.53,0.60,0.69,0.72,0.87,0.80,0.95,0.70,0.79,0.81,0.50,0.34,0.53,0.61,0.53,0.41,0.90,0.53,0.50,0.46,0.45,0.51,0.53,0.33,0.50,0.39,0.51,0.56,0.39,0.12,0.15,0.22,0.29,0.29,0.22,0.09,0.43,0.39,0.35,0.29,0.15,0.03,0.13,0.12,0.23
4.13,4.17,4.19,4.17,4.15,4.22,4.23,4.07,4.18,4.26,4.19,4.06,4.23,4.17,4.12,4.17,4.13,3.96,4.03,4.04,4.05,4.22,4.37,4.31,4.10,3.88,4.05,4.09,4.19,4.12,4.18,4.43,4.29,4.17,4.17,4.09,4.23,4.41,4.39,4.37,4.35,4.19,4.31,4.48,4.61,4.19,4.22,4.10,4.10,4.07,3.92,3.83,3.85,3.75,3.73,3.69,3.53,3.57,3.68,3.17,2.98,2.92,2.74,2.53,2.25,2.05,1.79,1.52,1.51,1.47,1.47,1.12,1.39,1.36,1.41,1.38,1.13,1.03,1.11,1.15,1.17,1.00,0.93,1.02,0.92,1.00,1.18,0.92,0.76,0.65,0.79,0.67,0.71,0.85,0.66,0.67,0.86,0.75,0.85,0.92,0.88,0.92,0.90,0.80,0.80,0.81,0.95,0.67,0.67,0.77,0.61,0.81,0.86,0.74,0.64,0.61,0.65,0.71,0.72,0.75,0.80,0.84,0.58,0.59,0.67,0.64,0.61,0.70,0.63,0.44,0.77,0.80,0.59,0.60,0.66,0.59,0.55,0.49,0.33,0.54,0.33,0.34,0.43,0.35,0.23,0.37,0.30,0.18,0.12,0.10,0.13,0.55,0.46,0.39,0.28,0.14,0.03,0.12,0.13,0.19
