6.75,6.88,6.98,6.88,6.82,6.75,6.96,7.24,7.22,6.97,7.17,7.26,7.41,7.41,6.99,7.39,7.48,7.61,7.66,7.65,7.63,7.94,8.30,8.23,8.32,8.24,8.27,8.45,8.58,8.66,8.74,8.66,8.49,8.37,8.40,8.74,8.99,8.76,8.58,8.56,8.52,8.49,8.62,8.63,8.64,8.63,8.72,8.96,8.82,8.77,8.82,8.51,8.43,8.69,8.71,8.64,8.54,8.57,8.56,8.45,8.30,8.27,8.33,8.39,8.32,8.54,8.57,8.43,8.47,8.65,8.56,8.93,8.52,8.13,7.41,6.52,6.22,6.36,6.29,6.01,5.93,5.82,5.66,5.80,5.67,5.74,5.39,5.36,5.51,5.56,5.79,6.75,7.61,8.29,8.72,8.74,8.67,8.60,8.52,8.29,8.24,8.67,8.36,8.41,8.58,8.37,8.38,8.48,8.54,8.43,8.32,8.33,8.37,8.27,8.10,8.30,8.24,8.14,8.12,8.24,8.37,8.30,8.33,8.59,8.65,8.92,8.73,8.62,8.56,8.90,8.83,8.69,8.84,8.51,8.47,8.27,8.28,8.30,8.00,7.78,7.93,8.16,8.07,8.03,7.99,7.64,7.02,6.45,6.09,5.66,5.75,5.97,6.09,6.31,6.97,6.69,6.77,6.43,5.64,5.82
7.32,7.53,7.60,7.56,7.40,7.42,7.62,7.88,7.95,7.81,7.85,7.81,7.77,7.88,8.12,8.23,8.24,8.29,8.27,8.14,8.20,8.49,8.60,8.75,8.85,8.77,8.71,8.87,8.95,9.36,9.39,8.91,9.04,9.08,9.11,9.34,9.51,9.28,9.17,8.92,8.75,8.62,8.54,8.49,8.45,8.43,8.49,8.66,8.75,8.56,8.75,8.51,8.34,8.62,8.59,8.62,8.47,8.55,8.64,8.57,8.56,8.45,8.51,8.64,8.66,8.59,8.30,8.43,8.54,8.50,8.66,8.76,8.69,8.22,7.26,6.29,5.87,5.74,5.46,5.36,5.42,5.24,5.26,5.51,5.29,5.45,5.43,5.44,5.37,5.40,5.57,6.46,7.55,8.47,8.78,8.59,8.43,8.42,8.36,8.16,8.21,8.49,8.34,8.46,8.58,8.23,8.30,8.50,8.62,8.51,8.34,8.29,8.27,8.19,8.29,8.12,8.16,8.11,8.07,8.31,8.28,8.16,8.25,8.49,8.65,8.85,8.69,8.62,8.57,8.86,8.83,8.83,8.80,8.50,8.64,8.51,8.49,8.30,8.21,8.22,8.21,8.10,8.06,8.07,8.05,7.71,7.14,6.54,6.01,5.67,5.75,6.03,6.30,6.38,6.55,6.53,6.94,6.62,5.82,5.65
7.90,7.96,7.95,8.20,8.03,8.04,8.32,8.57,8.21,8.56,8.39,8.34,8.50,8.68,8.67,8.76,8.77,8.84,8.90,8.82,8.80,9.08,9.03,9.14,9.21,9.33,9.49,9.61,9.67,9.80,9.91,9.81,9.77,9.68,9.63,9.79,9.95,9.87,9.79,9.27,8.92,8.72,8.48,8.38,8.38,8.38,8.45,8.51,8.41,8.20,8.66,8.42,8.42,8.47,8.59,8.52,8.47,8.49,8.55,8.62,8.54,8.37,8.58,8.73,8.32,8.56,8.56,8.30,8.43,8.17,8.59,8.62,8.32,7.95,6.89,6.03,5.95,5.81,5.33,5.24,5.56,5.32,5.35,5.59,5.08,5.42,4.78,5.09,5.33,5.45,5.78,6.52,7.47,8.37,8.46,8.31,8.39,8.31,8.25,8.29,8.13,8.30,8.49,8.51,8.62,8.03,8.29,8.40,8.49,8.42,8.31,8.28,8.19,8.15,8.17,8.00,8.14,8.31,8.16,8.12,8.25,8.39,8.45,8.46,8.45,8.59,8.58,8.71,8.77,8.88,8.92,8.85,8.65,8.47,8.67,8.32,8.22,8.36,8.24,8.10,8.00,7.89,7.89,7.83,7.87,7.56,7.01,6.47,6.02,5.63,5.71,5.94,6.13,6.26,6.55,6.59,7.04,6.62,5.82,5.46
8.36,8.31,8.15,8.57,8.72,8.62,8.60,8.97,9.08,9.11,9.13,9.15,9.21,9.30,9.33,9.37,9.28,9.22,9.33,9.54,9.25,9.58,9.73,9.72,9.62,9.87,10.31,10.23,10.41,10.18,10.22,10.10,10.02,10.00,10.01,10.06,10.06,10.08,10.08,9.38,8.78,8.65,8.43,8.29,8.30,8.36,8.47,8.74,8.50,8.52,8.32,8.52,8.67,8.41,8.56,8.54,8.46,8.42,8.34,8.36,8.41,8.41,8.50,8.48,8.32,8.28,8.48,8.27,8.41,8.40,8.64,8.76,8.45,7.87,6.86,6.07,5.93,5.66,5.18,5.26,5.38,5.19,5.32,5.37,5.22,5.54,5.09,5.18,5.24,5.56,5.68,6.56,7.63,8.22,8.47,8.60,8.65,8.47,8.29,8.45,8.30,8.41,8.17,8.60,8.60,8.13,8.38,8.40,8.38,8.32,8.33,8.30,8.25,8.22,8.04,8.06,8.16,8.27,8.23,8.27,8.34,8.33,8.39,8.46,8.48,8.62,8.77,8.66,8.77,8.88,8.91,8.73,8.46,8.38,8.55,8.16,8.22,8.29,8.25,8.21,8.13,8.05,8.11,7.81,7.80,7.33,6.75,6.35,6.02,5.70,5.68,5.91,6.21,6.48,6.62,6.73,6.91,6.45,5.88,5.53
8.64,8.94,8.72,8.88,9.01,9.12,9.34,9.76,9.53,9.48,9.71,9.89,9.78,9.54,9.57,9.63,9.62,9.48,9.37,9.61,9.44,9.41,9.54,9.78,9.63,9.41,9.80,10.03,10.16,10.31,10.26,10.10,10.06,10.08,10.02,10.02,10.01,10.01,9.96,9.21,8.60,8.48,8.39,8.25,8.27,8.34,8.39,8.56,8.43,8.69,8.30,8.42,8.39,8.36,8.49,8.45,8.28,8.25,8.40,8.51,8.43,8.31,8.17,8.56,8.39,8.27,8.50,8.33,8.39,8.41,8.56,8.81,8.60,8.06,7.07,6.10,5.84,5.67,5.35,5.33,5.22,5.28,5.39,5.45,5.42,5.38,5.49,5.18,5.32,5.59,5.80,6.44,7.28,8.16,8.49,8.54,8.55,8.39,8.24,8.24,8.32,8.22,8.38,8.45,8.74,8.31,8.20,8.37,8.40,8.43,8.34,8.25,8.32,8.32,8.15,8.04,8.22,8.12,8.30,8.27,8.21,8.10,8.28,8.39,8.22,8.30,8.24,8.66,8.45,8.67,8.80,8.65,8.42,8.39,8.46,8.36,8.33,8.19,8.21,8.15,7.93,7.82,7.95,7.69,7.97,7.36,6.69,6.29,6.15,5.79,5.75,5.97,6.28,6.55,6.77,6.82,6.79,6.45,6.04,5.72
9.25,9.62,9.40,9.40,9.61,9.77,9.78,10.03,9.98,9.98,10.05,10.10,9.91,9.53,9.31,9.31,9.41,9.43,9.34,9.47,9.08,9.19,9.06,9.18,9.20,9.03,9.44,9.82,10.02,10.20,10.20,10.01,9.91,9.92,9.78,9.65,9.89,9.88,9.62,9.04,8.69,8.41,8.37,8.34,8.17,8.15,8.07,8.51,8.33,8.55,8.46,8.43,8.20,8.17,8.37,8.36,8.23,8.34,8.51,8.56,8.38,8.28,8.17,8.41,8.42,8.36,8.55,8.39,8.30,8.29,8.51,8.81,8.62,8.12,7.13,6.08,5.81,5.74,5.37,5.39,5.26,5.28,5.37,5.38,5.57,5.26,5.53,5.08,5.38,5.72,5.77,6.46,7.42,8.22,8.41,8.45,8.57,8.43,8.14,8.12,8.32,8.07,8.06,8.33,8.37,8.06,8.15,8.03,8.10,8.40,8.27,8.07,8.16,8.33,8.27,8.02,8.28,8.16,8.28,8.22,8.13,8.15,8.36,8.31,8.33,8.72,8.75,8.67,8.91,8.75,8.81,8.71,8.58,8.50,8.50,8.56,8.42,8.14,8.16,8.04,7.93,7.98,8.02,7.78,8.05,7.36,6.71,6.58,6.56,5.75,5.99,6.11,6.29,6.55,6.83,6.88,6.94,6.63,6.10,5.71
9.83,9.98,9.58,9.51,9.75,9.95,9.82,10.14,10.02,10.10,10.06,9.80,9.57,9.12,8.94,8.99,9.02,8.99,9.08,8.65,7.96,8.05,8.05,8.16,8.34,8.41,9.14,9.72,9.69,9.98,10.02,9.83,9.68,9.63,9.60,9.34,9.61,9.47,9.44,8.85,8.54,8.38,8.14,7.96,7.98,8.13,8.00,8.42,8.30,8.40,8.34,8.45,8.30,8.23,8.29,8.24,8.21,8.36,8.46,8.42,8.28,8.17,8.29,8.36,8.36,8.33,8.58,8.43,8.32,8.32,8.48,8.78,8.62,8.04,7.05,6.09,5.85,5.74,5.32,5.32,5.25,5.17,5.21,5.31,5.66,5.30,5.37,5.11,5.31,5.71,5.64,6.16,7.26,8.14,8.39,8.43,8.54,8.39,8.13,8.16,8.12,8.11,8.02,8.10,8.13,8.13,8.27,8.32,8.34,8.17,8.20,8.17,8.12,8.14,8.13,8.15,8.34,8.28,8.21,8.17,8.15,8.24,8.34,8.31,8.47,8.81,8.67,8.60,8.56,8.78,8.73,8.63,8.40,8.43,8.58,8.50,8.45,8.13,8.10,8.03,8.07,8.19,8.17,7.83,8.02,7.54,6.99,6.69,6.45,6.07,6.20,6.32,6.39,6.55,6.78,6.88,6.97,6.73,6.20,5.94
9.89,9.97,9.76,9.57,9.59,9.72,9.53,10.03,9.99,9.96,9.80,9.32,9.22,8.14,7.91,7.90,8.05,8.25,8.28,8.17,7.22,7.14,7.32,7.37,7.52,8.06,9.10,9.47,9.33,9.69,9.73,9.51,9.42,9.50,9.44,9.58,9.46,9.41,9.24,8.96,8.64,8.42,8.19,7.98,8.13,8.30,8.08,8.42,8.32,8.22,8.25,8.33,8.30,8.33,8.31,8.16,8.17,8.34,8.31,8.22,8.21,8.11,8.15,8.43,8.36,8.32,8.64,8.49,8.49,8.41,8.39,8.71,8.63,7.98,6.93,6.11,5.88,5.67,5.39,5.18,5.15,5.15,5.11,5.42,5.60,5.38,5.24,5.23,5.38,5.63,5.56,6.03,7.15,8.05,8.29,8.38,8.47,8.32,8.17,8.17,8.04,8.15,8.07,8.07,8.00,8.06,8.21,8.23,8.13,8.30,8.28,8.11,8.14,8.15,8.10,8.24,8.36,8.08,8.20,8.10,8.20,8.19,8.28,8.37,8.58,8.76,8.68,8.72,8.67,8.75,8.77,8.63,8.51,8.48,8.43,8.41,8.34,8.10,8.04,8.13,8.13,8.15,8.05,7.79,8.03,7.69,7.45,7.32,7.12,6.81,6.83,6.63,6.59,6.69,6.84,6.96,7.02,6.93,6.46,6.37
10.20,9.91,9.57,9.25,9.12,9.20,9.12,9.78,9.99,9.97,9.70,9.03,8.48,7.90,7.61,7.44,7.36,7.48,7.49,7.90,6.93,6.69,6.82,6.74,6.84,7.86,8.93,9.17,9.24,9.44,9.40,9.20,9.15,9.15,9.12,9.15,9.47,9.03,9.11,9.08,8.78,8.43,8.11,7.93,8.07,8.29,8.05,8.57,8.33,8.36,8.24,8.25,8.22,8.39,8.38,8.20,8.28,8.41,8.23,8.11,8.12,8.23,8.02,8.39,8.36,8.40,8.63,8.41,8.42,8.29,8.31,8.64,8.47,7.87,6.85,5.99,5.84,5.59,5.30,5.28,5.21,5.18,5.17,5.22,5.38,5.33,5.21,5.24,5.56,5.61,5.52,6.15,7.22,8.02,8.25,8.34,8.38,8.31,8.23,8.23,8.20,8.22,8.19,8.07,8.04,7.98,8.15,8.32,8.23,8.20,8.23,8.23,8.25,8.28,8.15,8.03,8.08,7.85,8.08,8.06,8.21,8.13,8.30,8.45,8.59,8.75,8.76,8.69,8.69,8.71,8.86,8.75,8.62,8.56,8.52,8.42,8.16,8.04,8.20,8.22,8.15,8.03,7.91,7.87,8.14,7.89,7.72,7.57,7.44,7.31,7.33,6.99,7.12,7.18,7.25,7.41,7.40,7.33,6.85,6.84
10.09,9.86,9.24,8.71,8.52,8.73,8.76,9.58,9.65,9.44,9.37,8.83,8.13,7.45,7.08,6.96,6.99,7.23,7.14,7.54,6.78,6.43,6.48,6.30,6.41,7.46,8.32,9.02,9.19,9.30,9.32,9.12,8.93,8.97,8.80,9.04,9.03,9.05,9.12,9.06,8.74,8.42,8.25,8.04,7.99,8.23,8.08,8.59,8.24,8.46,8.25,8.21,8.19,8.38,8.39,8.31,8.47,8.39,8.29,8.19,8.16,8.38,8.34,8.31,7.98,8.50,8.48,8.33,8.40,8.41,8.38,8.52,8.43,8.00,7.04,5.97,5.78,5.78,5.46,5.39,5.46,5.37,5.12,5.15,5.30,5.29,5.10,5.30,5.39,5.54,5.44,5.87,7.05,7.95,8.48,8.43,8.36,8.37,8.25,8.28,8.24,8.20,8.27,8.16,8.15,8.06,8.15,8.24,8.31,8.20,8.29,8.25,8.20,8.27,8.32,8.37,8.41,8.14,8.39,8.28,8.42,8.20,8.52,8.49,8.57,8.77,8.75,8.67,8.64,8.81,8.88,8.77,8.71,8.68,8.50,8.20,8.06,8.27,8.19,8.23,8.21,8.20,8.12,8.06,8.23,8.10,7.98,7.93,7.77,7.63,7.76,7.82,7.74,7.54,7.65,7.97,7.88,7.73,7.26,7.38
9.95,9.70,9.04,8.32,8.19,8.82,8.75,9.28,9.41,9.24,9.21,8.52,7.99,7.09,6.83,6.89,6.84,6.97,6.92,7.30,6.66,6.22,6.33,6.25,6.41,7.16,8.51,8.74,8.75,9.00,9.19,9.18,9.13,9.04,9.05,9.01,8.95,9.03,9.06,8.91,8.63,8.45,8.39,8.23,8.05,8.29,8.22,8.46,8.19,8.32,8.21,8.13,8.14,8.28,8.33,8.25,8.33,8.30,8.39,8.28,8.49,8.40,8.46,8.39,8.16,8.46,8.31,8.27,8.56,8.45,8.48,8.63,8.63,8.07,6.85,5.91,5.81,5.79,5.44,5.30,5.47,5.35,5.05,5.24,5.58,5.44,4.99,5.22,5.64,5.74,5.47,5.99,7.13,8.05,8.63,8.62,8.46,8.38,8.28,8.17,8.11,8.19,8.36,8.31,8.29,8.17,8.24,8.16,8.37,8.25,8.20,8.32,8.33,8.40,8.38,8.32,8.50,8.47,8.29,8.30,8.38,8.50,8.63,8.60,8.59,8.65,8.68,8.67,8.63,8.93,8.95,8.82,8.74,8.60,8.49,8.33,8.08,8.17,8.16,7.98,8.07,8.14,8.14,8.16,8.29,8.25,8.31,8.25,7.99,7.86,8.10,8.34,8.16,7.93,8.03,8.17,7.98,8.02,7.83,7.98
10.00,9.59,8.93,8.34,8.07,8.67,8.62,9.03,9.29,9.15,9.04,8.32,7.78,7.04,6.85,7.08,6.92,6.82,6.86,7.34,6.82,6.32,6.51,6.20,6.44,6.99,8.16,8.76,8.77,8.90,9.10,9.05,9.02,8.94,9.06,8.86,8.76,8.73,8.87,8.83,8.54,8.38,8.36,8.17,8.05,8.37,8.22,8.36,8.28,8.34,8.23,8.27,8.31,8.38,8.42,8.34,8.42,8.54,8.54,8.47,8.52,8.56,8.60,8.67,8.55,8.39,8.46,8.43,8.59,8.49,8.48,8.65,8.66,8.23,7.08,5.95,5.75,5.68,5.43,5.37,5.42,5.12,5.33,5.50,5.45,5.59,5.43,5.51,5.38,5.66,5.32,6.09,7.14,8.25,8.55,8.59,8.46,8.30,8.17,8.10,8.23,8.32,8.40,8.33,8.34,8.21,8.39,8.21,8.39,8.33,8.15,8.38,8.31,8.29,8.28,8.32,8.52,8.49,8.33,8.28,8.14,8.23,8.39,8.54,8.55,8.51,8.49,8.59,8.73,8.93,8.95,8.81,8.58,8.41,8.47,8.39,8.17,8.16,8.27,8.03,8.28,8.30,8.33,8.37,8.34,8.45,8.51,8.38,8.12,8.06,8.32,8.63,8.33,8.15,8.28,8.40,8.43,8.41,8.22,8.23
9.91,9.59,8.94,8.27,7.77,8.37,8.81,9.34,9.53,9.22,9.17,8.49,7.86,7.22,7.01,7.21,7.01,7.12,7.22,7.39,7.02,6.60,6.66,6.21,6.45,7.38,8.39,8.60,8.65,8.84,9.03,9.03,8.91,8.87,8.90,8.80,8.72,8.67,8.80,8.87,8.60,8.32,8.28,8.11,7.96,8.21,8.19,8.49,8.29,8.32,8.27,8.30,8.28,8.30,8.34,8.14,8.12,8.21,8.36,8.38,8.43,8.50,8.37,8.64,8.46,8.52,8.57,8.40,8.55,8.41,8.50,8.67,8.57,8.11,6.94,5.75,5.59,5.68,5.44,5.45,5.46,5.02,5.36,5.42,5.65,5.73,5.79,5.75,5.58,5.78,5.78,6.48,7.46,8.10,8.24,8.42,8.57,8.50,8.27,8.21,8.27,8.07,8.14,8.14,8.27,8.24,8.48,8.29,8.27,8.33,8.24,8.36,8.13,8.17,8.25,8.27,8.40,8.42,8.38,8.41,8.21,8.29,8.38,8.29,8.36,8.51,8.72,8.83,8.83,8.83,8.85,8.77,8.54,8.45,8.48,8.39,8.28,8.37,8.33,8.15,8.15,8.25,8.30,8.33,8.40,8.38,8.75,8.54,8.28,8.24,8.41,8.57,8.32,8.23,8.30,8.38,8.39,8.37,8.31,8.55
9.78,9.70,9.12,8.17,7.95,8.51,8.71,9.21,9.54,9.17,9.11,8.64,8.05,7.53,7.28,7.32,6.96,7.22,7.24,7.55,7.39,6.81,6.69,6.08,6.53,7.39,8.45,8.87,8.93,8.96,9.03,9.09,9.02,8.83,8.87,8.75,8.78,8.83,8.88,8.90,8.75,8.45,8.27,8.41,8.22,8.41,8.37,8.47,8.42,8.48,8.46,8.28,8.17,8.37,8.66,8.66,8.49,8.41,8.69,8.51,8.48,8.45,8.46,8.33,8.56,8.41,8.38,8.51,8.41,8.43,8.58,8.64,8.58,8.14,7.10,6.14,5.97,6.03,5.68,5.64,5.75,5.65,5.92,5.86,6.20,6.33,6.33,6.25,6.38,6.53,6.67,7.10,7.60,8.06,8.12,8.39,8.50,8.47,8.33,8.02,7.94,8.13,8.27,8.17,8.23,8.21,8.39,8.33,8.14,8.27,8.23,8.22,8.13,8.16,8.20,8.23,8.30,8.38,8.38,8.41,8.42,8.19,8.11,8.36,8.40,8.54,8.78,8.91,8.76,8.72,8.99,8.92,8.75,8.64,8.50,8.33,8.34,8.40,8.23,8.27,8.11,8.11,8.02,8.15,8.40,8.40,8.42,8.49,8.43,8.37,8.36,8.33,8.29,8.28,8.31,8.34,8.37,8.36,8.50,8.57
9.60,9.59,9.39,8.71,8.04,8.36,8.64,9.06,9.41,9.05,9.05,8.78,8.29,7.90,7.76,7.74,7.38,7.08,7.12,7.38,7.31,6.82,6.78,6.04,6.41,7.32,8.36,8.92,8.92,8.77,8.86,8.99,9.00,8.81,8.96,8.76,8.71,8.77,8.87,8.86,8.68,8.48,8.22,8.34,8.33,8.39,8.42,8.50,8.82,8.68,8.47,8.41,8.34,8.45,8.72,8.62,8.38,8.59,8.77,8.59,8.52,8.71,8.45,8.59,8.58,8.54,8.48,8.52,8.52,8.63,8.65,8.62,8.68,8.50,7.86,7.14,6.85,6.76,6.66,6.56,6.89,6.73,6.97,6.94,7.33,7.45,7.20,7.29,7.39,7.50,7.57,7.89,8.07,8.22,8.33,8.27,8.12,8.16,8.17,8.16,8.22,8.11,8.11,8.21,8.07,8.17,8.20,8.32,8.38,8.27,8.15,8.10,8.28,8.13,8.14,8.24,8.24,8.31,8.34,8.33,8.19,8.23,8.43,8.47,8.58,8.76,8.84,8.78,8.73,8.75,8.82,8.86,8.69,8.72,8.46,8.31,8.31,8.27,8.19,8.16,8.13,8.10,7.97,8.12,8.33,8.38,8.37,8.29,8.27,8.38,8.42,8.34,8.23,8.43,8.39,8.38,8.42,8.42,8.55,8.63
9.48,9.39,9.18,8.81,8.16,8.20,8.54,9.00,9.34,9.10,9.17,9.17,8.85,8.50,8.25,7.85,7.78,7.41,7.41,7.56,7.49,7.18,7.07,6.36,6.60,7.47,8.39,8.83,8.77,8.62,8.80,8.88,8.85,8.77,9.02,8.87,8.52,8.60,8.84,8.76,8.56,8.45,8.39,8.41,8.25,8.27,8.42,8.64,8.78,8.72,8.65,8.63,8.51,8.49,8.63,8.62,8.51,8.59,8.69,8.64,8.51,8.60,8.49,8.55,8.56,8.43,8.46,8.56,8.58,8.64,8.63,8.60,8.67,8.60,8.27,7.87,7.55,7.46,7.56,7.50,7.68,7.50,7.66,7.48,7.91,7.91,7.60,7.86,8.04,8.38,8.39,8.52,8.49,8.46,8.46,8.43,8.39,8.33,8.17,8.07,8.16,8.28,8.38,8.36,8.11,8.12,8.34,8.16,8.54,8.45,8.19,8.12,8.28,8.21,8.28,8.30,8.21,8.25,8.36,8.28,8.15,8.40,8.41,8.54,8.63,8.66,8.66,8.65,8.66,8.88,9.13,8.96,8.90,8.80,8.60,8.41,8.27,8.19,8.10,8.03,8.14,8.16,8.03,8.13,8.25,8.25,8.40,8.29,8.32,8.41,8.38,8.28,8.27,8.54,8.39,8.38,8.40,8.38,8.50,8.57
9.39,9.33,9.18,8.69,8.22,8.22,8.48,8.91,9.31,9.20,9.12,9.14,9.00,8.69,8.41,8.10,8.10,7.86,7.69,7.76,7.79,7.50,7.21,6.86,7.01,7.74,8.51,8.80,8.74,8.73,8.88,8.92,8.96,8.72,8.99,8.84,8.52,8.50,8.71,8.85,8.87,8.65,8.60,8.29,8.49,8.38,8.48,8.57,8.80,8.78,8.76,8.77,8.63,8.60,8.65,8.65,8.68,8.41,8.80,8.46,8.50,8.68,8.51,8.49,8.72,8.40,8.45,8.57,8.57,8.51,8.54,8.63,8.63,8.55,8.38,8.21,8.07,7.98,7.95,7.90,7.93,7.79,7.71,7.65,7.77,7.77,7.39,7.65,7.58,8.05,8.46,8.76,8.76,8.57,8.58,8.55,8.42,8.20,8.04,8.11,8.21,8.28,8.31,8.33,8.25,8.20,8.37,8.36,8.46,8.42,8.21,8.17,8.40,8.49,8.45,8.40,8.32,8.33,8.47,8.36,8.30,8.36,8.33,8.59,8.63,8.58,8.63,8.66,8.71,8.93,9.13,8.77,8.38,8.41,8.47,8.30,8.27,8.16,7.94,8.10,8.15,8.25,8.07,8.14,8.16,8.10,8.30,8.29,8.16,8.21,8.38,8.40,8.11,8.33,8.28,8.38,8.37,8.29,8.45,8.48
9.31,9.28,9.38,8.83,8.32,8.33,8.51,8.75,9.20,8.99,8.96,9.18,9.17,8.83,8.45,8.28,8.22,8.11,8.06,8.04,7.98,7.83,7.50,7.36,7.28,7.80,8.49,8.80,8.71,8.76,8.84,8.83,9.01,8.73,8.80,8.94,8.85,8.67,8.64,8.71,8.75,8.46,8.39,8.29,8.34,8.48,8.52,8.65,8.85,8.87,8.91,8.83,8.62,8.73,8.71,8.74,8.62,8.47,8.80,8.43,8.49,8.69,8.42,8.60,8.82,8.47,8.47,8.52,8.52,8.40,8.40,8.19,7.86,7.73,7.65,7.57,7.37,7.14,6.93,6.96,6.84,6.63,6.41,6.77,6.39,6.70,6.15,6.20,5.97,6.77,7.88,8.38,8.60,8.57,8.47,8.30,8.24,8.22,8.24,8.23,8.22,8.34,8.48,8.48,8.37,8.33,8.30,8.30,8.49,8.56,8.25,8.22,8.28,8.24,8.13,8.29,8.45,8.48,8.55,8.48,8.39,8.32,8.37,8.55,8.63,8.55,8.64,8.77,8.81,8.87,8.93,8.74,8.73,8.43,8.39,8.22,8.27,8.23,8.13,8.27,8.22,8.36,8.06,8.13,8.16,8.13,8.28,8.17,8.06,8.17,8.36,8.34,8.12,8.29,8.28,8.37,8.43,8.42,8.42,8.49
9.39,9.29,9.54,9.06,8.54,8.40,8.52,8.72,9.08,9.02,8.82,8.96,8.97,8.66,8.42,8.41,8.34,8.37,8.38,8.30,8.08,8.04,7.83,7.72,7.42,7.62,8.24,8.66,8.59,8.56,8.63,8.68,8.67,8.75,8.81,8.88,8.81,8.67,8.75,8.80,8.65,8.42,8.28,8.39,8.32,8.48,8.48,8.59,8.86,8.93,8.86,8.72,8.60,8.76,8.73,8.69,8.43,8.63,8.67,8.49,8.49,8.59,8.37,8.67,8.69,8.43,8.37,8.46,8.46,8.30,7.97,6.96,5.97,5.84,5.93,5.94,5.46,5.14,4.89,4.97,4.72,4.41,4.35,4.84,4.38,4.94,4.39,4.42,4.84,5.72,6.78,7.55,8.02,8.27,8.29,8.23,8.25,8.24,8.25,8.28,8.34,8.41,8.40,8.52,8.43,8.25,8.19,8.48,8.39,8.72,8.27,8.14,8.23,8.37,8.10,8.13,8.23,8.32,8.45,8.47,8.45,8.43,8.29,8.45,8.62,8.58,8.58,8.64,8.73,8.87,8.95,8.77,8.50,8.37,8.25,8.14,8.24,8.27,8.22,8.24,8.27,8.34,7.93,8.07,8.14,8.13,8.22,8.23,8.08,8.25,8.38,8.33,8.28,8.43,8.66,8.77,8.59,8.42,8.41,8.34
9.60,9.41,9.65,9.09,8.63,8.54,8.65,8.80,9.06,9.05,9.00,8.83,8.73,8.66,8.38,8.47,8.50,8.52,8.47,8.33,8.20,8.15,7.98,7.86,7.65,7.69,8.02,8.40,8.54,8.52,8.72,8.92,8.92,8.99,8.90,8.82,8.92,8.86,8.62,8.75,8.63,8.45,8.31,8.37,8.40,8.48,8.58,8.63,8.80,8.86,8.67,8.57,8.62,8.74,8.66,8.59,8.38,8.69,8.68,8.50,8.52,8.56,8.47,8.72,8.59,8.42,8.30,8.38,8.42,8.08,7.29,5.88,4.76,4.72,4.99,5.09,4.78,4.56,4.31,4.11,4.25,3.84,4.19,4.45,4.39,4.69,4.58,4.71,5.64,5.95,6.02,6.73,7.17,7.76,8.07,8.20,8.27,8.22,8.19,8.20,8.25,8.31,8.34,8.40,8.29,8.28,8.21,8.39,8.40,8.63,8.19,8.19,8.29,8.43,8.50,8.38,8.32,8.39,8.51,8.56,8.37,8.42,8.31,8.43,8.63,8.67,8.60,8.62,8.73,8.91,9.00,8.64,8.54,8.72,8.41,8.13,8.22,8.33,8.37,8.41,8.30,8.32,8.10,7.96,7.91,7.97,8.15,8.25,8.04,8.33,8.37,8.31,8.36,8.49,8.59,8.64,8.45,8.34,8.38,8.32
9.44,9.43,9.15,9.12,8.88,8.84,8.99,8.86,9.08,9.19,9.21,9.17,9.01,8.75,8.58,8.63,8.60,8.62,8.52,8.29,8.29,8.29,8.12,7.94,7.73,7.82,8.25,8.59,8.56,8.88,8.77,8.76,8.86,8.90,8.99,8.88,8.93,9.01,8.60,8.59,8.72,8.40,8.31,8.43,8.39,8.46,8.63,8.80,8.85,8.77,8.63,8.63,8.66,8.71,8.52,8.58,8.55,8.83,8.76,8.64,8.64,8.40,8.46,8.76,8.60,8.58,8.50,8.50,8.36,7.68,6.85,6.28,6.00,5.91,5.66,5.44,5.30,5.29,5.51,5.23,5.66,5.58,6.25,6.51,6.76,6.84,6.99,6.89,6.99,6.91,6.50,6.43,6.51,7.23,7.68,8.06,8.21,8.13,8.07,8.13,8.25,8.33,8.30,8.14,8.05,8.20,8.33,8.40,8.36,8.60,8.29,8.45,8.30,8.58,8.41,8.21,8.45,8.54,8.40,8.42,8.46,8.52,8.55,8.56,8.65,8.77,8.80,8.82,8.83,8.95,8.94,8.62,8.66,8.91,8.45,8.19,8.34,8.40,8.39,8.33,8.08,8.11,8.04,8.04,7.97,8.03,8.16,8.11,8.05,8.34,8.36,8.34,8.37,8.41,8.41,8.50,8.43,8.42,8.41,8.33
9.39,9.20,9.28,9.12,8.85,8.80,8.97,8.82,9.22,9.25,9.17,9.13,9.13,8.84,8.66,8.81,8.76,8.75,8.72,8.37,8.34,8.42,8.29,8.06,7.95,8.06,8.29,8.46,8.52,8.69,8.72,8.81,8.78,8.63,8.83,8.87,8.83,8.97,8.63,8.57,8.90,8.43,8.42,8.51,8.48,8.49,8.58,8.76,8.85,8.73,8.71,8.78,8.68,8.57,8.54,8.55,8.78,8.90,8.77,8.65,8.66,8.41,8.45,8.51,8.54,8.49,8.34,8.29,8.02,7.42,7.24,7.26,6.98,6.96,7.14,6.99,6.98,6.97,7.02,6.96,6.97,6.85,7.02,7.20,7.18,7.07,6.99,7.24,6.83,7.01,6.97,6.88,6.54,6.76,7.31,7.98,8.16,8.04,8.03,8.11,8.30,8.32,8.14,8.00,7.99,8.15,8.39,8.43,8.38,8.49,8.33,8.32,8.27,8.54,8.59,8.52,8.51,8.54,8.56,8.52,8.37,8.39,8.71,8.48,8.55,8.87,8.95,8.84,8.87,8.99,8.88,8.56,8.60,8.84,8.50,8.21,8.28,8.38,8.36,8.20,8.03,8.03,7.89,8.07,8.04,8.07,8.12,8.07,8.21,8.22,8.31,8.33,8.30,8.30,8.33,8.46,8.51,8.47,8.39,8.45
9.21,9.23,9.38,9.18,8.95,8.81,8.81,8.86,9.04,9.21,9.18,9.00,8.91,8.92,8.62,8.74,8.85,8.86,8.71,8.29,8.22,8.27,8.10,8.12,8.07,8.04,8.19,8.37,8.68,8.64,8.56,8.71,8.80,8.72,8.88,8.90,8.63,8.68,8.66,8.71,8.95,8.42,8.49,8.59,8.50,8.49,8.52,8.62,8.68,8.64,8.58,8.71,8.63,8.42,8.51,8.62,8.43,8.68,8.80,8.73,8.78,8.41,8.22,8.28,8.37,8.34,8.34,8.20,7.88,7.31,7.08,7.02,6.77,6.81,6.70,6.73,6.94,6.88,7.05,7.09,6.73,6.70,6.88,7.01,7.04,6.86,6.86,7.09,6.94,7.13,6.97,7.06,7.00,6.89,7.15,7.62,7.85,8.00,8.05,8.06,8.19,8.17,8.05,8.10,8.13,8.20,8.39,8.34,8.30,8.37,8.22,8.29,8.31,8.47,8.48,8.37,8.33,8.36,8.39,8.41,8.39,8.43,8.55,8.64,8.56,8.78,8.86,8.76,8.81,9.03,8.92,8.47,8.50,8.75,8.49,8.22,8.25,8.40,8.36,8.28,8.28,8.05,7.86,7.98,8.05,8.07,8.06,8.03,8.11,8.10,8.24,8.29,8.27,8.28,8.38,8.49,8.51,8.48,8.45,8.40
9.27,9.14,9.12,9.05,8.94,8.81,8.77,8.90,9.01,9.14,9.12,8.93,8.76,8.84,8.71,8.64,8.59,8.63,8.62,8.28,8.40,8.28,8.19,8.24,8.23,8.24,8.47,8.66,8.63,8.68,8.67,8.65,8.78,8.73,8.78,8.81,8.59,8.59,8.65,8.83,8.88,8.45,8.40,8.51,8.42,8.42,8.48,8.62,8.71,8.63,8.57,8.50,8.57,8.39,8.41,8.34,8.32,8.54,8.80,8.55,8.76,8.41,8.14,8.14,8.34,7.95,7.65,7.62,7.55,7.17,6.97,6.98,6.83,6.86,6.92,6.86,6.76,6.76,6.81,6.86,6.88,6.76,6.75,6.98,6.88,6.84,7.04,6.65,6.78,7.13,6.96,6.85,6.93,7.05,7.15,7.47,7.46,7.71,7.86,7.97,8.21,8.19,8.11,8.23,8.20,8.24,8.32,8.25,8.21,8.32,8.20,8.31,8.47,8.51,8.45,8.37,8.45,8.42,8.48,8.54,8.39,8.40,8.42,8.57,8.59,8.83,8.95,8.85,8.86,9.04,9.01,8.74,8.60,8.73,8.46,8.34,8.38,8.47,8.37,8.29,8.30,8.14,7.91,8.08,8.03,8.13,8.24,8.23,8.30,8.10,8.34,8.46,8.42,8.37,8.46,8.57,8.45,8.42,8.41,8.37
9.19,9.13,9.18,9.01,8.90,8.95,9.02,9.00,9.05,9.06,8.94,8.72,8.72,8.75,8.60,8.69,8.66,8.54,8.49,8.41,8.36,8.31,8.30,8.31,8.36,8.43,8.59,8.80,8.56,8.80,8.66,8.48,8.73,8.65,8.59,8.76,8.66,8.74,8.63,8.85,8.84,8.55,8.40,8.37,8.40,8.47,8.49,8.60,8.74,8.60,8.63,8.58,8.56,8.42,8.28,8.23,8.66,8.76,8.50,8.33,8.38,8.27,8.03,7.78,7.81,7.46,7.40,7.42,7.26,6.94,6.74,6.77,6.76,6.82,6.79,6.75,6.61,6.79,6.89,6.92,6.85,6.79,6.67,6.88,6.98,6.90,6.82,6.67,6.85,6.94,6.84,7.05,7.09,7.02,7.20,7.28,7.22,7.34,7.48,7.70,7.95,7.99,8.10,8.25,8.25,8.17,8.14,8.23,8.20,8.32,8.34,8.25,8.49,8.43,8.27,8.38,8.48,8.39,8.47,8.51,8.37,8.42,8.56,8.67,8.50,8.94,8.64,8.78,8.93,9.03,9.03,8.91,8.85,8.77,8.47,8.40,8.37,8.36,8.27,8.24,8.24,8.23,8.19,8.10,8.03,8.15,8.23,8.16,8.05,8.28,8.24,8.31,8.37,8.38,8.43,8.60,8.39,8.34,8.34,8.34
9.17,9.29,9.17,8.93,8.83,9.06,9.25,9.11,9.00,8.90,8.85,8.84,8.72,8.74,8.69,8.66,8.74,8.83,8.69,8.59,8.59,8.51,8.66,8.76,8.69,8.67,8.87,9.02,8.50,8.68,8.62,8.60,8.80,8.73,8.62,8.75,8.73,8.81,8.63,8.84,8.76,8.52,8.55,8.52,8.32,8.34,8.52,8.67,8.82,8.78,8.88,8.81,8.63,8.45,8.51,8.43,8.39,8.49,8.47,8.19,8.06,7.96,7.60,7.70,7.69,7.38,7.25,7.02,6.86,6.78,6.73,6.83,6.76,6.69,6.70,6.74,6.92,6.94,6.90,6.88,6.68,6.86,6.88,6.92,6.74,6.61,6.55,6.66,6.83,6.97,7.02,6.77,6.66,6.78,6.91,7.06,7.17,7.24,7.07,7.23,7.56,7.79,7.98,8.19,8.23,8.06,8.06,8.25,8.23,8.36,8.31,8.31,8.41,8.45,8.24,8.36,8.55,8.49,8.49,8.55,8.52,8.51,8.55,8.84,8.59,8.80,8.68,8.93,8.85,8.90,8.91,8.83,8.80,8.64,8.39,8.25,8.24,8.22,8.22,8.20,8.16,8.12,8.15,8.23,7.97,8.17,8.22,7.99,8.05,8.15,8.25,8.29,8.21,8.21,8.39,8.48,8.29,8.30,8.36,8.45
9.15,9.29,9.10,8.91,8.88,9.02,9.18,9.08,8.97,8.90,8.87,8.84,8.64,8.88,8.76,8.76,8.87,8.93,8.82,8.68,8.77,8.73,8.82,8.96,8.88,8.69,8.95,8.99,8.45,8.60,8.56,8.68,8.83,8.84,8.77,8.76,8.80,8.76,8.62,8.80,8.78,8.56,8.59,8.58,8.46,8.46,8.41,8.54,8.92,8.67,8.77,8.96,8.73,8.66,8.48,8.48,8.37,8.24,8.25,8.19,8.05,7.79,7.40,7.33,7.23,7.00,7.02,6.98,6.83,6.76,6.71,6.77,6.92,6.90,6.65,6.54,6.76,6.94,6.73,6.78,6.69,6.70,6.97,6.78,6.91,7.02,6.94,6.61,7.00,6.67,6.75,6.78,6.90,6.77,7.05,7.20,7.15,7.08,6.99,7.06,7.10,7.25,7.61,7.89,7.95,8.02,8.16,8.29,8.24,8.38,8.20,8.34,8.38,8.51,8.29,8.38,8.43,8.45,8.50,8.54,8.56,8.63,8.74,8.84,8.69,8.74,8.87,8.83,8.81,8.86,8.93,8.87,8.74,8.62,8.41,8.34,8.37,8.29,8.24,8.16,8.05,7.96,7.99,8.21,7.85,8.19,8.20,8.02,8.17,8.38,8.42,8.34,8.28,8.23,8.19,8.34,8.22,8.19,8.42,8.59
9.08,9.09,9.04,9.08,9.10,8.86,8.96,9.00,8.92,8.87,8.90,8.82,8.81,8.84,8.82,8.66,8.59,8.73,8.72,8.45,8.60,8.48,8.57,8.80,8.83,8.63,8.81,8.71,8.45,8.67,8.58,8.58,8.71,8.81,8.87,8.86,8.77,8.71,8.63,8.75,8.78,8.50,8.49,8.56,8.41,8.45,8.64,8.67,8.73,8.71,8.68,8.74,8.69,8.52,8.36,8.19,8.27,8.14,8.08,8.02,7.70,7.25,7.06,6.98,6.79,6.71,6.77,6.70,6.75,6.79,6.60,6.70,6.77,6.83,6.77,6.50,6.67,6.63,6.67,6.85,6.83,6.63,6.74,6.66,6.63,6.74,6.51,6.75,6.65,6.70,6.74,6.86,6.75,6.85,6.79,6.79,6.85,6.88,6.73,6.73,6.85,7.02,7.33,7.61,7.58,7.54,7.85,8.05,8.13,8.22,8.28,8.29,8.31,8.45,8.27,8.43,8.30,8.47,8.59,8.52,8.50,8.62,8.67,8.80,8.91,8.78,8.80,8.99,8.87,8.95,8.93,8.82,8.80,8.62,8.48,8.48,8.37,8.33,8.17,8.12,8.08,8.02,7.99,8.03,7.89,8.16,8.24,8.15,8.13,8.45,8.42,8.31,8.24,8.25,8.29,8.37,8.23,8.08,8.24,8.39
9.01,8.96,8.99,9.11,9.10,8.58,8.94,8.85,8.80,8.69,8.60,8.87,8.87,8.93,8.80,8.74,8.71,8.54,8.49,8.43,8.46,8.50,8.49,8.57,8.68,8.55,8.51,8.47,8.52,8.73,8.72,8.64,8.67,8.82,8.91,8.86,8.72,8.88,8.83,8.81,8.68,8.55,8.54,8.56,8.48,8.45,8.59,8.80,8.81,8.80,8.63,8.55,8.38,8.64,8.49,7.99,7.96,7.76,7.66,7.48,7.44,7.12,6.83,6.90,6.90,6.84,6.74,6.62,6.68,6.67,6.63,6.89,6.97,6.83,6.82,6.68,6.60,6.53,6.65,6.83,6.91,6.82,6.88,6.78,6.94,7.07,6.94,7.08,7.10,6.98,7.23,6.73,6.62,7.00,6.91,6.79,6.86,6.85,6.86,7.00,6.99,7.08,7.34,7.46,7.47,7.41,7.38,7.66,7.88,8.05,8.11,8.36,8.21,8.37,8.27,8.37,8.38,8.49,8.60,8.63,8.59,8.63,8.77,8.80,8.83,8.68,8.75,8.95,9.06,9.19,9.09,8.94,8.82,8.69,8.57,8.24,8.45,8.30,8.10,8.11,8.17,8.13,7.99,7.97,7.97,8.08,8.19,8.12,8.06,8.36,8.14,8.16,8.10,8.14,8.31,8.39,8.28,8.04,8.16,8.33
8.95,8.93,8.88,8.87,8.96,8.99,8.94,8.75,8.54,8.45,8.52,8.74,8.77,8.65,8.47,8.39,8.41,8.38,8.42,8.34,8.29,8.46,8.51,8.42,8.49,8.40,8.29,8.47,8.59,8.66,8.75,8.72,8.73,8.74,8.65,8.82,8.91,8.85,8.71,8.77,8.85,8.77,8.68,8.57,8.49,8.51,8.56,8.71,8.81,8.71,8.60,8.46,8.27,8.23,8.06,7.45,7.65,7.47,7.30,7.13,7.12,6.93,6.76,6.90,6.94,6.96,6.85,6.73,6.75,6.66,6.68,6.92,6.99,6.86,6.93,6.86,6.94,6.89,6.93,6.90,6.82,6.86,6.85,6.63,6.74,6.71,6.81,6.86,6.89,6.86,6.79,6.47,6.58,6.59,6.71,6.84,7.01,6.85,6.85,6.99,7.13,7.26,7.29,7.32,7.38,7.39,7.44,7.54,7.77,7.73,7.88,8.11,8.02,8.20,7.98,8.21,8.42,8.47,8.51,8.65,8.58,8.54,8.75,8.76,8.78,8.77,8.83,8.81,8.86,8.97,9.08,8.93,8.77,8.69,8.38,8.31,8.28,8.39,8.38,8.17,8.14,8.12,7.96,8.08,7.93,8.03,8.07,8.05,8.13,8.32,8.24,8.27,8.23,8.28,8.38,8.46,8.08,8.06,8.25,8.36
9.05,8.95,8.86,8.83,8.73,8.65,8.86,8.83,8.76,8.68,8.50,8.64,8.71,8.57,8.38,8.33,8.36,8.19,8.54,8.42,8.34,8.38,8.42,8.45,8.46,8.42,8.31,8.62,8.62,8.51,8.56,8.59,8.60,8.69,8.65,8.77,8.77,8.90,8.73,8.88,8.88,8.82,8.60,8.41,8.34,8.47,8.62,8.67,8.91,8.60,8.25,7.99,7.80,7.58,7.70,7.26,7.23,7.18,7.12,6.98,6.93,6.84,6.71,6.77,6.91,7.01,6.92,6.73,6.70,6.74,6.77,6.86,6.90,6.81,6.83,6.74,6.90,6.97,6.96,6.89,6.78,6.82,6.88,6.73,6.83,6.90,6.84,6.98,6.79,7.12,6.99,6.92,6.96,6.90,6.79,6.96,6.91,6.99,6.94,6.93,6.99,7.05,6.99,6.91,6.99,7.20,7.26,7.23,7.45,7.56,7.45,7.65,7.86,8.03,7.47,8.07,8.40,8.58,8.58,8.71,8.64,8.52,8.66,8.74,8.81,8.94,8.86,8.74,8.90,8.93,9.28,9.17,8.82,8.66,8.40,8.34,8.47,8.43,8.30,8.34,8.33,8.13,8.00,8.24,8.11,8.20,8.11,8.07,8.17,8.33,8.40,8.43,8.33,8.31,8.37,8.30,8.04,7.97,8.10,8.15
9.05,8.90,8.77,8.72,8.65,8.68,8.76,8.75,8.75,8.76,8.55,8.60,8.63,8.58,8.45,8.37,8.37,8.29,8.64,8.60,8.52,8.50,8.50,8.59,8.68,8.69,8.38,8.50,8.67,8.71,8.71,8.71,8.75,8.83,8.69,8.87,8.80,9.15,8.60,9.08,8.93,8.72,8.71,8.69,8.52,8.48,8.72,8.66,8.81,8.47,8.19,7.55,7.17,7.24,7.29,6.93,6.85,6.92,6.92,7.04,6.93,6.76,6.69,6.74,6.77,6.85,6.81,6.63,6.69,6.85,6.86,6.89,6.84,6.78,6.86,6.83,6.89,6.91,6.93,7.01,6.89,6.79,6.94,7.06,6.97,7.04,6.88,6.86,6.96,7.16,6.90,6.85,6.93,6.82,6.62,6.71,6.78,7.04,6.99,6.99,6.97,7.05,7.13,7.08,7.07,7.10,7.20,7.30,7.23,7.39,7.30,7.53,7.83,7.79,7.30,7.88,8.28,8.49,8.78,8.95,8.86,8.74,8.72,8.77,8.90,8.97,8.97,8.91,8.88,8.95,9.15,8.95,8.80,8.76,8.48,8.56,8.45,8.36,8.37,8.41,8.33,8.22,8.17,8.27,8.37,8.33,8.17,8.07,8.13,8.28,8.37,8.46,8.20,8.17,8.28,8.27,8.00,7.96,8.08,8.04
9.00,8.99,8.92,8.81,8.73,8.65,8.72,8.75,8.80,8.77,8.54,8.56,8.76,8.71,8.51,8.33,8.24,8.40,8.57,8.54,8.46,8.47,8.52,8.56,8.68,8.60,8.73,8.69,8.59,8.75,8.86,8.77,8.63,8.71,8.97,9.21,9.15,9.12,8.97,8.99,8.75,8.65,8.66,8.58,8.51,8.56,8.57,8.34,8.32,8.07,7.83,7.00,6.91,6.93,7.01,6.84,6.84,6.79,6.86,6.91,6.83,6.74,6.70,6.77,6.78,6.73,6.66,6.59,6.61,6.82,6.91,6.82,6.85,6.85,6.73,6.83,6.99,6.93,6.97,7.04,7.15,6.88,7.05,7.18,7.17,6.99,6.91,6.86,7.02,7.08,7.05,7.04,6.96,6.84,6.78,6.85,6.98,7.12,7.08,7.16,7.12,7.23,7.32,7.25,7.24,7.25,7.30,7.38,7.45,7.41,7.21,7.71,7.77,7.85,7.65,8.03,8.20,8.42,8.75,8.87,8.84,8.78,8.76,8.83,8.93,8.88,9.05,8.99,8.88,9.03,9.06,8.97,8.87,8.75,8.62,8.52,8.54,8.43,8.29,8.46,8.52,8.36,8.23,8.40,8.45,8.33,8.29,8.14,8.12,8.28,8.36,8.39,8.12,8.06,8.14,8.21,8.04,7.90,8.05,8.03
9.11,9.06,8.93,8.80,8.50,8.69,8.69,8.62,8.62,8.68,8.54,8.48,8.73,8.73,8.51,8.31,8.30,8.24,8.38,8.51,8.45,8.36,8.45,8.65,8.86,8.46,8.64,8.64,8.63,8.82,8.77,8.64,8.72,8.80,9.08,8.92,8.90,9.06,9.09,8.92,8.95,8.72,8.47,8.42,8.39,8.29,8.13,7.79,7.93,7.78,7.58,6.91,6.83,6.73,6.77,6.77,6.94,6.81,6.83,6.83,6.78,6.77,6.71,6.82,6.91,6.89,6.92,6.85,6.81,6.98,7.04,6.92,7.09,7.01,6.88,6.86,7.05,7.02,6.99,6.99,7.38,7.12,7.25,7.22,7.44,7.24,7.09,7.04,7.23,7.50,7.38,7.28,7.24,7.20,7.28,7.40,7.37,7.39,7.44,7.47,7.55,7.65,7.66,7.57,7.66,7.66,7.61,7.83,7.93,7.88,7.98,7.94,8.28,8.38,7.89,8.12,8.22,8.59,8.83,8.91,9.00,8.99,8.91,8.86,8.80,8.83,8.93,8.96,9.02,9.18,9.13,8.97,8.82,8.76,8.71,8.67,8.63,8.63,8.41,8.37,8.46,8.43,8.36,8.37,8.04,8.41,8.28,8.21,8.25,8.34,8.39,8.31,8.27,8.19,8.17,8.17,8.02,7.94,7.96,8.10
9.10,9.02,8.87,8.86,8.54,8.77,8.76,8.58,8.48,8.60,8.67,8.49,8.56,8.63,8.54,8.37,8.42,8.32,8.23,8.29,8.31,8.27,8.38,8.68,8.81,8.55,8.69,8.66,8.66,8.66,8.73,8.80,8.86,8.96,8.84,8.81,8.86,9.01,8.81,8.86,8.74,8.42,8.12,8.05,7.99,7.64,7.55,7.29,7.50,7.31,7.30,6.83,6.81,6.78,6.69,6.70,6.84,6.83,6.86,6.92,6.92,6.91,6.79,6.89,6.98,7.07,7.23,7.15,7.13,7.16,7.09,7.13,7.38,7.33,7.38,7.25,7.22,7.33,7.26,7.31,7.64,7.48,7.63,7.42,7.70,7.74,7.61,7.49,7.63,8.12,7.88,7.88,7.96,7.82,8.07,8.11,8.03,8.12,8.15,8.29,8.23,8.33,8.24,8.16,8.24,8.19,8.23,8.27,8.38,8.51,8.65,8.47,8.75,8.47,8.43,8.47,8.63,8.75,8.64,8.73,8.86,8.99,9.02,8.86,8.82,8.92,8.93,9.08,9.01,9.28,9.12,8.93,8.85,8.80,8.80,8.86,8.80,8.83,8.59,8.50,8.59,8.47,8.34,8.50,8.39,8.67,8.46,8.50,8.66,8.73,8.71,8.49,8.46,8.48,8.47,8.32,8.05,8.12,8.05,8.16
8.94,8.90,8.80,8.65,8.58,8.74,8.74,8.68,8.64,8.69,8.69,8.69,8.66,8.72,8.71,8.55,8.48,8.40,8.43,8.43,8.41,8.39,8.51,8.80,8.96,8.58,8.62,8.65,8.74,8.68,8.74,8.97,8.92,8.81,9.02,9.03,9.14,8.92,8.80,8.72,8.38,8.03,7.80,7.60,7.42,7.33,7.16,7.09,7.49,7.12,7.42,7.01,7.10,7.06,6.91,7.00,7.02,7.14,7.25,7.25,7.31,7.37,7.32,7.33,7.30,7.36,7.48,7.46,7.52,7.55,7.45,7.54,7.79,7.91,7.91,7.83,7.81,7.99,7.95,7.99,8.10,8.06,8.05,8.00,8.20,8.30,8.14,8.15,8.39,8.58,8.48,8.45,8.51,8.51,8.60,8.68,8.64,8.66,8.77,8.81,8.68,8.66,8.73,8.85,8.87,8.85,8.83,8.76,8.82,8.71,8.73,8.95,9.02,8.97,8.67,8.84,8.99,8.87,8.80,8.85,8.85,9.03,9.03,8.83,9.02,9.08,9.11,9.17,9.01,9.36,9.13,9.03,8.99,8.95,8.94,8.90,8.93,8.90,8.77,8.90,8.91,8.71,8.62,8.66,8.55,8.56,8.52,8.51,8.54,8.63,8.78,8.67,8.49,8.52,8.55,8.45,8.29,8.20,8.22,8.25
8.90,8.80,8.72,8.51,8.55,8.66,8.68,8.73,8.81,8.82,8.69,8.96,8.81,8.80,8.86,8.54,8.47,8.54,8.52,8.51,8.41,8.40,8.63,8.87,8.77,8.81,8.77,8.76,8.87,9.00,9.05,9.11,9.06,8.73,9.03,9.04,8.99,8.82,8.73,8.59,8.37,8.07,7.83,7.57,7.39,7.57,7.41,7.44,7.70,7.57,7.74,7.49,7.54,7.54,7.57,7.68,7.61,7.73,7.86,7.83,7.91,7.97,7.99,8.02,7.94,7.88,7.94,7.97,8.12,8.23,8.12,8.28,8.31,8.52,8.51,8.45,8.52,8.64,8.57,8.49,8.59,8.38,8.48,8.63,8.80,8.57,8.58,8.65,8.85,8.92,8.84,8.80,8.91,8.93,8.86,8.96,9.04,9.10,9.13,9.02,8.94,8.96,9.10,9.11,8.99,8.99,9.11,9.13,9.04,8.86,8.87,9.15,9.28,9.19,9.00,9.10,9.30,8.84,8.93,8.88,8.85,8.97,8.99,8.94,9.12,9.23,9.31,9.28,9.20,9.47,9.27,9.11,9.13,9.18,9.09,8.96,9.10,9.05,8.94,9.00,9.11,8.99,8.88,8.90,8.65,8.85,8.76,8.64,8.75,8.91,8.92,8.74,8.47,8.51,8.54,8.38,8.17,8.14,8.25,8.34
9.05,8.84,8.69,8.69,8.62,8.66,8.75,8.76,8.68,8.86,8.83,8.81,8.76,8.73,8.78,8.77,8.60,8.55,8.41,8.50,8.57,8.50,8.57,8.67,8.90,8.74,8.77,8.84,8.85,9.03,9.19,9.11,9.03,8.97,9.01,8.95,8.96,8.85,8.72,8.68,8.46,8.19,8.05,7.88,7.78,7.90,7.98,8.03,8.04,8.28,8.23,8.07,8.12,8.21,8.38,8.30,8.15,8.33,8.46,8.47,8.51,8.40,8.38,8.45,8.41,8.40,8.45,8.49,8.66,8.67,8.59,8.82,8.69,8.78,8.76,8.77,8.81,8.94,8.81,8.63,8.86,8.52,8.74,8.95,9.12,8.80,8.92,8.91,8.92,9.06,8.96,9.02,9.19,9.22,9.13,9.11,9.21,9.28,9.23,9.15,9.30,9.37,9.31,9.29,9.25,9.32,9.33,9.29,9.41,9.27,9.32,9.59,9.46,9.54,9.19,9.40,9.50,9.09,9.20,9.23,8.90,9.00,9.20,9.13,9.09,9.13,9.24,9.37,9.21,9.48,9.33,9.28,9.29,9.22,9.13,9.12,9.22,9.23,9.05,9.09,9.17,9.15,9.12,8.99,8.75,8.97,8.95,8.78,8.87,8.99,8.77,8.57,8.71,8.63,8.51,8.41,8.39,8.63,8.28,8.39
9.23,8.95,8.78,8.80,8.68,8.68,8.76,8.77,8.71,8.94,8.72,8.71,8.65,8.63,8.64,8.65,8.73,8.72,8.58,8.52,8.54,8.55,8.62,8.82,8.92,8.81,8.90,8.88,8.85,8.91,9.09,9.17,9.11,9.12,8.95,9.03,8.92,9.04,8.87,8.72,8.47,8.31,8.32,8.32,8.34,8.29,8.37,8.41,8.56,8.82,8.85,8.65,8.80,8.76,8.80,8.71,8.60,8.74,8.90,8.91,8.94,8.75,8.69,8.84,8.77,8.74,8.86,8.94,8.92,8.93,8.96,9.15,8.99,8.99,8.96,9.04,9.09,9.23,9.04,9.03,9.08,9.06,9.03,9.49,9.40,9.42,9.34,9.38,9.48,9.58,9.48,9.53,9.67,9.81,9.81,9.75,9.70,9.71,9.78,9.81,9.88,9.90,9.90,9.96,9.92,9.78,9.63,9.65,9.88,9.70,9.65,9.93,9.96,10.23,9.70,10.10,10.02,9.71,9.47,9.23,9.06,9.14,9.15,9.18,9.29,9.25,9.44,9.34,9.24,9.72,9.56,9.38,9.24,9.10,9.04,9.14,9.15,9.25,9.13,9.19,9.21,9.08,8.99,8.92,8.73,8.73,8.86,8.85,8.91,8.90,8.68,8.57,8.74,8.58,8.50,8.46,8.45,8.57,8.75,8.64
9.29,9.04,8.86,8.84,8.74,8.74,8.82,8.88,8.78,8.75,8.96,8.95,8.78,8.67,8.64,8.51,8.76,8.78,8.68,8.58,8.60,8.66,8.60,8.93,8.73,8.68,8.81,8.85,8.84,8.95,9.09,9.04,9.04,9.08,9.02,9.04,8.96,9.06,9.04,8.90,8.75,8.66,8.66,8.73,8.76,8.74,8.83,8.84,8.96,9.09,9.19,8.96,9.10,9.08,9.01,9.08,8.94,8.86,9.08,9.15,9.23,9.19,9.10,9.15,9.10,9.11,9.25,9.27,9.25,9.25,9.32,9.51,9.43,9.53,9.61,9.61,9.73,9.91,9.62,9.82,9.66,9.63,9.79,10.10,9.96,9.99,10.00,9.85,10.06,10.13,9.98,9.83,9.89,10.17,10.19,10.28,10.05,9.92,10.10,10.21,10.10,10.20,10.29,10.26,10.09,9.92,9.82,9.90,10.02,9.83,9.60,10.13,10.31,10.74,10.18,10.42,10.23,9.77,9.48,9.34,9.27,9.19,9.21,9.24,9.15,9.25,9.47,9.31,9.24,9.47,9.33,9.17,9.13,9.04,8.97,9.02,9.05,9.20,9.15,9.10,9.09,8.86,8.75,8.77,8.75,8.75,8.48,8.51,8.58,8.59,8.60,8.57,8.49,8.48,8.51,8.54,8.49,8.46,8.37,8.32
9.19,9.11,9.22,9.18,8.99,8.99,8.92,8.81,8.85,8.73,8.88,8.90,8.74,8.59,8.64,8.84,8.92,8.75,8.72,8.65,8.54,8.54,8.59,8.72,9.02,8.94,8.83,8.83,8.90,9.03,9.15,9.02,9.17,9.12,8.99,9.09,9.15,9.17,9.21,9.10,9.04,9.03,8.88,8.85,8.94,9.02,9.29,9.28,9.31,9.28,9.40,9.27,9.36,9.40,9.48,9.50,9.36,9.30,9.47,9.62,9.76,9.80,9.66,9.61,9.62,9.59,9.75,9.78,9.92,9.96,9.90,10.10,10.17,10.14,10.21,10.17,10.48,10.37,10.22,10.22,10.28,10.11,10.37,10.23,10.21,10.24,10.20,9.98,10.10,10.10,9.95,9.59,9.76,9.98,9.99,10.17,9.89,9.85,10.03,10.02,9.88,10.00,10.13,10.07,9.96,9.86,9.87,9.93,9.88,9.66,9.58,10.14,10.41,10.64,10.32,10.44,10.33,9.96,9.70,9.56,9.17,9.27,9.44,9.31,9.14,9.19,9.52,9.22,9.03,9.27,9.19,9.17,9.18,9.06,8.92,8.88,9.02,9.03,9.18,8.93,8.75,8.65,8.60,8.63,8.66,8.63,8.33,8.23,8.28,8.39,8.48,8.56,8.57,8.51,8.48,8.52,8.65,8.74,8.74,8.55
9.20,9.10,9.37,9.15,9.05,8.97,8.96,8.99,8.96,8.93,8.92,8.81,8.64,8.63,8.84,8.86,9.02,9.01,8.80,8.66,8.59,8.45,8.58,8.76,8.97,9.00,8.90,8.90,8.97,9.09,9.14,9.13,9.23,9.12,8.97,9.11,9.17,9.28,9.28,9.14,9.10,9.10,8.92,8.76,8.95,9.11,9.42,9.47,9.72,9.54,9.76,9.77,9.85,9.78,9.98,10.02,10.00,9.99,10.09,10.14,10.23,10.23,10.06,10.00,10.01,9.96,10.02,10.09,10.09,10.02,9.90,9.98,10.13,10.14,10.09,10.14,10.22,10.00,10.14,9.97,10.24,10.12,10.10,10.06,10.02,10.12,9.99,10.16,10.01,10.00,9.77,9.56,9.81,9.77,9.89,10.00,9.85,9.90,9.97,9.93,9.73,9.79,9.80,9.81,9.70,9.69,9.77,9.68,9.59,9.40,9.28,9.88,10.11,10.38,10.20,10.19,10.10,9.98,9.51,9.41,9.24,9.32,9.37,9.23,9.17,9.36,9.57,9.27,9.10,8.96,9.22,9.11,8.94,8.84,8.81,8.83,8.97,9.14,9.31,8.93,8.71,8.57,8.52,8.52,8.56,8.55,8.36,8.21,8.25,8.41,8.56,8.57,8.63,8.50,8.55,8.67,8.74,8.74,8.83,8.78
9.11,9.03,9.08,9.04,9.21,9.14,9.09,9.15,9.00,8.87,8.80,8.76,8.74,8.80,8.96,8.97,9.11,8.92,8.76,8.66,8.57,8.59,8.75,8.81,8.76,8.84,8.92,8.93,8.96,9.05,9.09,9.17,9.01,9.03,9.14,9.11,9.11,9.27,9.27,9.22,9.23,9.17,8.99,8.78,8.75,9.13,9.56,9.61,9.96,9.69,9.80,9.79,9.90,9.85,9.93,9.88,9.80,9.91,10.03,10.06,9.95,9.81,9.86,9.93,9.87,9.81,9.76,9.87,9.86,9.82,9.48,9.62,9.81,9.96,9.71,9.83,9.89,9.79,10.01,9.78,9.96,9.75,9.92,9.83,9.77,9.71,9.58,9.76,9.53,9.78,9.40,9.43,9.65,9.53,9.72,9.87,9.83,9.78,9.80,9.81,9.65,9.66,9.52,9.56,9.44,9.38,9.49,9.37,9.21,9.03,9.03,9.58,9.97,10.09,10.07,10.05,9.92,9.99,9.68,9.57,9.36,9.33,9.43,9.28,9.14,9.40,9.57,9.32,9.09,9.19,9.25,9.12,9.08,9.09,9.03,9.02,9.19,9.34,9.30,9.20,9.17,8.84,8.60,8.59,8.63,8.63,8.34,8.32,8.41,8.57,8.64,8.56,8.77,8.75,8.71,8.68,8.68,8.71,8.83,9.17
9.06,9.09,9.42,9.12,9.14,9.13,9.03,8.97,9.01,9.06,8.75,8.73,8.78,8.81,8.96,9.04,9.08,8.90,8.87,8.78,8.57,8.81,8.93,8.90,8.83,8.92,9.03,9.03,9.02,9.14,9.22,9.20,9.02,9.14,9.30,9.37,9.31,9.43,9.46,9.46,9.44,9.25,9.01,8.77,8.67,8.97,9.53,9.50,9.86,9.86,9.70,9.62,9.88,9.82,9.82,9.78,9.89,9.88,9.86,9.87,9.82,9.70,9.65,9.69,9.57,9.51,9.42,9.53,9.52,9.66,9.59,9.70,9.67,9.80,9.71,9.60,9.81,9.75,9.73,9.69,9.86,9.65,9.75,9.72,9.53,9.32,9.36,9.24,9.24,9.52,9.30,9.47,9.48,9.32,9.40,9.63,9.58,9.56,9.54,9.40,9.44,9.49,9.41,9.39,9.28,9.28,9.34,9.17,8.94,8.85,9.09,9.62,10.05,10.08,9.80,10.17,9.88,9.93,9.75,9.49,9.30,9.32,9.40,9.41,9.29,9.31,9.68,9.54,9.03,9.28,9.32,9.29,9.22,9.12,8.96,8.93,9.13,9.22,9.44,9.39,9.33,9.05,8.94,8.84,8.62,8.57,8.45,8.43,8.51,8.60,8.62,8.57,8.85,8.82,8.76,8.68,8.65,8.80,9.03,9.08
9.13,9.17,9.09,9.05,9.17,9.37,9.32,9.08,9.27,9.15,9.06,9.08,9.00,8.84,8.92,8.91,9.11,9.09,9.02,8.90,8.73,8.91,8.96,9.05,9.12,9.21,9.37,9.31,9.20,9.30,9.38,9.24,9.15,9.33,9.34,9.57,9.59,9.72,9.70,9.72,9.56,9.03,8.78,8.65,8.68,8.92,9.11,9.18,9.60,9.56,9.65,9.39,9.50,9.51,9.51,9.50,9.51,9.53,9.46,9.39,9.40,9.46,9.39,9.29,9.22,9.13,9.24,9.38,9.47,9.65,9.61,9.79,9.76,9.58,9.70,9.73,9.67,9.66,9.80,9.76,9.69,9.50,9.47,9.33,9.13,9.31,9.19,9.06,8.90,9.47,9.20,9.22,9.21,9.06,9.21,9.25,9.30,9.34,9.28,9.05,9.19,9.30,9.30,9.27,9.17,9.22,9.23,9.09,8.99,8.85,9.11,9.66,10.29,10.26,9.82,10.07,9.87,9.91,9.77,9.44,9.33,9.31,9.36,9.46,9.48,9.52,9.78,9.56,9.34,9.13,9.10,9.19,9.22,9.02,8.78,8.93,9.29,9.23,9.40,9.47,9.34,9.33,9.29,9.03,8.73,8.82,8.59,8.47,8.46,8.58,8.65,8.59,8.71,8.64,8.65,8.58,8.63,8.83,8.92,8.86
9.25,9.28,9.25,9.34,9.42,9.51,9.49,9.31,9.48,9.40,9.34,9.28,9.20,9.13,9.08,8.95,9.33,9.29,9.23,9.22,9.09,9.13,9.11,9.38,9.47,9.57,9.67,9.56,9.37,9.39,9.40,9.31,9.17,9.39,9.39,9.65,9.79,9.88,9.72,9.65,9.44,8.96,8.90,8.64,8.84,8.78,8.95,8.95,9.23,9.18,9.34,9.22,9.34,9.31,9.39,9.37,9.22,9.17,9.21,9.06,8.88,8.86,8.87,8.91,8.99,9.03,9.09,9.21,9.32,9.58,9.53,9.57,9.62,9.37,9.56,9.49,9.50,9.46,9.61,9.52,9.47,9.02,9.38,9.10,9.14,9.14,8.90,8.99,9.08,9.42,8.97,9.02,8.95,9.05,9.11,9.00,9.01,9.13,9.15,9.00,8.95,9.02,9.04,9.15,9.17,9.09,9.11,9.15,9.01,8.85,9.06,9.59,10.23,10.20,9.81,9.95,9.90,9.92,9.91,9.60,9.39,9.41,9.47,9.51,9.50,9.52,9.81,9.65,9.43,9.29,9.33,9.33,9.48,9.27,8.99,8.96,9.02,9.04,9.17,9.22,9.29,9.27,9.15,8.95,8.78,8.76,8.65,8.45,8.46,8.66,8.73,8.51,8.46,8.64,8.52,8.45,8.57,8.78,8.69,8.81
9.21,9.42,9.37,9.56,9.58,9.56,9.50,9.41,9.51,9.52,9.41,9.28,9.28,9.39,9.41,9.20,9.52,9.51,9.48,9.53,9.41,9.48,9.49,9.83,9.88,9.86,9.80,9.66,9.53,9.52,9.57,9.57,9.38,9.41,9.43,9.56,9.70,9.85,9.85,9.68,9.39,9.13,8.97,8.80,8.87,8.91,9.06,8.96,8.95,8.97,9.14,9.14,9.10,9.14,9.20,9.05,8.85,8.87,8.99,8.94,8.82,8.74,8.63,8.55,8.75,8.81,8.93,9.08,9.17,9.48,9.51,9.48,9.33,8.97,8.95,9.00,9.10,9.14,9.13,8.92,8.95,8.84,9.09,9.12,8.88,9.00,8.74,8.94,9.21,9.28,8.90,8.87,8.78,8.88,8.99,8.84,8.87,9.00,9.10,9.05,8.96,8.96,8.97,9.14,9.23,9.14,9.15,9.11,8.92,8.86,9.01,9.34,9.88,10.03,9.79,9.89,9.90,9.79,9.88,9.75,9.52,9.56,9.58,9.60,9.56,9.49,9.75,9.71,9.58,9.30,9.15,9.24,9.25,9.01,8.91,9.00,9.08,9.15,9.00,8.69,8.91,9.00,8.77,8.58,8.64,8.76,8.68,8.66,8.54,8.51,8.51,8.46,8.47,8.65,8.45,8.39,8.52,8.68,8.65,8.87
9.25,9.52,9.42,9.60,9.63,9.58,9.50,9.38,9.43,9.43,9.43,9.41,9.44,9.54,9.52,9.43,9.60,9.65,9.58,9.48,9.37,9.61,9.70,9.89,9.98,9.86,9.91,9.89,9.60,9.42,9.51,9.56,9.28,9.41,9.18,9.42,9.48,9.71,9.88,9.73,9.53,9.28,8.95,9.18,9.14,9.36,9.17,8.80,8.97,9.05,9.18,9.11,8.91,8.96,8.94,8.69,8.55,8.69,8.80,8.67,8.62,8.66,8.62,8.59,8.75,8.69,8.81,9.00,9.11,9.36,9.29,9.17,9.17,8.83,8.80,8.75,8.81,8.88,8.73,8.73,8.67,8.74,8.81,8.78,8.71,8.82,8.95,8.94,8.99,9.04,8.80,8.77,8.71,8.68,8.84,8.83,8.94,8.96,8.99,8.90,8.95,9.03,8.94,9.02,9.14,9.15,9.09,9.03,8.97,8.91,8.92,9.17,9.86,10.05,9.89,9.87,9.99,9.80,9.87,9.62,9.52,9.70,9.72,9.66,9.63,9.72,9.87,9.56,9.51,9.25,9.02,9.23,9.18,8.93,8.80,8.85,8.95,8.94,8.87,8.80,8.66,8.63,8.57,8.47,8.40,8.48,8.39,8.68,8.56,8.42,8.46,8.63,8.59,8.52,8.27,8.28,8.42,8.55,8.67,8.85
9.47,9.51,9.53,9.69,9.63,9.52,9.50,9.39,9.27,9.23,9.33,9.44,9.56,9.63,9.51,9.54,9.56,9.46,9.37,9.30,9.17,9.58,9.61,9.70,9.68,9.73,9.87,9.86,9.63,9.46,9.47,9.49,9.36,9.53,9.28,9.48,9.54,9.69,9.85,9.83,9.75,9.61,9.44,9.30,8.97,9.36,9.33,8.72,8.93,8.99,9.11,9.11,8.90,8.57,8.54,8.54,8.30,8.45,8.62,8.42,8.46,8.59,8.63,8.66,8.71,8.76,8.96,9.12,9.10,9.20,9.23,9.05,9.04,8.74,8.63,8.39,8.56,8.69,8.69,8.68,8.41,8.38,8.31,8.69,8.76,8.83,8.78,8.56,8.68,8.90,8.71,8.83,8.62,8.86,8.76,8.74,8.77,8.84,8.90,8.80,8.77,8.91,8.92,8.96,8.96,8.96,9.05,9.06,9.01,8.96,9.03,9.41,10.10,10.11,9.96,9.87,9.95,9.91,9.91,9.63,9.61,9.79,9.70,9.61,9.60,9.67,9.86,9.69,9.59,9.13,9.05,9.13,9.19,9.03,8.87,8.78,8.75,8.74,8.62,8.73,8.69,8.64,8.54,8.55,8.63,8.56,8.67,8.59,8.59,8.56,8.55,8.63,8.56,8.60,8.28,8.25,8.39,8.47,8.50,8.75
9.65,9.49,9.61,9.78,9.61,9.43,9.41,9.30,9.06,9.02,9.11,9.24,9.37,9.52,9.65,9.43,9.37,9.30,9.19,9.12,9.20,9.42,9.66,9.67,9.66,9.67,9.73,9.72,9.58,9.34,9.19,9.42,9.13,9.48,9.18,9.42,9.57,9.90,10.12,10.03,10.01,9.89,9.87,9.63,9.25,9.29,9.01,8.67,9.08,9.30,9.23,9.15,8.97,8.73,8.71,8.64,8.49,8.52,8.72,8.74,8.63,8.71,8.80,8.82,8.86,8.75,9.02,9.06,8.82,9.11,9.24,9.09,8.85,8.41,8.66,8.77,8.92,9.00,8.81,8.76,8.65,8.52,8.24,8.52,8.57,8.68,8.57,8.48,8.62,8.62,8.69,8.57,8.78,8.75,8.68,8.71,8.75,8.68,8.80,8.74,8.82,9.00,9.08,9.03,8.94,8.93,9.05,9.13,9.09,9.06,9.19,9.61,10.16,10.19,10.03,9.92,9.96,9.98,9.89,9.70,9.59,9.71,9.77,9.71,9.66,9.72,9.83,9.68,9.76,9.09,9.11,9.21,9.20,9.08,8.90,8.78,8.75,8.65,8.60,8.73,8.72,8.52,8.49,8.41,8.30,8.32,8.21,8.41,8.48,8.60,8.62,8.52,8.65,8.66,8.37,8.43,8.60,8.60,8.56,8.97
9.72,9.57,9.73,9.81,9.67,9.46,9.29,8.99,9.09,9.12,9.15,9.15,9.19,9.32,9.37,9.36,9.31,9.25,9.21,9.23,9.24,9.37,9.46,9.75,9.60,9.66,9.72,9.54,9.30,9.28,9.29,9.48,9.21,9.43,9.44,9.43,9.57,9.77,10.02,10.14,10.02,9.98,9.71,9.53,8.80,9.14,9.09,8.88,9.12,9.18,9.44,9.05,8.63,8.48,8.49,8.49,8.49,8.65,8.69,8.64,8.72,8.68,8.65,8.55,8.49,8.68,8.95,8.97,8.86,9.10,8.91,8.88,8.78,8.45,8.60,8.71,8.90,9.13,9.27,9.20,9.02,8.74,8.68,8.65,8.59,8.55,8.73,8.66,8.52,8.73,8.72,8.69,8.83,8.87,8.90,8.62,8.93,8.92,8.95,8.92,8.90,8.96,9.08,9.10,8.96,8.96,9.13,9.24,9.18,9.06,9.13,9.52,10.02,10.21,9.99,10.05,10.20,10.03,9.90,9.76,9.57,9.62,9.73,9.70,9.60,9.65,9.83,9.65,9.72,9.19,9.20,9.21,9.25,9.12,8.87,8.77,8.78,8.66,8.68,8.43,8.54,8.54,8.55,8.50,8.42,8.42,8.57,8.36,8.34,8.36,8.45,8.56,8.51,8.59,8.50,8.43,8.52,8.63,8.39,8.91
9.85,9.58,9.89,9.85,9.61,9.38,9.25,9.00,9.15,9.19,9.24,9.15,8.94,9.10,9.42,9.15,9.11,9.20,9.28,9.21,8.87,9.18,9.22,9.39,9.40,9.42,9.48,9.37,9.20,9.28,9.21,9.31,9.22,9.19,9.32,9.50,9.51,9.69,9.99,10.09,10.00,9.91,9.69,9.40,9.05,8.95,9.02,8.77,9.25,9.27,9.48,9.12,8.84,8.73,8.66,8.56,8.58,8.67,8.63,8.68,8.75,8.65,8.56,8.73,8.84,8.85,8.94,8.93,9.00,9.31,9.23,8.75,8.78,8.62,8.86,9.15,9.11,9.23,9.23,9.43,9.21,8.96,9.00,8.66,8.54,8.51,8.81,8.45,8.83,8.83,8.92,8.85,8.97,8.95,9.05,8.87,9.13,9.12,9.08,8.88,8.99,9.02,9.18,9.19,9.11,9.03,9.04,9.06,9.03,9.04,9.02,9.31,9.79,9.97,9.91,10.12,10.20,10.00,9.91,9.71,9.62,9.77,9.77,9.69,9.54,9.50,9.70,9.57,9.57,9.30,9.33,9.23,9.27,9.15,8.90,8.77,8.81,8.80,8.72,8.48,8.43,8.48,8.43,8.47,8.56,8.59,8.38,8.50,8.50,8.49,8.43,8.38,8.50,8.43,8.54,8.56,8.67,8.75,8.60,9.05
9.65,9.34,9.44,9.48,9.37,9.18,9.01,9.08,9.01,8.99,9.32,9.49,9.24,9.08,9.25,9.11,9.02,8.90,8.87,8.97,8.91,9.06,8.95,9.08,9.19,9.25,9.30,9.36,9.41,9.43,9.38,9.32,9.21,9.30,9.44,9.50,9.46,9.60,9.80,9.86,9.91,9.87,9.67,9.46,9.29,8.90,9.04,9.05,9.36,9.25,9.25,9.05,8.85,8.74,8.81,8.88,8.69,8.59,8.80,8.99,9.01,8.92,8.83,8.83,9.06,8.85,8.91,8.90,8.91,9.05,9.03,9.01,9.00,8.91,8.99,8.92,8.81,8.77,8.90,8.97,8.93,9.12,9.15,8.65,8.88,8.64,8.83,8.51,8.60,8.85,8.59,8.65,8.68,8.87,8.95,8.78,8.99,9.00,8.95,8.78,8.75,8.80,8.91,9.08,9.10,8.90,8.82,8.92,8.94,9.00,8.97,9.14,9.70,9.93,9.96,10.09,10.08,9.97,9.91,9.67,9.60,9.87,9.86,9.70,9.56,9.51,9.62,9.49,9.62,9.37,9.37,9.31,9.33,9.31,9.05,8.93,9.01,8.87,8.64,8.71,8.59,8.58,8.54,8.60,8.69,8.63,8.68,8.63,8.56,8.63,8.76,8.84,8.67,8.67,8.66,8.64,8.63,8.65,8.71,8.68
9.79,9.47,9.62,9.62,9.31,8.97,8.95,8.83,9.22,9.31,9.52,9.50,9.18,9.32,9.33,8.91,8.71,8.78,8.85,8.72,8.75,9.06,9.00,8.90,8.96,9.14,9.37,9.52,9.43,9.24,9.20,9.36,9.43,9.47,9.50,9.56,9.51,9.77,9.96,9.81,9.80,9.63,9.52,9.19,8.96,9.00,8.95,8.81,9.11,9.44,9.44,9.14,9.19,9.08,9.10,9.25,9.11,9.06,9.09,9.05,9.14,8.99,8.74,8.83,8.95,8.93,8.86,9.02,9.08,9.21,9.29,9.10,9.00,9.00,8.95,9.02,9.04,8.92,8.91,9.21,9.01,9.11,9.04,9.01,8.92,8.74,8.46,8.52,8.46,8.72,8.71,8.65,8.52,8.82,8.69,8.74,8.60,8.68,8.68,8.62,8.73,8.80,8.87,9.12,9.25,9.05,8.93,8.92,8.80,8.78,8.91,9.24,9.91,10.06,9.95,10.00,10.11,9.96,9.98,9.82,9.61,9.72,9.67,9.59,9.56,9.54,9.73,9.58,9.80,9.41,9.33,9.33,9.31,9.30,9.09,8.96,9.02,8.93,8.74,8.69,8.60,8.65,8.68,8.72,8.73,8.66,8.59,8.64,8.67,8.62,8.66,8.84,8.86,8.72,8.71,8.72,8.63,8.51,8.54,8.75
9.86,9.57,9.77,9.70,9.39,9.06,9.03,9.10,9.02,9.17,9.31,9.33,9.30,9.29,8.99,8.57,8.49,8.50,8.57,8.73,8.69,8.59,8.39,8.74,8.76,8.88,9.05,9.15,9.32,9.12,9.12,9.15,9.48,9.32,9.48,9.41,9.36,9.65,10.02,10.09,9.93,9.81,9.63,9.39,9.02,8.88,9.03,8.96,9.11,9.17,9.18,9.04,8.88,8.92,8.93,8.97,8.87,8.81,8.91,8.87,8.88,8.75,8.65,8.57,8.62,8.59,8.84,8.83,8.76,9.03,9.08,8.96,8.81,8.86,8.82,9.13,8.96,9.05,8.84,8.83,8.96,9.05,8.93,8.81,8.72,8.80,8.47,8.72,8.77,8.56,8.56,8.64,8.58,8.66,8.69,8.74,8.85,8.74,8.76,8.73,8.81,8.80,8.94,9.29,9.51,9.36,9.18,9.05,8.73,8.54,8.81,9.28,9.92,10.07,9.95,9.93,10.06,10.02,9.92,9.75,9.57,9.65,9.58,9.62,9.66,9.65,9.81,9.69,9.75,9.28,9.30,9.18,9.24,9.18,8.96,8.90,8.94,8.84,8.85,8.64,8.59,8.50,8.57,8.50,8.46,8.73,8.57,8.68,8.77,8.69,8.68,8.78,8.77,8.64,8.71,8.81,8.66,8.41,8.46,8.72
9.68,9.40,9.52,9.71,9.54,9.21,9.18,9.15,9.00,9.02,9.20,9.27,9.14,9.19,8.95,8.58,8.46,8.52,8.64,8.63,8.17,8.55,8.59,8.73,8.72,8.80,8.94,9.05,9.12,9.12,9.19,9.30,9.31,9.23,9.23,9.34,9.28,9.48,9.83,9.83,9.71,9.70,9.54,9.31,8.95,8.97,9.13,8.84,8.87,9.18,9.08,8.87,8.86,8.88,8.90,8.73,8.52,8.56,8.66,8.58,8.51,8.50,8.36,8.34,8.62,8.66,8.78,8.57,8.67,8.84,8.95,8.94,9.03,8.76,8.69,8.97,8.91,9.12,9.11,8.80,8.95,9.28,9.02,8.75,8.63,8.64,8.64,8.47,8.78,8.83,8.93,8.72,8.69,8.56,8.66,8.97,8.93,8.56,8.66,8.69,8.84,8.87,8.96,9.09,9.28,9.32,9.14,8.92,8.65,8.47,8.57,9.18,9.99,10.09,9.87,9.81,10.01,10.12,10.00,9.82,9.50,9.66,9.61,9.59,9.67,9.68,9.85,9.72,9.67,9.17,9.22,9.09,9.21,9.10,8.84,8.81,8.90,8.77,8.84,8.60,8.68,8.54,8.51,8.47,8.50,8.72,8.54,8.72,8.91,8.83,8.71,8.73,8.74,8.60,8.62,8.63,8.49,8.32,8.45,8.77
9.59,9.72,9.58,9.44,9.39,9.29,9.08,9.19,9.09,8.99,8.96,8.97,8.95,8.91,8.85,8.57,8.51,8.51,8.49,8.46,8.20,8.34,8.58,8.69,8.81,8.83,8.85,8.92,8.97,8.85,8.97,9.19,9.39,9.28,9.28,9.49,9.62,9.63,9.77,9.88,9.77,9.77,9.52,9.24,8.88,9.02,8.85,8.86,8.55,8.67,8.73,8.82,8.77,8.65,8.64,8.67,8.65,8.71,8.76,8.67,8.66,8.66,8.58,8.59,8.60,8.72,8.73,8.81,8.67,8.94,9.14,8.69,8.74,8.93,9.20,9.32,9.37,9.44,9.32,9.17,9.19,9.19,9.34,9.14,8.58,8.60,8.68,8.24,8.73,8.66,8.55,8.68,8.67,8.60,8.69,9.06,8.86,8.82,8.80,8.67,8.75,8.84,9.03,9.17,9.03,8.91,8.92,8.87,8.78,8.68,8.75,9.13,9.98,10.11,9.90,10.08,10.06,10.01,10.06,9.99,9.50,9.68,9.67,9.56,9.57,9.65,9.92,9.86,9.75,9.28,9.19,9.13,9.15,9.06,8.83,8.75,8.84,8.78,8.75,8.71,8.72,8.58,8.58,8.64,8.67,8.64,8.51,8.62,8.76,8.73,8.68,8.67,8.66,8.67,8.76,8.65,8.48,8.38,8.45,8.73
9.69,9.66,9.51,9.37,9.28,9.23,9.19,9.09,9.01,8.91,8.72,8.63,8.77,8.85,8.69,8.71,8.63,8.59,8.60,8.50,8.45,8.62,8.68,8.74,8.67,8.81,8.95,8.92,8.96,8.86,8.85,8.81,9.31,9.31,9.46,9.40,9.44,9.58,9.68,9.72,9.58,9.47,9.51,9.05,8.91,9.00,8.92,8.85,8.72,8.81,8.86,8.75,8.67,8.77,8.73,8.54,8.52,8.62,8.63,8.54,8.48,8.72,8.56,8.46,8.34,8.50,8.86,9.04,8.87,9.00,9.14,8.86,8.86,8.82,9.15,9.08,9.24,9.22,9.25,9.29,9.32,9.28,9.13,9.18,8.90,8.82,8.75,8.52,8.80,8.91,8.62,8.78,8.73,8.67,8.76,8.94,8.99,8.81,8.73,8.49,8.52,8.75,9.08,9.18,9.06,8.99,8.93,8.91,8.75,8.60,8.77,9.03,9.82,10.19,10.08,9.93,9.95,10.02,10.17,9.99,9.58,9.68,9.69,9.68,9.62,9.59,9.89,9.91,9.65,9.28,9.22,9.19,9.20,9.12,8.91,8.73,8.71,8.75,8.62,8.82,8.59,8.42,8.46,8.56,8.59,8.58,8.60,8.42,8.52,8.58,8.58,8.60,8.62,8.64,8.75,8.67,8.56,8.50,8.46,8.80
9.47,9.39,9.42,9.28,9.24,9.32,9.20,9.03,8.95,8.77,8.63,8.51,8.43,8.64,8.49,8.49,8.55,8.50,8.47,8.64,8.50,8.59,8.49,8.60,8.68,8.71,8.72,8.73,8.74,8.42,8.57,8.75,9.00,9.19,9.43,9.29,9.30,9.49,9.59,9.63,9.51,9.24,9.05,9.14,9.21,8.95,9.01,8.66,8.58,8.56,8.68,8.85,8.82,8.75,8.59,8.41,8.41,8.49,8.59,8.59,8.49,8.68,8.65,8.69,8.73,8.72,8.63,8.74,8.80,8.88,9.06,8.74,8.78,8.62,9.29,9.09,9.21,8.86,9.14,9.10,9.12,9.12,9.33,9.09,8.73,8.57,8.45,8.37,8.74,8.62,8.55,8.74,8.65,8.55,8.71,8.69,8.83,8.85,8.75,8.88,8.72,8.73,8.90,8.93,8.95,8.82,8.83,8.88,8.60,8.54,8.69,8.88,9.58,9.97,9.82,9.82,9.80,9.81,10.06,9.95,9.57,9.60,9.57,9.52,9.49,9.54,9.81,9.70,9.61,9.29,9.06,9.28,9.29,9.15,8.91,8.67,8.62,8.69,8.50,8.62,8.48,8.39,8.40,8.39,8.41,8.56,8.75,8.33,8.50,8.55,8.51,8.51,8.56,8.65,8.72,8.66,8.58,8.55,8.55,8.73
9.46,9.36,9.37,9.31,9.27,9.18,8.86,8.83,8.84,8.62,8.47,8.48,8.51,8.60,8.34,8.34,8.47,8.47,8.38,8.47,8.56,8.42,8.52,8.57,8.74,8.88,8.73,8.51,8.80,8.63,8.50,8.75,8.82,9.05,9.25,9.23,9.24,9.41,9.51,9.37,9.24,9.11,9.14,9.04,9.08,8.93,8.94,8.66,8.74,8.75,8.73,8.78,8.76,8.72,8.65,8.47,8.43,8.54,8.59,8.64,8.55,8.46,8.46,8.76,8.57,8.52,8.74,8.86,8.85,8.82,8.62,8.67,8.84,8.55,8.64,8.94,9.29,9.09,9.10,9.21,9.15,8.88,9.01,9.02,8.75,8.57,8.52,8.65,8.69,8.62,8.60,8.63,8.45,8.45,8.54,8.83,8.76,8.74,8.72,8.58,8.64,8.90,8.92,8.95,8.97,8.82,8.83,8.80,8.56,8.73,8.86,8.90,9.65,9.87,9.73,9.80,9.90,10.02,10.03,9.90,9.69,9.70,9.58,9.58,9.67,9.63,9.71,9.78,9.77,9.50,9.18,9.21,9.36,9.20,8.90,8.74,8.75,8.64,8.59,8.64,8.65,8.52,8.50,8.43,8.37,8.55,8.74,8.43,8.58,8.57,8.49,8.47,8.41,8.69,8.68,8.62,8.50,8.45,8.51,8.60
9.22,9.28,9.33,9.32,9.23,9.02,8.65,8.66,8.57,8.36,8.21,8.20,8.30,8.37,8.19,8.28,8.38,8.37,8.31,8.40,8.47,8.52,8.48,8.57,8.67,8.77,8.73,8.57,8.60,8.41,8.64,8.54,8.76,8.92,8.92,8.92,9.03,9.18,9.29,9.38,9.47,9.48,9.53,9.08,8.91,8.81,8.80,8.76,8.63,8.69,8.68,8.71,8.54,8.46,8.52,8.51,8.50,8.54,8.62,8.71,8.64,8.54,8.59,8.52,8.50,8.48,8.54,8.67,8.88,8.73,8.60,8.49,8.68,8.41,8.38,8.23,8.62,8.87,8.80,8.81,8.93,8.90,8.88,8.92,8.45,8.41,8.29,8.42,8.38,8.50,8.56,8.80,8.80,8.59,8.49,8.52,8.55,8.37,8.43,8.57,8.51,8.55,8.57,8.74,8.91,8.74,8.66,8.80,8.68,8.59,8.60,8.97,9.73,9.83,9.73,9.85,10.05,10.02,9.81,9.83,9.67,9.60,9.65,9.53,9.51,9.71,9.77,9.69,9.60,9.44,9.24,9.12,9.21,9.02,8.82,8.76,8.71,8.64,8.72,8.77,8.69,8.46,8.46,8.47,8.46,8.58,8.48,8.48,8.64,8.58,8.51,8.54,8.46,8.50,8.42,8.41,8.39,8.33,8.47,8.82
9.09,9.19,9.36,9.23,9.12,9.00,8.54,8.45,8.33,8.20,8.11,8.06,8.08,8.38,8.13,8.24,8.36,8.33,8.28,8.34,8.33,8.55,8.49,8.45,8.71,8.85,8.82,8.82,8.65,8.58,8.85,8.64,8.60,8.87,8.88,8.88,8.86,9.00,9.29,9.47,9.51,9.37,9.41,9.13,8.95,8.86,8.92,8.69,8.50,8.84,8.92,8.82,8.69,8.69,8.76,8.75,8.63,8.63,8.73,8.65,8.58,8.60,8.55,8.56,8.48,8.62,8.60,8.90,8.91,8.52,8.77,8.73,8.74,8.47,8.58,8.49,8.75,8.90,8.58,9.22,8.97,8.58,9.10,8.65,8.64,8.73,8.40,8.52,8.69,8.74,8.71,8.74,8.91,8.63,8.64,8.66,8.69,8.65,8.68,8.59,8.62,8.81,8.76,8.87,9.20,9.10,8.88,8.96,8.77,8.50,8.42,8.97,9.85,10.01,9.81,9.83,10.01,9.83,9.67,9.56,9.48,9.42,9.44,9.52,9.58,9.60,9.66,9.66,9.58,9.48,8.93,9.09,9.20,9.05,8.74,8.66,8.87,8.95,8.71,8.71,8.56,8.37,8.39,8.39,8.40,8.58,8.56,8.58,8.66,8.65,8.66,8.72,8.58,8.58,8.58,8.47,8.40,8.50,8.60,8.88
9.15,9.12,9.28,9.02,8.84,8.78,8.46,8.11,8.11,8.17,8.13,8.04,8.07,8.40,8.16,8.23,8.23,8.24,8.30,8.31,8.23,8.40,8.47,8.49,8.73,8.78,8.75,8.86,8.72,8.64,8.80,8.52,8.68,8.85,8.87,8.71,8.75,9.02,9.23,9.39,9.39,9.40,9.53,9.23,9.06,9.03,8.99,8.71,8.54,8.75,8.85,8.74,8.63,8.66,8.75,8.76,8.59,8.39,8.56,8.60,8.54,8.81,8.64,8.65,8.55,8.55,8.46,8.63,8.64,8.66,8.56,8.69,8.38,8.54,8.52,8.48,8.68,8.67,8.59,8.82,8.87,8.86,8.93,8.65,8.59,8.31,8.68,8.63,8.34,8.65,8.47,8.56,8.63,8.43,8.41,8.56,8.45,8.41,8.57,8.31,8.40,8.51,8.48,8.75,9.00,8.83,8.84,8.84,8.52,8.56,8.55,8.95,9.58,9.83,9.92,10.05,9.86,9.79,9.78,9.41,9.29,9.36,9.32,9.37,9.43,9.32,9.33,9.58,9.37,9.17,9.18,9.02,9.09,8.99,8.72,8.69,8.91,8.80,8.60,8.66,8.56,8.46,8.52,8.57,8.51,8.51,8.57,8.62,8.72,8.76,8.78,8.75,8.50,8.66,8.57,8.42,8.37,8.40,8.45,8.56
9.06,9.06,9.09,8.83,8.62,8.58,8.51,7.97,7.97,8.21,8.30,8.16,8.12,8.40,8.23,8.29,8.19,8.15,8.30,8.38,8.23,8.42,8.47,8.52,8.60,8.67,8.76,8.83,8.65,8.68,8.90,8.40,8.78,8.82,8.94,8.81,8.87,9.02,9.06,9.32,9.52,9.48,9.29,9.17,8.95,9.00,8.95,8.85,8.58,8.60,8.67,8.67,8.71,8.65,8.60,8.51,8.47,8.47,8.45,8.56,8.54,8.66,8.60,8.59,8.47,8.71,8.52,8.72,8.57,8.96,8.80,9.01,8.57,8.42,8.45,8.63,8.47,8.74,8.62,9.11,8.82,8.83,8.94,8.76,8.66,8.52,8.48,8.05,8.27,8.50,8.56,8.38,8.49,8.63,8.56,8.68,8.64,8.46,8.42,8.42,8.52,8.77,8.67,8.72,8.81,8.78,8.85,8.65,8.42,8.50,8.47,8.75,9.18,9.52,9.39,9.59,9.40,9.48,9.25,9.21,9.27,9.46,9.36,9.24,9.28,9.24,9.24,9.29,9.28,9.02,9.21,9.09,9.00,8.90,8.75,8.73,8.76,8.55,8.55,8.60,8.45,8.52,8.47,8.36,8.33,8.49,8.56,8.34,8.47,8.54,8.59,8.59,8.15,8.51,8.42,8.38,8.47,8.62,8.54,8.63
9.10,9.09,8.96,8.76,8.66,8.67,8.59,8.21,8.14,8.34,8.47,8.39,8.32,8.51,8.45,8.52,8.42,8.30,8.29,8.42,8.36,8.60,8.55,8.48,8.57,8.75,8.86,8.81,8.69,8.75,9.03,8.64,8.84,8.73,8.92,8.85,8.78,8.91,9.06,9.24,9.49,9.65,9.38,9.17,8.95,9.24,9.04,8.86,8.64,8.47,8.60,8.82,8.77,8.76,8.65,8.46,8.40,8.33,8.40,8.55,8.58,8.58,8.37,8.54,8.42,8.62,8.54,8.67,8.50,8.87,8.80,8.84,8.62,8.42,8.73,8.82,8.77,9.11,8.90,8.99,8.72,8.72,8.75,8.80,8.51,8.34,8.29,8.14,8.25,8.50,8.60,8.41,8.60,8.50,8.46,8.72,8.58,8.41,8.33,8.39,8.48,8.45,8.42,8.64,8.69,8.58,8.64,8.67,8.49,8.31,8.29,8.57,8.99,9.09,8.93,9.44,9.22,9.04,9.04,9.21,9.30,9.37,9.33,9.24,9.20,9.22,9.22,9.17,9.09,9.02,9.05,8.80,8.83,8.88,8.93,8.80,8.49,8.42,8.50,8.49,8.39,8.32,8.25,8.27,8.43,8.65,8.58,8.48,8.21,8.38,8.66,8.58,8.29,8.51,8.66,8.52,8.47,8.59,8.37,8.43
9.05,8.88,8.72,8.52,8.50,8.54,8.37,8.34,8.30,8.37,8.39,8.38,8.49,8.64,8.69,8.64,8.58,8.47,8.37,8.47,8.37,8.56,8.57,8.51,8.62,8.78,8.83,8.80,8.84,8.78,9.12,8.88,9.03,8.90,8.97,8.93,8.88,8.92,8.96,9.13,9.22,9.49,9.32,9.22,9.06,9.17,8.96,8.90,8.58,8.54,8.66,8.82,8.82,8.73,8.57,8.42,8.41,8.37,8.29,8.47,8.67,8.49,8.28,8.42,8.43,8.43,8.56,8.68,8.50,8.76,8.97,8.83,8.64,8.59,8.41,8.93,8.96,8.81,8.87,9.18,8.97,8.81,8.73,8.63,8.57,8.47,8.45,8.54,8.54,8.43,8.42,8.41,8.41,8.46,8.54,8.39,8.32,8.43,8.45,8.36,8.42,8.45,8.38,8.40,8.37,8.30,8.33,8.37,8.32,8.24,8.25,8.56,8.48,8.63,8.88,9.08,8.91,9.13,9.23,9.09,9.04,9.04,9.04,9.04,8.96,8.87,9.01,9.17,9.04,8.90,9.14,8.99,8.99,8.92,8.77,8.67,8.71,8.65,8.49,8.50,8.58,8.42,8.30,8.25,8.29,8.47,8.65,8.49,8.60,8.73,8.72,8.64,8.54,8.42,8.56,8.59,8.66,8.77,8.58,8.59
9.00,8.73,8.48,8.40,8.27,8.08,8.19,8.29,8.22,8.30,8.40,8.45,8.47,8.60,8.58,8.52,8.57,8.56,8.48,8.57,8.31,8.48,8.62,8.63,8.75,8.81,8.77,8.83,8.81,8.78,9.21,9.06,9.15,9.06,9.04,9.04,8.99,9.00,9.09,9.09,9.14,9.42,9.22,9.31,9.00,9.13,9.12,8.84,8.58,8.58,8.71,8.80,8.73,8.64,8.60,8.55,8.39,8.31,8.40,8.45,8.50,8.27,8.23,8.30,8.27,8.49,8.56,8.66,8.72,8.81,9.04,9.15,8.85,8.56,8.52,8.78,8.88,8.99,8.92,8.94,8.81,8.60,8.77,8.69,8.48,8.49,8.59,8.56,8.47,8.31,8.07,7.95,7.80,8.15,8.17,8.22,8.20,8.19,8.15,8.20,8.34,8.38,8.24,8.25,8.36,8.43,8.49,8.41,8.41,8.51,8.43,8.47,8.41,8.87,8.99,9.04,9.19,9.12,9.03,8.93,8.96,8.93,8.82,8.77,8.72,8.63,8.86,8.92,8.66,9.18,9.18,9.03,9.25,9.10,8.76,8.67,8.74,8.58,8.75,8.57,8.69,8.56,8.38,8.30,8.37,8.54,8.64,8.64,8.51,8.45,8.38,8.31,8.56,8.57,8.60,8.48,8.48,8.68,8.65,8.81
8.86,8.64,8.66,8.71,8.52,8.29,8.45,8.64,8.43,8.40,8.52,8.66,8.63,8.54,8.59,8.62,8.60,8.52,8.46,8.56,8.37,8.62,8.55,8.62,8.86,8.92,8.87,8.91,8.82,8.71,9.06,9.06,9.05,8.87,8.92,9.02,8.88,8.83,8.99,8.95,9.04,9.15,9.13,9.36,8.97,8.86,8.95,8.64,8.34,8.47,8.60,8.62,8.54,8.39,8.17,8.02,7.91,7.91,8.05,8.07,8.21,8.06,7.98,8.24,8.24,8.23,8.12,8.36,8.49,8.71,9.20,9.17,8.86,8.57,8.33,8.23,8.48,8.40,8.37,8.43,8.62,8.16,8.29,8.40,8.22,8.37,8.41,8.31,8.55,8.48,8.16,7.91,7.86,7.80,7.89,8.02,7.98,8.11,8.28,8.38,8.21,8.08,8.06,8.13,8.24,8.37,8.42,8.27,8.34,8.36,8.28,8.54,8.43,8.58,8.86,8.78,8.88,8.94,8.78,8.81,8.66,8.67,8.58,8.37,8.34,8.48,8.59,8.71,8.81,8.96,9.17,8.93,9.04,8.93,8.63,8.55,8.60,8.49,8.57,8.54,8.67,8.46,8.42,8.49,8.41,8.23,8.49,8.46,8.43,8.46,8.47,8.38,8.25,8.40,8.52,8.58,8.60,8.66,8.58,8.75
9.00,8.56,8.59,8.50,8.45,8.42,8.30,8.54,8.37,8.42,8.65,8.74,8.50,8.49,8.74,8.56,8.57,8.56,8.50,8.68,8.45,8.65,8.49,8.50,8.77,8.90,8.88,8.92,8.87,8.67,8.90,8.92,9.02,8.87,8.95,9.03,8.95,8.90,8.88,8.85,8.96,9.01,9.08,9.36,9.10,9.03,8.81,8.59,8.51,8.63,8.59,8.52,8.55,8.50,8.32,8.12,7.97,7.94,8.03,8.03,8.04,8.03,7.99,8.15,8.02,8.20,7.95,8.25,8.76,8.56,8.94,8.97,8.88,8.72,8.25,8.12,8.48,8.40,8.12,7.99,8.28,8.19,8.19,8.11,8.19,8.31,8.08,8.41,8.52,8.60,8.52,8.47,8.08,8.06,7.98,8.10,8.16,8.22,8.23,8.11,8.15,8.29,8.33,8.46,8.39,8.23,8.29,8.29,8.23,8.27,8.34,8.71,8.20,8.65,8.58,8.45,8.81,8.91,8.74,8.66,8.59,8.66,8.63,8.50,8.48,8.49,8.48,8.51,8.74,8.93,9.02,8.96,9.13,8.97,8.65,8.51,8.47,8.51,8.59,8.55,8.51,8.38,8.56,8.57,8.22,8.33,8.37,8.39,8.43,8.47,8.48,8.51,8.37,8.57,8.51,8.51,8.62,8.69,8.68,8.85
8.80,8.64,8.54,8.55,8.62,8.68,8.63,8.57,8.67,8.60,8.54,8.59,8.68,8.30,8.76,8.76,8.82,8.81,8.75,8.94,8.58,8.75,8.74,8.69,8.76,8.75,8.75,8.80,8.75,8.65,8.91,8.95,9.20,9.01,8.99,9.03,9.00,9.00,8.97,8.88,8.94,9.08,9.15,9.27,9.18,9.17,9.04,8.88,8.85,8.76,8.67,8.48,8.45,8.43,8.29,8.13,8.05,8.04,8.02,8.03,8.29,8.15,8.22,8.43,8.34,8.41,8.29,8.41,8.76,8.72,8.73,8.84,8.80,8.58,8.22,8.27,8.15,8.31,8.28,8.43,8.51,8.28,8.50,8.47,8.66,8.31,8.34,8.48,8.36,8.48,8.41,8.39,8.54,8.71,8.81,8.86,8.76,8.50,8.63,8.72,8.66,8.69,8.76,8.75,8.55,8.40,8.43,8.41,8.45,8.49,8.32,8.46,8.45,8.66,8.37,8.54,8.55,8.51,8.60,8.46,8.57,8.73,8.59,8.55,8.63,8.51,8.80,8.66,8.84,8.99,8.87,8.81,8.84,8.81,8.74,8.71,8.74,8.80,8.50,8.37,8.58,8.50,8.55,8.54,8.34,8.56,8.30,8.50,8.60,8.63,8.67,8.67,8.58,8.54,8.51,8.55,8.67,8.81,8.86,8.84
8.87,8.77,8.46,8.56,8.59,8.49,8.62,8.37,8.50,8.59,8.48,8.43,8.58,8.41,8.78,8.84,8.86,8.76,8.72,8.96,8.67,8.82,8.93,8.88,8.73,8.73,8.81,8.77,8.69,8.65,8.96,8.92,9.12,8.93,8.84,8.95,8.90,8.84,8.97,9.01,8.90,8.94,9.23,9.12,9.14,9.22,9.34,9.20,9.00,8.90,8.87,8.74,8.60,8.64,8.63,8.64,8.68,8.59,8.64,8.87,8.93,8.77,8.72,8.74,8.95,8.94,8.88,8.80,8.94,8.74,8.72,8.69,8.77,8.31,8.33,8.40,8.52,8.57,8.50,8.52,8.56,8.29,8.32,8.32,8.46,8.37,8.39,8.36,8.41,8.85,8.66,8.71,8.93,8.90,9.04,9.04,9.04,8.88,8.80,8.88,8.96,9.06,8.99,8.81,8.66,8.56,8.62,8.60,8.43,8.73,8.55,8.47,8.28,8.45,8.37,8.50,8.73,8.46,8.59,8.38,8.43,8.51,8.48,8.43,8.33,8.33,8.71,8.77,8.54,8.51,8.65,8.85,8.86,8.78,8.77,8.81,8.88,9.03,8.85,8.57,8.72,8.49,8.48,8.51,8.39,8.69,8.29,8.47,8.57,8.55,8.56,8.65,8.54,8.57,8.59,8.68,8.73,8.67,8.77,8.92
8.91,8.69,8.59,8.73,8.75,8.71,8.78,8.67,8.73,8.67,8.73,8.82,8.77,8.84,8.88,8.88,8.84,8.77,8.83,9.06,8.71,8.90,8.96,8.77,8.92,9.09,9.01,8.86,8.87,8.85,9.18,8.91,9.08,9.05,8.90,8.95,8.88,8.83,9.02,9.05,8.88,8.88,9.17,9.14,9.21,9.25,9.37,9.23,9.02,8.93,8.90,8.86,8.77,8.88,9.00,9.01,8.92,8.77,8.85,9.01,9.04,8.99,8.99,8.91,9.18,9.14,9.08,9.08,8.99,9.00,8.86,8.73,8.69,8.29,8.40,8.45,8.38,8.58,8.54,8.45,8.66,8.36,8.14,8.05,8.33,8.40,8.29,8.59,8.46,8.75,8.54,8.76,8.95,8.74,8.99,9.06,8.97,8.94,8.85,8.72,8.66,8.69,8.75,8.72,8.76,8.83,8.62,8.51,8.64,8.85,8.68,8.75,8.46,8.60,8.43,8.50,8.60,8.51,8.49,8.49,8.62,8.63,8.59,8.59,8.56,8.67,8.86,8.74,8.69,8.59,8.63,8.59,8.64,8.67,8.65,8.60,8.68,9.15,9.06,8.83,8.75,8.54,8.54,8.58,8.49,8.78,8.59,8.55,8.57,8.55,8.56,8.73,8.45,8.59,8.75,8.72,8.67,8.80,8.72,8.95
8.83,8.71,8.80,8.78,8.75,8.78,8.85,8.78,8.82,8.84,9.04,9.12,8.82,8.75,8.84,8.76,8.72,8.78,8.86,8.84,8.82,8.87,8.83,8.86,8.97,9.06,9.01,8.88,8.85,8.93,8.96,9.10,9.21,9.19,9.03,8.95,8.87,8.93,9.05,8.97,8.90,8.95,9.08,9.17,9.32,9.13,9.38,9.30,9.09,8.94,8.83,8.82,8.77,8.87,8.95,8.90,8.86,8.92,8.97,8.93,8.95,8.91,8.84,8.81,8.78,8.84,8.88,8.82,8.82,8.86,8.83,8.71,8.66,8.36,8.39,8.33,8.25,8.50,8.34,8.45,8.37,8.34,8.38,8.41,8.42,8.46,8.23,8.42,8.46,8.84,8.63,8.64,8.93,8.65,8.73,9.00,9.05,9.06,8.84,8.64,8.68,8.78,8.68,8.62,8.65,8.69,8.78,8.69,8.65,8.56,8.67,8.66,8.42,8.57,8.29,8.68,8.68,8.43,8.60,8.64,8.66,8.66,8.58,8.59,8.69,8.74,8.72,8.60,8.63,8.64,8.55,8.52,8.63,8.71,8.71,8.62,8.55,8.96,8.96,8.93,8.82,8.57,8.57,8.64,8.46,8.76,8.72,8.60,8.55,8.55,8.58,8.71,8.39,8.25,8.58,8.60,8.45,8.83,8.76,8.93
8.99,8.96,8.91,8.71,8.72,8.90,8.99,8.74,8.82,8.99,9.06,8.96,8.82,9.03,8.94,8.71,8.71,8.77,8.72,8.56,8.83,8.91,9.05,8.94,8.92,8.96,8.95,8.92,8.92,9.00,9.10,9.10,9.14,9.18,9.04,8.93,8.99,9.05,9.02,8.94,8.88,8.99,9.18,9.12,9.41,9.18,9.37,9.39,9.22,9.05,8.83,8.73,8.67,8.76,8.82,8.76,8.78,8.83,8.84,8.78,8.80,8.76,8.76,8.78,8.69,8.71,8.92,8.78,8.80,8.66,8.74,8.58,8.57,8.42,8.22,8.38,8.17,8.12,7.91,8.00,7.97,8.20,8.25,8.27,8.41,8.31,8.51,8.60,8.40,8.54,8.48,8.59,8.75,8.58,8.65,8.87,9.11,8.99,8.73,8.63,8.68,8.68,8.59,8.63,8.64,8.64,8.66,8.63,8.62,8.45,8.54,8.67,8.47,8.73,8.40,8.78,8.73,8.38,8.36,8.54,8.56,8.55,8.56,8.64,8.73,8.62,8.74,8.65,8.81,8.71,8.55,8.43,8.41,8.51,8.64,8.59,8.47,8.60,8.63,8.57,8.57,8.50,8.51,8.54,8.34,8.77,8.72,8.62,8.49,8.39,8.32,8.34,8.05,7.83,8.21,8.38,8.19,8.55,8.74,8.92
9.11,9.00,8.88,8.77,8.80,8.91,8.96,8.69,8.83,8.91,8.83,8.82,8.96,9.02,8.94,8.83,8.81,8.74,8.67,8.62,8.74,9.06,8.86,8.91,9.10,9.11,9.14,9.27,9.24,9.10,9.22,9.24,9.24,9.21,8.97,8.91,9.06,9.15,9.03,8.88,8.93,9.13,9.40,9.27,9.43,9.27,9.28,9.34,9.32,9.21,8.97,8.72,8.59,8.60,8.71,8.69,8.59,8.69,8.74,8.62,8.68,8.69,8.81,8.75,8.67,8.82,8.68,8.52,8.64,8.48,8.64,8.45,8.48,8.31,8.11,8.19,7.97,7.93,7.63,7.86,8.03,8.12,8.03,8.33,8.41,8.22,8.22,8.43,8.29,8.25,8.49,8.51,8.52,8.56,8.82,9.02,8.93,8.92,8.73,8.64,8.71,8.66,8.64,8.62,8.58,8.57,8.51,8.67,8.69,8.52,8.56,8.58,8.52,8.60,8.48,8.77,8.58,8.56,8.52,8.62,8.60,8.52,8.48,8.48,8.63,8.54,8.75,8.71,8.90,8.81,8.72,8.62,8.56,8.62,8.59,8.40,8.42,8.42,8.38,8.47,8.52,8.54,8.55,8.57,8.48,8.86,8.87,8.59,8.39,8.23,8.02,7.96,7.58,7.63,7.95,8.13,8.13,8.46,8.74,8.96
9.05,8.95,8.87,8.83,8.88,8.95,8.90,8.71,8.93,8.84,8.85,8.88,8.86,8.87,8.87,8.85,8.80,8.75,8.73,8.68,8.72,8.74,8.85,8.75,8.73,8.81,9.02,9.28,9.37,9.02,9.14,9.33,9.24,9.27,9.02,9.01,9.19,9.22,9.12,9.06,8.99,9.15,9.37,9.38,9.29,9.31,9.43,9.36,9.34,9.27,9.05,8.74,8.58,8.47,8.59,8.69,8.54,8.60,8.74,8.63,8.62,8.67,8.75,8.65,8.46,8.76,8.62,8.38,8.71,8.52,8.49,8.50,8.47,8.28,8.30,8.00,8.11,7.91,7.96,7.99,8.16,8.21,8.11,8.47,8.30,8.37,8.47,8.64,8.47,8.43,8.43,8.51,8.63,8.55,8.57,8.78,8.77,8.81,8.75,8.65,8.58,8.55,8.62,8.62,8.59,8.60,8.58,8.76,8.74,8.56,8.63,8.71,8.48,8.68,8.56,8.73,8.67,8.65,8.75,8.75,8.71,8.65,8.63,8.65,8.68,8.52,8.75,8.68,8.73,8.82,8.86,8.77,8.76,8.82,8.65,8.33,8.55,8.37,8.38,8.65,8.56,8.45,8.54,8.72,8.78,9.00,9.01,8.71,8.43,8.23,7.99,7.87,7.57,7.61,7.66,7.89,8.31,8.41,8.68,8.92
9.00,8.99,8.95,8.83,8.86,8.93,8.85,8.72,8.92,8.85,8.84,8.86,8.85,8.92,8.90,8.93,9.00,9.02,8.99,8.94,8.96,8.93,8.82,8.93,8.94,9.13,9.30,9.32,9.27,9.06,9.24,9.06,9.09,9.05,9.17,9.14,9.09,9.09,9.19,9.24,9.11,9.23,9.31,9.24,9.47,9.44,9.48,9.37,9.30,9.15,8.92,8.78,8.76,8.63,8.60,8.72,8.60,8.52,8.68,8.62,8.62,8.69,8.76,8.65,8.50,8.60,8.60,8.46,8.66,8.58,8.39,8.56,8.46,8.22,8.51,8.13,8.03,8.08,7.97,7.86,8.03,8.08,7.99,8.23,8.30,8.36,8.33,8.48,8.39,8.55,8.52,8.54,8.71,8.80,8.67,8.55,8.64,8.87,8.80,8.57,8.58,8.71,8.66,8.65,8.73,8.68,8.65,8.73,8.80,8.57,8.66,8.76,8.57,8.60,8.43,8.72,8.69,8.74,8.75,8.74,8.80,8.84,8.80,8.78,8.86,8.69,8.86,8.85,8.77,8.84,8.92,8.87,8.92,8.97,8.78,8.50,8.69,8.45,8.55,8.77,8.62,8.48,8.59,8.77,8.94,9.08,9.05,8.93,8.71,8.36,8.00,7.99,7.81,7.79,7.78,7.85,8.08,8.39,8.75,8.76
9.00,8.91,8.92,8.85,8.82,8.82,8.80,8.76,8.95,9.04,8.95,8.93,9.08,9.10,9.06,9.02,9.06,9.06,9.12,9.24,9.13,8.91,8.95,9.05,9.03,9.09,9.15,9.17,9.23,9.15,9.36,8.84,8.93,9.17,9.11,9.08,9.21,9.20,9.18,9.23,9.04,9.11,9.44,9.18,9.39,9.47,9.33,9.36,9.31,9.04,8.93,8.91,8.90,8.81,8.69,8.68,8.60,8.51,8.59,8.51,8.51,8.64,8.67,8.54,8.48,8.59,8.58,8.34,8.48,8.58,8.51,8.43,8.40,8.16,8.41,8.14,7.99,7.88,7.87,8.00,8.00,7.91,7.89,8.24,8.29,8.33,8.31,8.32,8.38,8.63,8.63,8.48,8.48,8.45,8.45,8.43,8.59,8.71,8.72,8.55,8.48,8.66,8.58,8.47,8.62,8.62,8.63,8.69,8.81,8.69,8.80,8.85,8.54,8.67,8.55,8.92,8.84,8.84,8.84,8.71,8.75,8.91,8.91,8.83,8.82,8.73,8.88,8.92,8.92,8.83,8.84,8.85,9.01,9.08,8.82,8.62,8.77,8.41,8.57,8.74,8.77,8.75,8.76,8.87,9.00,9.09,9.14,8.93,8.75,8.66,8.40,8.30,7.89,7.88,8.03,8.24,8.47,8.66,8.90,8.86
9.08,8.83,8.64,8.81,8.88,8.81,8.72,8.84,8.97,9.11,9.00,8.96,9.06,9.02,8.99,8.90,8.90,8.91,9.12,9.32,8.91,8.94,9.21,9.21,9.14,9.25,9.24,9.15,9.23,9.19,9.22,9.09,9.03,9.25,9.11,8.99,9.09,9.08,8.99,9.03,9.18,9.24,9.36,9.04,9.22,9.29,9.40,9.40,9.34,9.14,9.12,8.99,8.81,8.82,8.84,8.82,8.74,8.64,8.64,8.63,8.64,8.75,8.67,8.51,8.43,8.63,8.55,8.45,8.52,8.43,8.47,8.33,8.43,8.14,8.28,8.13,7.91,7.87,7.70,8.07,8.08,8.05,8.11,8.28,8.37,8.47,8.30,8.33,8.49,8.64,8.62,8.54,8.49,8.50,8.63,8.65,8.71,8.60,8.57,8.47,8.49,8.83,8.83,8.69,8.68,8.56,8.58,8.75,8.74,8.78,8.83,8.95,8.82,8.81,8.77,8.92,8.97,8.93,8.99,8.85,8.80,8.95,8.95,8.74,8.65,8.58,8.86,8.83,8.96,8.90,8.87,8.90,9.05,9.14,8.92,8.57,8.77,8.25,8.37,8.57,8.62,8.57,8.60,8.83,9.15,9.10,9.00,8.95,8.90,8.75,8.39,8.34,7.96,7.95,7.93,7.96,8.46,8.74,8.83,9.10
8.88,8.60,8.65,8.71,8.91,8.91,8.75,8.91,8.96,9.00,8.97,9.00,9.02,8.99,8.94,8.93,8.86,8.92,9.15,9.30,9.05,9.10,9.31,9.17,9.13,9.31,9.32,9.19,9.20,9.13,9.23,8.80,8.90,9.34,9.15,9.01,9.02,9.06,9.10,9.10,9.11,9.08,9.08,9.04,9.25,9.32,9.34,9.57,9.48,9.23,9.08,8.95,8.81,8.73,8.80,8.87,8.76,8.57,8.55,8.67,8.74,8.81,8.68,8.58,8.51,8.59,8.56,8.41,8.52,8.37,8.43,8.32,8.43,8.08,8.22,8.02,7.87,7.94,7.73,7.93,7.86,7.95,8.05,8.19,8.41,8.39,8.23,8.27,8.36,8.56,8.57,8.57,8.49,8.46,8.57,8.64,8.76,8.63,8.52,8.55,8.60,8.84,8.87,8.78,8.66,8.64,8.68,8.82,8.73,8.81,8.71,8.81,9.02,8.83,8.82,8.88,9.01,9.00,8.93,8.91,8.90,8.93,8.91,8.71,8.67,8.54,8.78,8.71,8.95,9.00,8.97,8.96,9.04,9.17,9.15,8.72,8.67,8.34,8.28,8.41,8.52,8.48,8.51,8.92,9.13,9.09,8.92,8.92,8.75,8.36,8.23,8.30,7.99,8.12,8.21,8.19,8.36,8.56,8.83,9.14
8.76,8.72,8.68,8.85,8.97,8.93,8.83,8.95,9.21,9.00,9.06,9.13,9.10,9.10,8.94,9.03,9.01,9.03,9.14,9.24,9.14,9.18,9.36,9.20,9.11,9.08,9.10,9.15,9.10,9.00,9.25,9.00,9.29,9.09,9.17,9.04,8.92,8.97,9.04,9.03,8.99,8.99,9.01,8.93,9.10,9.30,9.23,9.50,9.43,9.28,9.01,8.86,8.81,8.60,8.62,8.73,8.58,8.41,8.47,8.60,8.67,8.77,8.56,8.56,8.47,8.54,8.52,8.40,8.45,8.40,8.42,8.29,8.33,8.02,8.17,7.96,7.83,8.13,7.91,7.97,7.83,7.87,8.08,8.29,8.49,8.43,8.28,8.25,8.31,8.48,8.42,8.57,8.58,8.42,8.49,8.65,8.65,8.46,8.39,8.52,8.69,8.81,8.84,8.76,8.69,8.81,8.69,8.99,8.90,8.73,8.84,8.73,8.95,8.88,8.96,8.99,8.93,8.92,8.91,8.93,8.97,8.97,8.97,8.88,8.81,8.68,8.71,8.64,8.96,8.92,8.91,8.77,8.78,9.02,9.06,8.84,8.73,8.37,8.15,8.10,8.14,8.19,8.29,8.83,9.00,9.25,9.09,8.86,8.75,8.64,8.39,8.38,8.08,7.94,8.04,8.31,8.69,8.78,8.90,9.06
8.72,8.55,8.73,8.69,8.77,8.85,8.91,8.92,9.00,9.02,9.09,9.11,9.08,9.08,8.90,9.01,9.08,9.10,9.15,9.19,9.08,9.19,9.28,9.04,8.95,8.93,9.00,9.11,9.15,9.09,9.05,9.04,8.97,8.96,8.96,9.00,9.02,8.95,8.93,8.93,8.90,8.97,9.06,8.86,9.28,9.22,9.20,9.43,9.46,9.15,8.99,8.94,8.88,8.72,8.72,8.77,8.67,8.58,8.62,8.67,8.71,8.67,8.47,8.51,8.41,8.58,8.54,8.33,8.43,8.58,8.50,8.17,8.29,8.12,8.13,7.78,7.77,7.93,7.87,7.71,7.76,7.78,8.08,8.29,8.41,8.37,8.28,8.23,8.28,8.51,8.48,8.62,8.57,8.47,8.48,8.64,8.50,8.40,8.51,8.62,8.76,8.76,8.72,8.74,8.56,8.69,8.60,8.92,8.95,9.02,9.01,8.75,8.73,8.86,8.87,8.96,8.81,8.86,8.99,8.95,8.96,9.14,9.17,8.94,8.82,8.81,8.81,8.77,8.94,8.93,8.77,8.58,8.71,9.01,8.78,8.71,8.52,8.42,8.07,7.94,7.87,7.88,8.11,8.59,8.95,9.48,9.30,9.06,8.96,8.74,8.57,8.42,8.36,8.24,8.19,8.32,8.39,8.69,8.77,9.10
8.58,8.65,8.63,8.86,8.72,8.76,8.85,8.63,8.55,8.82,9.12,9.22,9.13,9.01,8.93,9.01,8.99,9.02,9.08,9.11,9.06,9.13,9.10,8.93,8.90,8.96,8.96,9.01,9.06,8.92,8.96,9.10,9.08,9.15,9.13,9.20,9.03,8.96,8.96,8.86,8.87,9.02,9.05,9.06,9.15,9.06,9.18,9.18,9.30,9.04,9.02,8.93,8.88,8.74,8.77,8.82,8.69,8.66,8.66,8.65,8.68,8.55,8.47,8.54,8.46,8.52,8.55,8.34,8.43,8.62,8.45,8.08,8.19,8.14,8.11,7.70,7.82,7.91,7.82,7.69,7.74,7.94,8.04,8.25,8.14,8.23,8.24,8.20,8.19,8.48,8.56,8.55,8.48,8.58,8.63,8.63,8.50,8.48,8.60,8.63,8.68,8.74,8.71,8.68,8.50,8.66,8.69,8.88,9.01,9.17,8.97,8.72,8.75,8.85,8.69,8.77,8.82,8.91,9.00,8.92,8.90,9.12,9.14,8.88,8.69,8.74,8.74,8.83,8.76,8.92,8.74,8.54,8.66,8.72,8.71,8.64,8.49,8.05,7.81,7.65,7.50,7.50,7.83,8.50,8.90,9.10,9.15,9.15,9.14,9.04,8.71,8.54,8.46,8.45,8.51,8.65,8.69,8.74,8.83,9.12
8.59,8.47,8.74,8.86,8.74,8.77,8.84,8.78,8.73,8.84,8.93,8.90,8.85,8.88,8.94,9.06,8.95,8.92,9.01,9.13,9.14,9.09,8.94,8.92,8.99,9.15,9.17,9.04,8.94,8.96,8.97,9.24,8.87,8.95,9.12,9.05,9.11,9.20,9.12,8.87,8.76,9.03,9.12,8.95,8.99,8.76,9.03,9.19,9.17,9.04,8.92,8.81,8.76,8.71,8.84,8.91,8.73,8.65,8.66,8.64,8.68,8.59,8.47,8.52,8.55,8.42,8.52,8.43,8.45,8.47,8.30,8.15,8.15,8.21,8.25,7.99,7.88,7.94,7.95,7.91,7.86,8.10,8.15,8.27,8.15,8.39,8.32,8.29,8.22,8.33,8.48,8.40,8.47,8.62,8.62,8.52,8.56,8.65,8.60,8.54,8.66,8.72,8.72,8.67,8.63,8.67,8.51,8.84,9.06,8.92,8.80,8.72,8.85,8.86,8.69,8.71,8.77,8.77,8.86,8.95,8.92,8.94,8.95,8.93,8.65,8.63,8.49,8.69,8.73,8.69,8.77,8.81,8.74,8.73,8.65,8.31,8.22,7.94,7.57,7.26,7.12,7.10,7.44,8.48,8.69,8.99,9.14,9.15,9.21,9.33,8.81,8.77,8.72,8.74,8.86,9.02,9.11,9.05,8.94,9.03
8.73,8.54,8.80,8.82,8.74,8.73,8.77,8.77,8.55,8.84,8.90,8.84,8.93,9.13,9.11,8.91,8.99,9.03,9.17,9.28,9.19,9.09,8.99,8.87,9.06,9.29,9.30,9.10,8.95,9.02,9.11,9.06,8.90,9.04,9.06,9.04,9.04,9.23,9.19,8.85,8.82,9.09,8.97,8.94,8.99,9.00,9.14,9.11,9.08,9.05,8.97,8.93,8.76,8.80,8.85,8.80,8.77,8.75,8.66,8.58,8.58,8.57,8.31,8.38,8.45,8.47,8.49,8.43,8.41,8.43,8.25,8.28,8.15,8.14,8.10,7.91,7.83,7.87,7.86,7.86,7.81,8.05,8.04,8.06,8.28,8.54,8.38,8.31,8.39,8.37,8.42,8.41,8.49,8.59,8.67,8.62,8.60,8.73,8.73,8.66,8.72,8.72,8.73,8.76,8.68,8.69,8.34,8.69,8.99,8.83,8.82,8.82,8.80,8.85,8.72,8.77,8.69,8.52,8.68,8.93,8.90,8.91,8.90,8.83,8.73,8.75,8.72,8.65,8.80,8.84,8.85,8.83,8.76,8.82,8.78,7.88,7.32,6.65,6.59,6.71,6.67,6.66,7.09,7.88,8.38,8.91,9.14,9.18,9.18,9.31,8.93,8.81,8.76,8.78,8.90,9.11,9.20,9.17,8.97,9.03
8.84,8.66,8.73,8.85,8.87,8.75,8.72,8.77,8.63,8.72,8.65,8.69,8.85,8.96,8.93,8.95,8.92,8.95,9.13,9.23,9.13,9.08,9.13,8.96,9.12,9.27,9.19,9.02,8.93,8.99,9.12,9.02,9.02,9.15,9.13,9.18,9.00,9.09,9.19,9.10,9.03,9.05,8.95,9.05,8.90,9.08,9.18,9.19,9.32,9.13,9.06,9.04,8.95,8.87,8.94,8.95,8.81,8.73,8.67,8.55,8.43,8.41,8.29,8.29,8.23,8.39,8.43,8.41,8.33,8.40,8.13,8.12,8.05,7.85,7.66,7.58,7.71,7.69,7.62,7.65,7.68,7.91,7.80,7.86,8.27,8.42,8.39,8.34,8.51,8.52,8.55,8.41,8.45,8.67,8.83,8.74,8.64,8.69,8.75,8.76,8.76,8.72,8.76,8.88,8.76,8.82,8.57,8.66,8.78,8.72,8.91,8.88,8.76,8.86,8.80,8.85,8.83,8.68,8.74,8.95,8.97,8.99,9.06,9.00,8.93,8.72,8.86,8.88,8.91,8.95,8.87,8.73,8.69,8.82,8.68,8.11,6.58,5.56,5.38,5.53,5.66,5.93,6.52,7.04,7.95,8.66,9.00,9.08,9.11,9.13,9.06,8.90,8.82,8.76,8.72,8.77,9.02,8.99,8.95,9.13
8.82,8.74,8.77,9.03,8.94,8.81,8.73,8.68,8.68,8.81,8.91,8.93,8.83,8.76,8.91,9.11,8.85,9.11,9.22,9.18,9.11,9.04,9.10,9.11,9.21,9.11,8.92,8.84,8.91,9.04,9.09,9.04,8.97,9.03,8.95,9.09,8.93,8.99,9.02,8.93,8.99,9.17,9.09,8.96,9.05,8.71,9.15,9.04,9.15,9.10,8.86,8.72,8.73,8.71,8.78,8.84,8.72,8.71,8.72,8.45,8.32,8.38,8.25,8.22,8.28,8.31,8.37,8.32,8.29,8.29,8.11,7.95,7.90,7.70,7.63,7.54,7.63,7.50,7.62,7.55,7.61,7.69,7.73,7.78,8.19,8.38,8.37,8.38,8.56,8.58,8.55,8.37,8.41,8.69,8.80,8.76,8.68,8.60,8.64,8.68,8.66,8.72,8.75,8.86,8.83,8.80,8.71,8.74,8.67,8.57,8.69,8.74,8.60,8.69,8.64,8.86,8.84,8.73,8.83,8.92,8.84,8.86,8.86,8.94,8.78,8.82,8.92,8.81,8.90,9.01,8.94,8.71,8.43,8.67,8.78,7.40,6.24,4.92,4.64,5.04,5.39,5.63,6.02,6.45,7.39,8.25,8.75,8.86,8.83,8.83,8.91,8.85,8.80,8.69,8.52,8.41,8.69,8.81,8.90,9.06
8.74,8.81,8.96,8.99,8.87,8.84,8.77,8.67,8.68,8.65,8.81,8.85,8.93,9.00,8.93,9.00,9.01,9.09,9.05,9.05,9.05,8.96,9.09,9.12,9.03,8.90,8.82,8.81,8.93,9.06,9.02,8.94,8.88,8.91,8.91,8.95,8.82,8.97,8.95,8.76,8.84,9.09,9.03,8.84,9.11,8.78,9.05,8.97,8.92,8.96,8.95,8.83,8.67,8.60,8.66,8.77,8.65,8.48,8.51,8.42,8.37,8.39,8.22,8.14,8.20,8.21,8.21,8.24,8.28,8.31,8.06,8.03,7.82,7.68,7.81,7.62,7.64,7.63,7.64,7.57,7.80,7.74,7.86,7.93,8.29,8.45,8.33,8.45,8.58,8.62,8.64,8.58,8.52,8.67,8.73,8.80,8.77,8.58,8.68,8.71,8.56,8.63,8.75,8.74,8.81,8.74,8.71,8.74,8.87,8.62,8.57,8.65,8.51,8.52,8.57,8.81,8.87,8.75,8.84,9.00,8.86,8.94,9.03,8.88,8.65,8.96,8.92,8.78,8.65,8.65,8.73,8.66,8.46,8.62,8.60,7.29,6.35,5.57,5.15,5.03,4.96,5.04,5.47,6.20,6.89,7.62,8.23,8.47,8.27,8.32,8.48,8.50,8.49,8.41,8.27,8.41,8.46,8.64,8.72,8.82
8.68,8.82,8.97,8.74,8.84,8.92,8.88,8.76,8.71,8.81,8.91,8.87,8.88,8.96,9.04,9.01,9.04,9.03,9.14,9.12,9.00,9.04,9.06,9.02,8.85,8.93,9.03,9.01,9.02,9.05,8.96,9.00,8.94,9.00,8.99,8.73,8.78,8.95,8.93,8.77,8.81,9.01,9.01,8.97,9.11,8.90,8.88,8.94,8.81,8.91,9.02,8.93,8.66,8.65,8.71,8.78,8.74,8.58,8.57,8.50,8.37,8.41,8.28,8.15,8.20,8.27,8.28,8.21,8.40,8.23,7.85,7.85,7.86,7.76,7.85,7.72,7.79,7.86,7.66,7.60,8.07,7.93,8.12,8.33,8.47,8.49,8.42,8.51,8.45,8.57,8.74,8.72,8.60,8.66,8.72,8.76,8.81,8.69,8.72,8.81,8.67,8.66,8.83,8.80,8.85,8.84,8.57,8.41,8.92,8.50,8.37,8.49,8.60,8.47,8.58,8.62,8.60,8.63,8.67,8.81,8.75,8.58,8.52,8.93,8.74,8.66,8.76,8.77,8.59,8.43,8.47,8.48,8.27,8.56,8.28,7.79,7.07,6.61,6.24,5.84,5.49,5.32,5.47,6.13,6.68,7.22,7.74,8.03,7.82,7.99,8.12,8.24,8.29,8.24,8.12,8.39,8.28,8.41,8.56,8.58
8.59,8.69,8.85,8.80,8.92,9.03,9.00,8.84,8.75,8.86,8.97,8.92,8.92,9.01,9.08,8.96,8.99,9.13,9.28,9.23,9.09,9.08,8.93,8.91,9.02,9.09,9.17,9.18,9.19,9.14,9.05,9.11,8.95,8.93,8.92,8.66,8.84,8.90,8.76,8.77,8.88,9.00,9.11,9.03,9.04,8.94,8.81,8.92,9.25,9.19,9.19,8.92,8.72,8.69,8.65,8.58,8.47,8.43,8.60,8.65,8.47,8.30,8.19,8.03,8.08,8.21,8.21,8.28,8.43,8.39,8.10,7.91,7.96,7.80,7.96,7.72,7.91,7.99,7.85,7.61,8.15,7.97,8.28,8.55,8.47,8.55,8.40,8.46,8.40,8.41,8.55,8.54,8.47,8.50,8.59,8.66,8.74,8.71,8.68,8.78,8.82,8.85,8.94,8.75,8.73,8.80,8.32,8.25,8.76,8.52,8.38,8.57,8.34,8.23,8.37,8.40,8.41,8.42,8.41,8.58,8.57,8.67,8.49,8.66,8.63,8.47,8.56,8.59,8.42,8.27,8.28,8.32,8.24,8.22,8.03,7.87,7.61,7.53,7.24,6.86,6.66,6.36,6.14,6.45,6.79,7.22,7.61,7.81,7.81,8.13,8.13,8.22,8.36,8.32,8.06,8.28,8.49,8.50,8.42,8.39
8.59,8.65,8.99,9.02,9.01,9.08,9.00,8.83,8.76,8.86,9.01,9.02,9.04,9.17,9.25,9.06,9.21,9.14,9.23,9.06,8.88,8.94,8.92,9.03,9.08,9.19,9.12,9.22,9.23,9.11,9.04,9.02,8.88,8.72,8.88,8.82,8.94,8.84,8.84,8.93,8.99,9.05,8.97,8.85,8.97,8.72,8.87,8.86,9.05,9.04,8.99,8.64,8.41,8.45,8.56,8.65,8.63,8.63,8.62,8.52,8.42,8.28,8.14,8.11,8.20,8.06,8.19,8.34,8.40,8.20,8.12,7.85,7.70,7.62,8.02,7.73,7.94,7.94,7.78,7.69,8.28,8.30,8.45,8.71,8.57,8.57,8.41,8.49,8.62,8.57,8.54,8.55,8.49,8.50,8.51,8.66,8.82,8.78,8.81,8.80,8.74,8.60,8.78,8.65,8.52,8.59,7.79,7.82,7.77,8.00,8.02,7.94,7.83,7.83,7.76,7.77,8.02,8.17,8.03,7.91,7.81,7.66,7.44,7.77,7.62,7.57,7.61,7.63,7.58,7.61,7.72,7.71,7.73,7.47,7.60,7.74,7.71,7.77,7.77,7.62,7.49,7.13,7.04,7.18,7.21,7.36,7.61,7.81,7.98,8.04,8.21,8.15,8.05,8.05,8.05,8.27,8.27,8.38,8.34,8.14
8.49,8.57,8.60,8.62,8.84,9.00,8.95,8.82,8.75,8.91,9.04,9.03,9.04,9.11,9.08,8.90,9.08,9.06,9.10,8.94,8.80,8.81,8.80,8.81,8.96,8.95,9.08,9.19,9.18,9.09,9.04,9.12,9.09,8.82,8.96,8.81,8.95,8.85,9.00,9.01,9.10,9.21,9.04,8.95,8.97,8.74,9.02,9.03,9.02,8.82,8.80,8.40,8.02,8.06,7.94,7.80,7.66,7.71,7.77,7.82,7.99,7.91,7.77,7.66,7.64,7.34,7.62,7.73,7.86,7.81,7.81,7.71,7.72,7.63,7.58,7.39,7.70,7.79,7.56,7.47,8.20,8.55,8.58,8.68,8.69,8.59,8.57,8.56,8.71,8.75,8.55,8.41,8.52,8.63,8.68,8.78,8.92,8.87,8.78,8.72,8.73,8.67,8.71,8.73,8.76,8.15,6.81,6.59,6.68,6.55,6.83,6.99,6.85,6.77,6.74,6.83,6.98,6.96,6.84,6.69,6.78,6.92,6.46,6.61,6.59,6.67,6.76,6.75,6.77,6.86,6.88,6.90,6.91,6.82,7.13,7.70,7.77,7.82,7.93,7.91,7.91,7.55,7.66,7.80,7.78,7.73,7.77,7.79,7.81,7.81,8.07,8.20,8.19,8.23,8.07,8.23,8.20,8.20,8.28,8.27
8.49,8.56,8.64,8.49,8.48,8.74,8.94,8.86,8.72,8.84,9.08,8.97,8.95,8.92,8.84,8.85,8.87,9.04,8.90,8.86,8.97,9.06,8.97,8.91,9.00,9.17,9.21,9.19,9.08,8.99,9.03,9.11,9.09,9.00,8.97,8.64,8.85,8.87,9.01,9.03,9.10,9.15,9.08,9.02,8.92,8.65,8.65,8.92,8.92,8.69,8.33,7.95,7.63,7.28,6.96,6.68,6.56,6.55,6.50,6.50,6.65,6.52,6.18,6.36,6.38,6.25,6.37,6.47,6.36,6.51,6.43,6.39,6.81,6.62,6.68,6.65,6.69,6.75,6.60,7.12,8.10,8.60,8.71,8.58,8.69,8.75,8.72,8.52,8.57,8.76,8.57,8.39,8.36,8.43,8.54,8.64,8.83,8.75,8.63,8.48,8.56,8.73,8.85,8.65,8.59,8.47,6.38,5.84,6.21,6.30,6.02,5.94,6.06,6.10,6.11,6.22,6.21,5.96,5.86,5.99,5.94,6.13,5.81,5.81,5.89,5.82,5.88,5.97,6.06,6.15,6.20,6.16,6.06,6.21,6.66,7.37,7.68,7.87,8.02,7.91,8.04,8.02,7.85,7.89,8.02,8.10,8.05,7.86,7.96,8.06,8.23,8.21,8.12,8.34,8.24,8.34,8.25,8.10,8.05,8.30
8.04,8.08,8.14,8.30,8.41,8.69,8.72,8.64,8.62,8.77,8.99,9.01,8.97,8.88,8.81,8.72,8.81,8.83,8.83,8.85,8.93,8.97,8.85,8.69,8.88,8.95,9.10,9.12,8.96,8.93,8.88,8.80,8.97,8.92,8.87,8.90,8.75,8.75,9.06,9.01,8.86,8.87,8.88,8.87,8.77,8.46,8.41,8.56,8.83,8.59,8.07,7.33,6.68,6.54,6.37,6.32,6.06,5.97,5.94,5.91,6.00,5.87,5.93,6.03,5.81,5.78,5.96,5.84,5.84,6.17,5.85,5.92,6.07,6.18,6.17,6.07,6.23,6.50,6.44,7.33,8.52,8.55,8.54,8.60,8.51,8.75,8.96,8.74,8.66,8.73,8.78,8.72,8.58,8.47,8.50,8.69,8.82,8.66,8.66,8.64,8.67,8.84,8.91,8.72,8.63,8.33,6.71,6.15,6.31,6.36,5.88,5.95,6.03,6.08,6.01,6.02,6.10,5.87,5.74,5.99,5.94,5.87,5.82,5.72,5.82,5.77,5.71,5.77,5.87,5.94,6.00,5.94,5.68,5.89,6.10,6.52,7.06,7.60,7.98,8.06,7.81,8.08,7.94,7.87,7.89,8.00,8.20,8.25,7.93,8.08,8.15,8.03,7.91,8.24,8.24,8.16,8.21,8.17,8.04,8.17
7.50,7.49,7.65,7.89,8.08,8.16,8.36,8.42,8.49,8.66,8.75,8.78,8.87,8.92,8.74,8.58,8.81,8.64,8.75,8.84,8.87,8.80,8.66,8.78,8.83,8.80,8.87,8.95,9.05,9.01,8.86,8.92,9.08,8.85,8.92,8.81,8.58,8.74,8.85,8.68,8.66,8.73,8.74,8.75,8.59,8.36,8.33,8.25,8.49,8.36,7.62,6.71,6.11,6.16,6.35,6.24,6.08,6.06,6.09,6.15,6.09,5.99,5.91,5.67,5.81,5.99,6.06,5.92,5.81,5.68,5.77,5.67,5.93,5.88,5.79,5.67,5.91,6.13,6.79,7.74,8.38,8.42,8.68,8.78,8.54,8.67,8.93,8.77,8.66,8.57,8.62,8.66,8.54,8.50,8.54,8.65,8.77,8.51,8.62,8.75,8.56,8.54,8.83,8.73,8.43,8.38,7.18,6.38,6.18,6.37,5.93,5.78,5.87,5.84,5.79,5.93,5.97,5.71,5.80,6.09,5.95,5.84,5.75,5.89,5.93,5.92,5.84,5.86,5.95,5.92,5.92,5.92,5.71,5.85,5.80,5.82,6.38,7.25,7.89,8.05,7.95,8.06,7.96,8.02,7.85,7.70,8.12,8.13,7.97,8.08,8.22,8.17,7.98,8.15,8.07,8.05,8.19,8.25,8.08,8.14
7.14,7.30,7.39,7.52,7.89,8.20,8.58,8.67,8.68,8.76,8.90,9.06,8.85,8.78,8.74,8.71,8.73,8.49,8.52,8.68,8.74,8.63,8.57,8.74,8.68,8.46,8.72,8.76,8.82,8.76,8.63,8.64,8.83,8.87,8.80,8.68,8.56,8.36,8.40,8.41,8.51,8.55,8.63,8.66,8.40,8.46,8.37,8.15,8.27,7.79,7.12,6.36,6.06,6.04,6.11,5.97,5.91,5.93,6.00,6.09,6.03,5.91,5.91,5.85,5.99,6.07,6.00,5.86,5.72,5.81,5.47,5.30,5.65,5.87,5.80,5.92,5.89,6.32,7.14,8.15,8.50,8.67,8.77,8.65,8.59,8.63,8.73,8.66,8.50,8.67,8.78,8.65,8.72,8.67,8.50,8.68,8.72,8.64,8.54,8.55,8.59,8.71,8.74,8.72,8.57,8.38,7.54,6.81,6.17,6.21,5.95,5.75,5.91,5.94,5.82,5.92,6.02,5.93,5.88,6.00,5.82,5.82,5.74,5.88,5.89,5.91,5.85,5.80,5.91,5.85,5.79,5.88,5.61,5.78,5.92,5.93,6.11,6.70,7.52,8.17,7.80,7.91,8.05,8.03,7.95,7.97,8.29,8.03,8.00,8.11,8.20,8.14,7.91,8.03,7.95,7.98,8.12,8.23,8.13,8.13
6.98,7.21,7.42,7.70,8.02,8.30,8.65,8.63,8.68,8.84,8.68,8.91,8.76,8.64,8.62,8.60,8.51,8.32,8.43,8.46,8.48,8.41,8.41,8.59,8.59,8.24,8.63,8.75,8.52,8.38,8.38,8.47,8.60,8.68,8.50,8.80,8.51,8.28,8.37,8.13,8.02,8.13,8.36,8.34,8.21,8.40,8.39,8.08,7.86,6.89,6.56,6.16,6.07,5.87,5.84,5.84,5.88,5.99,5.97,6.03,6.08,5.96,5.89,5.81,5.85,6.01,5.88,6.06,5.79,5.94,5.66,5.82,5.58,5.52,5.60,5.96,6.07,6.97,7.60,8.22,8.58,8.57,8.65,8.55,8.50,8.55,8.59,8.51,8.47,8.55,8.52,8.43,8.38,8.21,8.38,8.73,8.67,8.37,8.30,8.42,8.57,8.51,8.45,8.43,8.30,8.41,7.83,6.61,6.20,6.24,6.06,6.00,5.92,5.81,5.84,5.91,5.95,6.03,5.97,5.71,5.93,5.92,5.95,5.94,5.91,5.93,5.92,5.86,5.88,6.02,5.96,6.17,5.85,5.99,5.77,5.60,5.72,6.17,7.14,7.98,7.99,7.86,7.74,7.86,7.95,7.90,8.16,8.11,8.07,8.17,8.21,8.05,7.74,7.97,7.93,7.94,8.02,8.10,8.19,8.05
7.23,7.54,7.85,8.02,8.11,8.48,8.62,8.37,8.34,8.57,8.64,8.34,8.58,8.54,8.49,8.43,8.37,8.43,8.50,8.32,8.28,8.23,8.23,8.31,8.27,8.12,8.40,8.57,8.23,8.12,8.32,8.45,8.38,8.33,8.34,8.25,7.82,7.98,7.97,7.74,7.90,8.11,8.04,7.91,7.93,8.02,8.20,7.81,7.06,6.26,6.25,6.06,6.01,5.80,5.91,5.89,5.91,5.99,5.94,6.02,6.10,6.02,5.86,5.78,5.86,5.97,6.01,6.29,6.06,5.78,5.75,5.78,5.78,5.75,5.56,5.88,6.22,7.30,7.89,8.36,8.46,8.54,8.51,8.45,8.65,8.72,8.73,8.39,8.23,8.36,8.37,8.28,8.17,8.22,8.42,8.57,8.40,8.27,8.27,8.39,8.37,8.39,8.65,8.40,8.43,8.40,7.99,7.00,6.56,6.66,6.44,6.37,6.36,6.08,6.00,6.15,6.04,6.30,6.29,5.93,6.33,6.32,6.37,6.35,6.28,6.22,6.26,6.32,6.17,6.29,6.38,6.14,5.86,6.08,6.15,6.09,6.14,6.40,6.88,7.78,7.95,7.77,7.63,7.73,7.91,7.90,7.93,8.04,7.96,8.04,8.11,7.95,7.77,8.02,7.91,7.95,8.07,8.07,7.90,7.89
7.91,8.16,8.25,8.17,8.15,8.33,8.29,8.16,8.30,8.48,8.49,8.38,8.41,8.31,8.07,8.00,8.14,8.10,8.29,8.11,8.06,8.17,8.16,8.03,8.03,8.08,8.24,8.43,8.10,8.00,8.20,8.31,8.37,8.43,8.38,8.27,7.91,8.06,8.08,7.83,7.93,7.97,7.89,7.86,7.88,7.90,7.98,7.54,6.85,6.63,6.61,6.29,6.10,6.08,6.23,6.10,6.21,6.23,6.25,6.43,6.46,6.38,6.25,6.16,6.35,6.48,6.39,6.47,6.29,6.33,6.16,6.17,6.29,6.26,6.17,6.17,6.47,7.31,7.93,8.22,8.30,8.50,8.52,8.30,8.24,8.39,8.47,8.27,8.15,8.25,8.33,8.23,8.14,8.19,8.30,8.29,8.25,8.16,8.11,8.34,8.33,8.34,8.56,8.46,8.22,8.38,8.05,7.49,7.42,7.33,7.14,7.05,6.94,6.67,6.56,6.69,6.55,6.91,6.84,6.74,6.90,6.86,6.93,6.94,6.91,6.86,6.91,6.92,6.88,7.05,7.07,6.73,6.73,6.93,7.10,7.04,6.99,7.25,7.29,7.83,8.00,7.93,7.77,7.77,7.95,7.95,7.97,8.07,7.91,7.89,7.94,7.82,7.97,8.03,7.87,7.80,7.83,7.95,8.06,7.87
8.13,8.28,8.32,8.30,8.22,8.02,8.10,8.15,8.21,8.19,8.12,8.13,8.06,8.16,8.08,7.97,7.96,8.13,8.17,7.88,7.83,8.00,8.04,7.98,8.08,8.11,8.13,8.30,7.94,7.97,8.13,8.21,8.23,8.22,8.11,8.02,7.85,7.95,8.08,7.81,7.73,7.79,7.63,7.52,7.58,7.62,7.61,7.45,7.52,7.53,7.22,6.97,6.67,6.84,6.84,6.74,6.92,6.86,6.93,7.13,7.12,7.01,6.93,6.92,6.98,7.14,7.12,6.94,6.90,7.08,6.86,7.08,6.97,7.09,6.99,6.79,7.22,7.71,8.16,8.29,8.66,8.65,8.58,8.51,8.38,8.24,8.21,8.13,8.03,8.08,8.22,8.24,8.21,8.17,8.17,8.12,8.05,7.95,7.66,8.14,8.08,8.28,8.64,8.43,8.28,8.24,8.27,8.05,8.14,7.98,7.77,7.66,7.49,7.24,7.14,7.22,7.25,7.49,7.30,7.33,7.41,7.28,7.30,7.29,7.34,7.48,7.46,7.32,7.37,7.70,7.36,7.46,7.15,7.28,7.44,7.39,7.25,7.31,7.47,7.94,8.06,7.87,7.76,7.74,7.88,8.04,8.12,8.12,8.02,7.93,7.93,7.89,7.93,7.90,7.74,7.78,7.91,7.82,7.93,7.88
8.30,8.46,8.47,8.38,8.22,7.96,8.00,8.05,8.02,7.89,7.73,7.85,7.85,8.02,7.95,7.87,7.90,7.97,7.80,7.66,7.56,7.71,7.76,7.77,7.93,7.99,7.95,8.11,7.74,7.91,8.08,8.14,8.21,8.19,8.07,8.04,8.02,8.16,8.06,7.83,7.90,7.96,7.79,7.56,7.56,7.62,7.50,7.82,7.74,7.62,7.66,7.64,7.50,7.65,7.57,7.48,7.55,7.46,7.47,7.62,7.65,7.52,7.47,7.47,7.34,7.48,7.54,7.34,7.40,7.50,7.41,7.60,7.46,7.61,7.66,7.50,7.52,7.78,8.04,8.28,8.65,8.64,8.45,8.32,8.33,8.34,8.40,8.24,8.14,8.17,8.10,8.11,8.19,8.11,8.22,8.28,8.12,8.23,7.97,8.10,7.96,8.27,8.37,8.31,8.46,8.21,8.42,8.37,8.45,8.32,8.12,7.96,7.80,7.61,7.55,7.68,7.71,7.88,7.55,7.63,7.70,7.58,7.62,7.55,7.53,7.72,7.87,7.87,7.96,7.85,7.94,7.76,7.41,7.45,7.60,7.57,7.52,7.68,7.72,7.94,7.98,7.96,7.82,7.71,7.83,8.06,8.05,8.02,7.96,7.89,7.81,7.90,7.86,7.97,7.77,7.68,7.90,7.87,7.83,7.70
8.42,8.39,8.31,8.22,8.08,7.89,7.69,7.87,7.91,7.74,7.64,7.82,7.87,7.94,7.93,7.87,7.83,7.89,7.97,7.91,7.93,7.90,7.87,7.83,7.83,7.85,7.94,7.91,7.63,7.86,7.89,7.99,8.17,8.20,8.13,8.17,8.00,8.19,8.04,7.98,8.10,7.86,7.63,7.39,7.26,7.34,7.40,7.85,7.95,8.07,7.97,7.85,7.97,7.96,7.96,7.78,7.78,7.78,7.81,7.89,7.88,7.83,7.87,7.81,7.71,7.86,7.95,7.63,7.69,7.78,7.71,7.83,7.94,7.82,7.95,7.69,7.81,7.98,8.34,8.37,8.58,8.72,8.46,8.36,8.31,8.46,8.52,8.36,8.24,8.25,8.17,8.15,8.19,8.05,8.07,8.07,8.21,8.27,8.13,8.19,7.93,8.22,8.39,8.31,8.58,8.24,8.41,8.51,8.59,8.41,8.13,8.00,7.93,7.85,7.89,8.04,7.78,8.16,7.96,7.99,7.87,7.91,8.08,8.03,7.93,7.85,7.70,7.88,8.04,7.96,8.06,8.05,7.91,7.89,7.81,7.66,7.70,7.77,7.73,7.90,7.96,7.99,7.89,7.72,7.87,7.89,7.86,8.06,7.98,7.80,7.97,8.05,7.90,8.02,7.96,7.86,7.95,7.86,7.82,7.71
8.81,8.57,8.38,8.14,7.95,7.86,7.89,7.90,7.82,7.76,7.81,7.96,7.85,7.80,7.85,7.82,7.79,7.82,7.89,7.83,7.80,7.79,7.73,7.70,7.68,7.66,7.81,7.72,7.63,7.76,7.72,7.82,8.10,8.23,8.21,8.24,8.03,8.08,8.24,8.03,7.87,7.80,7.87,7.71,7.52,7.45,7.45,7.63,7.85,7.98,7.89,8.03,8.31,8.12,8.25,8.03,7.96,8.04,8.21,8.17,8.05,8.12,8.12,7.95,7.96,8.12,8.20,7.95,7.99,7.94,7.86,7.90,8.13,7.87,8.13,7.81,7.90,8.14,8.31,8.25,8.48,8.43,8.23,8.36,8.29,8.34,8.39,8.34,8.23,8.15,8.13,8.06,8.08,8.10,8.11,8.03,8.20,8.36,8.25,8.38,7.99,8.15,8.46,8.25,8.55,8.27,8.37,8.49,8.59,8.48,8.10,7.90,8.00,7.99,8.00,7.98,7.66,8.13,7.98,8.07,8.17,8.10,8.23,8.04,7.65,7.66,7.76,8.05,8.28,8.30,8.19,8.14,8.00,7.99,7.94,7.71,7.73,7.89,7.93,7.89,8.06,8.03,7.87,7.80,7.79,7.71,7.73,7.85,7.88,7.83,7.95,7.98,7.95,7.98,7.94,7.83,7.85,7.81,7.83,7.76
8.60,8.64,8.21,7.95,7.82,7.68,7.64,7.42,7.62,7.74,7.83,7.90,7.77,7.71,7.79,7.85,7.87,7.86,7.90,7.77,7.80,7.80,7.66,7.73,7.87,7.85,7.81,7.94,7.57,7.66,7.77,7.90,8.16,8.28,8.23,8.24,8.08,8.12,8.24,7.99,7.85,7.79,7.90,7.94,7.77,7.60,7.62,7.68,7.78,7.72,7.90,7.90,8.29,8.27,8.40,8.34,8.28,8.31,8.37,8.36,8.28,8.25,8.12,7.94,8.00,8.07,8.14,8.12,8.24,7.97,7.96,7.91,8.16,8.02,8.36,7.93,8.05,8.25,8.21,8.19,8.30,8.29,8.19,8.22,8.25,8.27,8.28,8.24,8.14,8.04,7.91,7.90,8.04,8.06,8.12,8.11,8.22,8.38,8.41,8.52,8.08,8.17,8.37,8.22,8.43,8.40,8.40,8.37,8.42,8.48,8.21,7.88,7.88,7.86,7.85,7.73,7.58,7.90,7.98,7.94,8.19,8.30,8.31,8.08,7.81,7.94,7.99,7.80,8.28,8.29,8.17,8.13,8.00,7.98,7.95,7.73,7.73,7.95,8.10,8.00,8.10,8.14,8.04,7.95,8.07,7.60,7.71,8.02,8.05,7.86,7.99,8.03,8.04,7.95,7.89,7.89,7.88,7.78,7.79,7.72
8.36,8.60,8.10,7.93,7.88,7.76,7.47,7.41,7.54,7.41,7.46,7.70,7.81,7.80,7.83,7.89,7.83,7.76,7.79,7.78,7.80,7.93,7.86,7.85,7.77,7.68,7.74,7.85,7.48,7.86,7.94,8.03,8.15,8.20,8.25,8.29,8.22,8.39,8.41,8.10,8.03,8.06,8.10,8.10,7.95,7.78,7.71,7.72,7.94,8.17,8.25,7.81,8.16,8.11,8.19,8.23,8.13,8.24,8.23,8.19,8.17,8.16,8.15,8.19,8.12,8.02,8.07,8.03,8.22,8.08,8.04,8.05,8.16,8.12,8.32,7.86,8.20,8.30,8.19,8.10,8.13,8.27,8.15,8.11,8.15,8.12,8.07,8.07,8.04,7.95,7.83,7.87,8.06,7.93,7.97,8.08,8.19,8.22,8.28,8.42,8.13,8.24,8.36,8.42,8.40,8.52,8.47,8.37,8.41,8.34,8.11,7.96,7.81,7.68,8.17,7.81,7.95,7.81,7.64,7.80,8.12,8.19,8.12,7.98,7.86,7.95,7.83,7.95,8.15,8.24,8.07,8.03,8.03,7.99,7.95,7.77,7.79,7.77,7.74,8.02,8.10,8.03,7.99,7.89,7.82,7.56,7.58,7.73,7.82,7.71,7.90,7.86,7.93,7.88,7.77,7.81,7.89,7.78,7.70,7.60
8.37,8.32,7.95,7.89,7.78,7.55,7.42,7.77,7.61,7.53,7.62,7.69,7.62,7.79,7.85,7.85,7.74,7.66,7.71,7.77,7.80,7.95,7.80,7.80,7.69,7.60,7.85,7.82,7.47,7.81,7.99,8.20,8.21,8.25,8.34,8.39,8.42,8.55,8.72,8.22,8.17,8.30,8.31,8.27,8.13,8.04,8.02,7.88,7.89,7.98,8.16,8.00,8.07,8.15,8.21,7.89,7.91,8.24,8.31,8.11,8.11,8.02,7.88,7.94,7.97,7.99,8.04,7.99,8.17,8.20,8.08,8.20,8.08,8.02,8.03,7.72,8.10,8.16,8.05,8.00,8.07,8.14,8.00,8.12,8.06,7.97,7.94,7.98,7.95,7.91,7.95,7.91,7.98,7.88,7.89,8.08,8.04,8.13,8.10,8.16,8.25,8.22,8.31,8.41,8.41,8.38,8.31,8.29,8.31,8.13,7.95,7.98,7.77,7.88,7.96,7.76,8.15,8.04,7.87,7.88,7.95,7.98,7.97,7.90,7.79,7.86,7.68,7.81,8.02,8.17,8.02,7.88,7.93,7.97,7.89,7.80,7.70,7.77,7.73,7.85,8.03,8.11,8.00,7.83,7.93,7.77,7.69,7.76,7.77,7.57,7.89,7.86,7.80,7.83,7.82,7.68,7.70,7.79,7.69,7.54
8.50,8.04,7.90,7.90,7.72,7.49,7.42,7.60,7.46,7.44,7.44,7.41,7.50,7.94,7.79,8.00,7.90,7.78,7.77,7.74,7.79,7.79,7.70,7.83,7.79,7.73,7.86,7.78,7.58,7.94,8.05,8.12,8.33,8.17,8.06,8.21,8.24,8.31,8.59,8.20,8.12,8.21,8.32,8.42,8.37,8.31,8.16,7.90,7.79,7.72,7.96,7.72,8.06,7.78,7.81,8.00,7.91,7.99,8.20,8.07,8.10,8.30,8.17,7.93,7.91,8.06,8.20,8.08,8.12,8.23,7.99,8.06,8.22,8.11,8.14,7.78,8.05,8.08,8.10,8.06,8.12,8.08,7.99,8.12,8.08,8.00,8.04,8.02,7.94,7.97,8.05,7.94,7.91,7.88,7.89,8.05,7.97,8.16,8.24,8.32,8.27,8.15,8.27,8.28,8.39,8.36,8.17,8.08,8.24,8.22,7.88,7.78,7.64,7.55,7.69,7.63,7.89,7.89,7.91,7.90,7.88,7.85,7.87,7.89,7.74,7.78,7.61,7.63,7.93,8.12,7.96,7.72,7.74,7.89,7.74,7.57,7.58,7.70,7.69,7.74,7.99,8.15,7.95,7.57,7.74,7.65,7.63,7.70,7.74,7.56,7.78,7.82,7.76,7.80,7.97,7.77,7.60,7.68,7.76,7.73
8.54,8.13,8.07,8.03,7.81,7.55,7.41,7.48,7.46,7.47,7.37,7.36,7.48,7.52,7.71,7.78,7.82,7.83,7.78,7.77,7.82,7.66,7.65,7.76,7.72,7.70,7.73,7.72,7.79,7.87,8.14,8.29,8.19,8.14,8.23,8.23,8.17,8.29,8.49,8.11,8.06,8.14,8.28,8.42,8.45,8.37,8.19,8.00,7.90,7.79,7.87,7.77,7.94,7.85,7.93,8.08,8.02,8.03,8.16,7.96,8.04,8.10,7.96,7.89,8.06,8.16,7.97,8.11,8.23,8.16,8.03,7.90,8.15,8.11,8.25,7.93,8.07,8.13,8.21,7.99,8.16,8.06,7.83,7.89,7.91,7.85,7.83,7.82,7.82,7.87,7.97,8.04,7.83,7.77,7.98,7.90,7.78,8.27,8.39,8.36,8.34,8.28,8.37,8.34,8.36,8.34,8.20,8.29,8.58,8.45,7.97,7.88,7.71,7.69,7.72,7.63,7.80,7.89,7.95,8.00,7.95,7.87,7.88,7.93,7.82,7.81,7.48,7.73,7.94,8.06,7.89,7.63,7.66,7.85,7.64,7.57,7.49,7.61,7.65,7.83,7.99,7.97,7.83,7.65,7.52,7.49,7.53,7.57,7.60,7.64,7.63,7.63,7.62,7.71,7.89,7.52,7.49,7.54,7.46,7.40
8.21,8.33,8.22,8.16,7.88,7.62,7.49,7.40,7.42,7.29,7.15,7.22,7.30,7.26,7.73,7.89,7.96,7.78,7.63,7.82,7.90,7.69,7.66,7.62,7.71,7.72,7.60,7.64,7.87,8.03,8.24,8.24,8.11,8.13,8.30,8.38,8.29,8.22,8.39,8.31,8.34,8.22,8.34,8.32,8.30,8.29,8.16,8.10,8.19,8.04,7.94,7.65,7.66,7.71,7.90,8.12,8.03,8.08,8.22,8.19,8.10,8.15,8.15,8.28,8.19,7.86,7.97,8.20,8.41,8.29,8.05,7.81,7.81,7.87,8.10,7.93,8.02,8.06,8.02,8.16,8.27,8.15,7.89,7.83,7.89,7.98,7.99,7.85,7.80,7.93,7.98,7.95,7.91,7.83,8.00,8.25,8.16,8.14,8.30,8.24,8.21,8.34,8.38,8.56,8.57,8.52,8.34,8.25,8.40,8.40,8.19,7.99,7.97,7.64,7.87,7.65,7.90,7.87,7.94,8.03,7.98,7.89,7.94,7.95,7.90,7.89,7.63,7.82,7.90,7.81,7.80,7.81,7.79,7.82,7.87,7.72,7.70,7.66,7.73,7.77,7.83,7.94,7.77,7.68,7.55,7.44,7.46,7.54,7.48,7.63,7.71,7.68,7.56,7.47,7.56,7.55,7.66,7.54,7.42,7.46
8.23,8.42,8.14,8.08,7.87,7.77,7.60,7.28,7.30,7.25,7.18,7.28,7.40,7.39,7.47,7.49,7.71,7.68,7.63,7.78,7.85,7.62,7.74,7.66,7.85,7.80,7.65,7.82,8.00,8.19,8.31,8.38,8.41,8.36,8.34,8.32,8.25,8.32,8.58,8.48,8.21,8.22,8.37,8.30,8.17,8.19,8.11,8.14,8.34,8.10,7.94,7.47,7.53,7.73,7.80,8.05,7.91,8.06,8.22,8.21,8.23,8.34,8.21,8.15,8.20,8.17,8.22,8.12,8.33,8.23,7.80,7.81,8.03,7.99,7.99,7.71,8.12,8.00,8.15,8.00,8.40,8.17,8.16,8.21,8.02,7.94,7.89,7.70,7.62,7.78,7.88,7.98,7.97,8.04,8.14,8.33,8.13,8.37,8.45,8.17,8.23,8.22,8.28,8.39,8.37,8.23,8.16,8.19,8.28,8.30,8.22,7.94,7.83,7.77,7.99,7.88,7.95,7.88,7.89,7.97,7.97,7.95,8.02,8.06,7.83,7.93,8.00,7.89,7.81,7.82,7.89,7.85,7.78,7.91,7.86,7.55,7.55,7.71,7.78,7.77,7.77,7.83,7.86,7.74,7.66,7.53,7.49,7.64,7.65,7.73,7.72,7.71,7.66,7.60,7.60,7.48,7.53,7.57,7.55,7.53
8.36,8.42,8.42,8.21,7.87,7.74,7.57,7.33,7.33,7.50,7.37,7.39,7.42,7.41,7.39,7.28,7.54,7.63,7.69,7.77,7.83,7.91,7.74,7.62,7.76,7.73,7.85,8.06,8.10,8.25,8.40,8.41,8.58,8.45,8.36,8.33,8.32,8.32,8.30,8.24,8.15,8.31,8.21,8.05,7.91,8.04,8.15,8.27,8.31,8.05,7.95,7.55,7.56,7.85,7.88,8.04,7.91,8.14,8.30,8.20,8.22,8.37,8.28,8.15,8.16,8.19,8.15,8.23,8.38,8.19,7.87,7.96,8.20,8.10,8.20,7.95,8.07,8.28,8.13,8.33,8.41,8.19,8.13,8.20,7.99,7.99,7.96,7.69,7.50,7.57,7.87,7.79,8.08,7.93,7.78,7.74,7.94,8.20,8.30,8.07,7.89,8.06,8.25,8.43,8.36,8.31,8.29,8.20,8.21,8.24,8.22,7.94,7.94,7.96,8.02,7.98,7.98,7.93,7.90,7.93,7.97,8.12,8.28,8.25,7.89,8.00,8.00,8.16,8.21,8.14,8.07,7.91,7.65,7.69,7.70,7.66,7.61,7.77,7.81,7.78,7.83,7.91,7.87,7.81,7.68,7.61,7.63,7.66,7.90,7.87,7.71,7.78,7.79,7.44,7.60,7.54,7.55,7.58,7.56,7.47
8.32,8.48,8.45,8.20,8.14,7.88,7.53,7.38,7.53,7.62,7.47,7.40,7.44,7.47,7.33,7.34,7.50,7.46,7.54,7.68,7.76,8.00,7.81,7.65,7.65,7.74,7.94,8.07,8.04,8.29,8.40,8.34,8.43,8.40,8.39,8.33,8.29,8.32,8.43,8.54,8.41,8.27,8.07,7.95,7.90,7.98,8.08,8.30,8.41,8.23,8.10,7.74,7.56,7.81,8.10,8.04,7.95,8.11,8.17,8.14,8.15,8.25,8.23,8.14,8.11,8.15,8.23,8.31,8.38,8.20,7.89,7.98,8.23,8.02,7.97,7.83,7.90,7.97,8.11,8.34,8.41,8.17,8.10,8.14,7.99,7.74,7.65,7.71,7.60,7.58,7.83,7.80,7.87,8.05,7.86,7.71,7.91,8.05,8.22,8.17,7.99,7.97,8.21,8.42,8.32,8.32,8.33,8.17,8.19,8.31,8.23,8.07,8.07,7.98,8.05,7.93,8.00,7.98,7.94,7.99,8.03,8.07,8.42,8.39,8.05,8.11,8.11,8.28,8.17,8.13,8.02,7.72,7.72,7.74,7.95,7.80,7.65,7.77,7.86,7.77,7.88,8.17,7.93,7.82,7.64,7.42,7.38,7.79,7.81,7.70,7.69,7.85,7.93,7.54,7.62,7.68,7.55,7.49,7.54,7.42
8.43,8.54,8.48,8.49,8.13,7.90,7.54,7.36,7.54,7.53,7.53,7.44,7.55,7.60,7.41,7.40,7.33,7.26,7.39,7.60,7.82,7.89,7.96,7.57,7.95,7.96,8.07,8.16,8.14,8.31,8.27,8.25,8.29,8.32,8.33,8.23,8.17,8.28,8.45,8.46,8.40,8.34,8.15,7.94,7.82,7.79,7.94,8.27,8.38,8.22,8.13,7.70,7.63,7.80,8.20,7.98,7.95,7.94,7.95,8.04,8.11,8.15,8.16,8.21,8.17,8.14,8.16,8.19,8.28,8.20,8.03,8.03,8.23,8.06,8.02,7.91,7.81,8.15,8.31,8.23,8.15,7.98,7.89,7.89,7.93,7.81,7.78,7.83,7.70,7.64,7.81,7.82,7.82,8.04,7.91,7.86,7.95,8.34,8.21,8.13,8.02,7.87,8.03,8.29,8.25,8.24,8.25,8.12,8.21,8.36,8.22,8.17,7.94,7.95,7.99,7.87,7.98,7.93,7.87,8.05,8.23,8.11,8.11,8.19,8.07,7.83,7.97,8.06,7.99,7.98,7.98,7.79,7.82,7.80,7.86,7.76,7.60,7.66,7.77,7.73,7.78,8.23,8.14,7.97,7.74,7.55,7.41,7.44,7.57,7.70,7.70,7.71,7.80,7.62,7.60,7.64,7.50,7.39,7.57,7.55
8.55,8.55,8.52,8.36,7.95,7.63,7.45,7.53,7.62,7.53,7.71,7.48,7.53,7.66,7.62,7.29,7.23,7.16,7.23,7.46,7.65,7.70,7.65,7.74,7.77,7.66,7.88,8.22,8.36,8.17,8.11,8.11,8.24,8.20,8.17,8.13,8.11,8.22,8.38,8.34,8.43,8.43,8.19,8.10,7.99,8.12,8.14,8.34,8.46,8.32,8.16,7.71,7.85,7.74,8.08,7.94,7.95,7.87,7.97,8.03,8.10,8.08,8.15,8.24,8.19,8.12,8.07,8.08,8.21,8.23,8.06,7.94,8.03,8.02,8.05,7.88,7.90,7.89,8.10,8.21,8.00,7.91,7.85,7.74,7.83,7.93,7.89,7.87,7.77,7.72,7.69,7.72,7.89,7.91,8.03,8.03,8.12,8.38,8.28,8.13,8.13,7.97,7.97,8.13,8.22,8.21,8.15,8.05,8.08,8.21,8.15,8.07,7.80,8.02,7.83,7.76,7.88,7.86,7.90,8.16,8.15,7.89,7.97,8.28,7.91,7.81,7.78,7.99,8.08,8.00,7.96,7.89,7.83,7.87,7.71,7.62,7.53,7.53,7.62,7.64,7.73,8.03,7.96,7.95,7.78,7.52,7.36,7.42,7.69,7.77,7.77,7.71,7.61,7.54,7.54,7.49,7.44,7.47,7.69,7.55
8.40,8.52,8.47,8.02,7.81,7.61,7.50,7.53,7.57,7.52,7.64,7.44,7.58,7.71,7.54,7.32,7.40,7.06,7.09,7.18,7.32,7.52,7.47,7.72,7.81,7.89,7.95,8.12,8.16,7.99,8.22,8.13,8.06,8.04,8.02,8.07,8.05,8.15,8.29,8.30,8.47,8.39,8.27,8.28,8.19,8.16,8.11,8.31,8.41,8.17,7.88,7.68,7.54,7.69,7.90,7.42,7.72,7.91,7.93,8.14,8.15,8.03,8.14,8.16,8.13,8.15,8.04,8.03,8.23,8.23,7.99,7.85,7.83,7.97,8.07,7.76,7.99,7.87,7.96,8.23,8.02,7.94,7.72,7.61,7.80,7.90,7.90,7.85,7.76,7.74,7.64,7.63,7.80,7.95,8.06,8.07,8.21,8.24,8.29,8.20,8.29,8.20,8.12,8.16,8.17,8.16,8.05,7.95,7.88,7.94,8.00,7.93,7.91,7.94,7.94,7.89,7.98,8.03,7.97,8.02,8.00,7.80,7.93,8.12,7.73,7.71,7.73,7.88,8.05,8.06,8.02,7.94,7.79,7.89,7.81,7.71,7.58,7.56,7.64,7.73,7.65,7.83,7.93,7.86,7.73,7.55,7.17,7.44,7.70,7.64,7.62,7.74,7.58,7.46,7.48,7.44,7.40,7.48,7.64,7.36
8.40,8.52,8.34,7.90,7.71,7.68,7.41,7.46,7.61,7.52,7.53,7.24,7.29,7.32,7.21,7.04,7.17,6.98,6.99,7.00,7.15,7.36,7.40,7.65,7.80,7.88,7.89,8.03,8.05,7.85,7.70,7.63,7.90,7.83,7.93,7.93,7.90,8.05,8.22,8.27,8.41,8.37,8.27,8.27,8.25,8.29,8.33,8.40,8.43,8.27,7.99,7.87,7.70,7.69,7.88,8.11,7.96,7.95,8.25,8.15,8.27,8.16,8.15,8.23,8.27,8.17,7.94,7.91,8.31,8.16,8.00,7.89,7.79,7.95,8.10,7.76,8.05,8.13,8.12,8.19,8.10,7.98,7.65,7.60,7.85,7.91,7.93,7.95,7.80,7.78,7.73,7.69,7.70,8.06,8.06,8.02,8.06,8.21,8.28,8.30,8.30,8.27,8.24,8.33,8.16,7.89,7.94,7.83,8.07,8.03,8.14,7.78,7.76,7.91,7.98,7.62,7.54,7.83,7.97,7.87,8.02,7.88,8.02,8.05,7.86,7.71,7.69,7.78,7.93,8.04,8.03,7.97,7.78,7.87,7.82,7.69,7.63,7.79,8.04,7.74,7.64,7.73,7.57,7.48,7.49,7.49,7.26,7.45,7.65,7.53,7.36,7.54,7.62,7.66,7.72,7.57,7.37,7.41,7.53,7.31
8.33,8.39,8.30,8.02,7.65,7.56,7.31,7.38,7.39,7.31,7.29,7.05,7.00,7.09,7.06,6.84,6.96,7.02,6.96,7.08,7.21,7.30,7.46,7.71,7.89,7.88,7.94,8.00,7.97,7.78,7.55,7.76,7.88,7.97,8.05,8.07,7.99,8.05,8.20,8.28,8.37,8.39,8.28,8.20,8.24,8.46,8.41,8.38,8.39,8.13,7.90,7.88,7.80,7.86,7.94,7.91,7.88,8.13,8.36,8.34,8.48,8.33,8.24,8.04,7.83,7.91,7.96,7.98,8.24,8.10,8.04,7.82,7.78,7.88,8.07,7.91,8.12,8.15,8.24,8.12,8.13,8.02,7.86,7.80,7.93,7.99,7.99,8.08,7.99,7.82,7.85,7.76,7.80,7.96,8.13,8.06,7.88,8.16,8.37,8.52,8.55,8.41,8.21,8.28,8.28,7.94,7.80,7.78,7.73,7.89,8.03,7.88,7.82,7.87,7.88,7.61,7.57,7.91,8.14,8.11,8.11,7.86,7.95,8.03,7.90,7.79,7.70,7.76,7.94,8.00,7.89,7.98,7.87,7.82,7.77,7.64,7.50,7.54,7.81,7.68,7.53,7.79,7.68,7.46,7.38,7.45,7.40,7.41,7.60,7.63,7.46,7.31,7.42,7.26,7.39,7.52,7.50,7.57,7.77,7.29
8.49,8.56,8.29,7.94,7.90,7.79,7.53,7.18,7.05,7.04,6.99,6.96,6.88,6.96,6.91,6.77,6.84,6.93,6.86,6.91,7.09,7.36,7.60,7.83,8.11,7.99,7.98,7.91,7.85,7.69,7.62,7.78,7.85,7.85,7.96,7.85,7.93,8.17,8.11,8.10,8.42,8.38,8.41,8.20,8.21,8.38,8.30,8.25,8.25,8.07,7.85,7.81,7.86,7.98,7.96,8.17,7.90,8.28,8.32,8.33,8.28,8.11,8.00,7.98,7.93,7.93,8.02,8.14,8.21,7.96,7.82,7.71,7.93,7.86,8.17,7.99,8.05,8.02,8.29,8.22,8.12,8.00,8.00,8.00,7.94,8.02,8.02,8.02,8.16,7.85,7.87,7.80,7.66,7.94,8.14,8.21,8.11,8.16,8.22,8.43,8.42,8.47,8.39,8.28,8.05,7.57,7.64,7.73,7.85,7.91,8.12,7.80,7.73,7.78,7.89,7.74,7.77,7.97,8.08,8.22,8.05,7.88,7.77,8.00,7.89,7.78,7.82,7.88,7.91,7.96,7.93,7.98,8.03,7.76,7.76,7.68,7.52,7.54,7.71,7.58,7.63,7.74,7.76,7.56,7.38,7.48,7.39,7.38,7.52,7.63,7.58,7.66,7.50,7.33,7.39,7.49,7.45,7.45,7.61,7.30
8.57,8.71,8.40,8.10,7.93,7.55,7.08,7.13,7.10,6.98,6.86,6.99,6.94,7.00,6.91,6.74,6.67,6.89,6.71,6.88,7.05,7.14,7.41,7.87,7.98,8.02,7.96,7.86,7.77,7.76,7.79,7.87,7.95,7.80,7.85,8.02,8.12,8.15,8.06,8.06,8.28,8.34,8.14,8.16,8.12,8.12,8.23,8.16,8.21,8.15,7.95,7.80,7.85,7.98,7.99,8.04,7.90,8.02,8.36,8.38,8.17,8.10,8.04,7.97,7.99,8.10,8.08,8.03,8.08,7.95,7.77,7.74,7.90,7.90,8.04,7.97,7.86,8.07,8.38,8.19,7.96,7.94,8.07,7.95,7.85,8.06,8.11,7.94,7.98,8.08,8.02,7.78,7.96,8.07,8.05,8.37,8.59,8.33,8.41,8.46,8.38,8.43,8.32,8.03,7.83,7.66,7.62,7.63,7.69,7.87,8.10,7.79,7.86,7.80,7.91,7.93,7.87,7.97,8.03,8.13,8.03,8.03,7.87,8.03,8.08,7.90,7.82,7.93,7.86,7.99,8.32,7.94,7.90,7.94,7.87,7.70,7.50,7.50,7.58,7.58,7.58,7.69,7.68,7.53,7.32,7.48,7.53,7.56,7.55,7.46,7.36,7.48,7.54,7.45,7.40,7.46,7.44,7.38,7.41,7.37
8.64,8.69,8.40,8.14,7.86,7.30,7.17,7.20,7.30,7.23,7.08,7.10,7.13,7.15,6.97,6.77,6.75,6.82,6.60,6.76,6.91,7.21,7.58,7.72,7.81,7.95,8.06,7.88,7.79,7.80,7.85,7.87,7.88,7.71,7.77,7.91,7.77,7.97,8.05,8.02,8.12,8.11,8.08,8.13,8.12,8.19,8.20,8.21,8.25,8.20,8.03,7.88,7.85,7.98,8.08,8.02,8.03,7.99,8.38,8.37,8.20,8.05,8.10,8.02,8.08,8.14,7.94,7.96,8.16,7.99,7.93,7.89,8.22,8.14,8.20,7.83,7.97,8.16,8.29,8.22,8.30,8.19,7.98,7.96,7.96,8.10,8.27,8.13,8.07,8.08,8.15,8.07,8.00,8.17,8.00,8.17,8.38,8.32,8.40,8.45,8.48,8.46,8.24,8.02,7.91,7.82,7.69,7.60,7.81,7.94,8.17,7.93,7.97,7.85,7.99,8.11,7.96,7.93,8.08,8.07,8.24,8.06,8.11,8.05,7.89,7.79,7.87,7.99,7.85,7.83,8.13,8.19,8.04,7.94,7.82,7.66,7.54,7.42,7.48,7.69,7.53,7.64,7.72,7.56,7.53,7.55,7.50,7.42,7.41,7.42,7.24,7.40,7.53,7.54,7.47,7.40,7.45,7.45,7.50,7.55
