-4.26,-4.63,-4.55,-4.43,-4.60,-4.66,-4.63,-4.74,-4.93,-4.85,-4.89,-5.05,-5.17,-5.09,-5.00,-5.20,-5.19,-5.07,-5.03,-5.07,-5.09,-5.27,-5.03,-5.01,-5.00,-4.99,-4.84,-4.54,-4.51,-4.88,-4.89,-4.54,-4.75,-4.97,-4.31,-2.77,-1.03,0.33,1.41,1.97,2.13,1.84,1.82,1.52,1.42,1.29,1.09,1.02,0.44,0.24,0.51,1.11,1.39,1.72,2.25,2.52,2.86,3.24,3.42,3.77,4.24,4.31,4.38,4.62,4.39,4.47,4.64,4.44,4.48,4.25,4.48,4.45,4.19,4.19,4.26,4.24,4.20,4.22,4.10,3.72,3.59,3.65,3.63,3.93,4.00,4.38,4.57,4.29,4.13,4.17,3.86,3.72,3.72,3.47,3.11,3.05,3.25,3.53,3.79,4.04,4.77,5.08,5.02,5.03,5.37,5.28,5.42,5.47,5.45,5.29,5.22,5.24,5.18,5.22,5.07,5.18,5.31,4.96,5.07,4.98,4.84,4.67,4.47,4.35,4.28,3.90,3.57,2.95,3.14,3.80,4.30,4.48,4.42,4.47,4.62,4.38,4.24,4.26,4.24,3.97,3.54,3.23,3.16,3.23,3.36,3.53,3.78,4.06,4.05,3.96,4.03,3.99,3.86,4.03,4.35,4.51,4.57,4.50,4.29,3.96
-4.04,-4.52,-4.41,-4.42,-4.59,-4.75,-4.78,-4.70,-4.88,-5.03,-5.12,-5.20,-5.31,-5.32,-5.00,-5.00,-5.01,-5.08,-5.15,-5.24,-5.21,-5.33,-5.32,-5.08,-4.96,-4.99,-4.96,-4.75,-4.43,-4.59,-4.68,-4.81,-4.81,-4.71,-3.91,-2.33,-0.66,0.61,1.68,2.35,2.29,1.80,1.73,1.46,1.35,1.22,0.97,1.00,0.54,0.81,1.17,1.63,1.96,2.42,2.77,3.13,3.26,3.41,3.61,3.81,4.15,4.25,4.10,4.52,4.58,4.39,4.65,4.26,4.24,4.22,4.24,4.39,4.50,4.39,4.30,4.20,4.00,3.83,3.72,3.60,3.68,3.94,4.03,4.50,4.54,4.92,4.85,4.68,4.48,4.15,3.77,3.42,3.35,3.01,2.66,2.92,3.32,3.54,3.88,4.03,4.68,4.88,4.92,5.05,5.47,5.43,5.38,5.39,5.38,5.21,5.15,5.21,5.29,5.35,5.14,5.12,5.12,4.81,5.08,5.04,4.90,4.75,4.59,4.44,4.30,4.11,3.66,3.08,3.17,3.65,4.16,4.36,4.36,4.42,4.39,4.38,4.31,4.15,3.92,3.74,3.55,3.34,3.41,3.31,3.28,3.43,3.80,4.12,3.92,4.00,3.99,3.99,4.15,4.36,4.26,4.44,4.74,4.64,4.16,3.55
-3.78,-4.45,-4.28,-4.46,-4.72,-4.78,-4.78,-4.85,-4.87,-5.00,-5.11,-5.21,-5.29,-5.24,-5.04,-4.91,-5.13,-5.11,-5.16,-5.37,-5.27,-5.46,-5.49,-5.35,-5.16,-4.95,-4.79,-4.81,-4.88,-4.79,-4.91,-4.80,-4.89,-4.74,-3.90,-2.48,-0.92,0.56,1.44,2.17,2.24,1.66,1.46,1.30,1.24,1.22,1.00,1.03,0.77,1.17,1.71,2.00,2.46,2.86,3.25,3.56,3.77,3.92,3.96,4.17,4.44,4.19,4.22,4.49,4.45,4.70,4.91,4.44,4.37,4.18,4.32,4.31,4.35,4.45,4.42,4.36,4.18,3.90,3.79,3.73,4.23,4.87,4.52,4.80,4.89,5.03,4.57,4.64,4.12,3.84,3.38,2.90,2.83,2.86,2.87,2.83,3.01,3.57,4.00,4.30,4.69,4.83,5.05,5.07,5.44,5.50,5.52,5.43,5.38,5.19,5.15,5.25,5.36,5.37,5.12,5.03,4.95,5.05,5.01,4.96,4.95,4.88,4.76,4.55,4.38,4.32,3.55,3.16,2.98,3.57,4.06,4.26,4.43,4.62,4.34,4.50,4.25,4.29,4.11,3.92,3.71,3.41,3.49,3.24,3.10,3.36,3.77,3.93,3.78,4.09,3.94,3.97,4.19,4.44,4.30,4.57,4.51,4.24,3.73,3.01
-3.70,-4.42,-4.43,-4.72,-4.79,-4.76,-4.76,-4.79,-4.87,-5.08,-5.09,-5.15,-5.16,-4.87,-5.03,-4.80,-5.05,-5.17,-5.11,-5.35,-5.16,-5.32,-5.29,-5.15,-5.11,-5.11,-5.01,-4.89,-4.67,-4.78,-4.75,-4.80,-4.89,-4.84,-4.12,-2.82,-1.57,0.02,0.76,1.61,1.69,1.33,1.14,1.18,1.25,1.31,1.25,1.17,1.14,1.39,1.92,2.13,2.66,3.06,3.43,3.72,3.96,4.07,4.04,4.11,4.37,4.28,4.20,4.47,4.52,4.65,4.52,4.45,4.31,4.43,4.42,4.44,4.35,4.48,4.55,4.52,4.36,3.91,3.67,3.93,4.44,4.98,5.10,5.22,5.11,4.97,4.37,4.19,3.41,3.00,2.71,2.37,2.26,2.23,2.34,2.65,3.06,3.46,3.90,4.48,4.67,4.90,4.94,5.09,5.22,5.39,5.63,5.46,5.39,5.21,5.23,5.33,5.38,5.37,5.12,5.07,5.04,5.08,5.03,5.05,4.87,4.71,4.57,4.47,4.51,4.49,3.69,2.89,2.86,3.42,3.96,4.26,4.51,4.54,4.30,4.36,4.06,4.37,4.31,3.88,3.57,3.48,2.98,2.83,3.05,3.38,3.61,3.67,3.74,4.07,3.94,3.99,4.29,4.54,4.38,4.55,4.47,4.12,3.34,2.43
-3.66,-4.20,-4.50,-4.66,-4.91,-4.91,-4.74,-4.89,-5.08,-5.05,-4.97,-5.05,-5.23,-5.08,-5.24,-4.91,-4.88,-5.08,-5.23,-5.19,-5.24,-5.45,-5.21,-5.01,-5.07,-5.20,-5.20,-5.03,-4.78,-4.78,-4.83,-4.92,-4.92,-4.92,-4.54,-3.37,-2.22,-1.12,-0.18,0.88,1.12,1.06,1.19,1.27,1.19,1.24,1.50,1.24,1.30,1.94,2.31,2.63,3.12,3.67,3.75,3.98,4.23,4.23,4.16,4.22,4.41,4.29,4.13,4.29,4.32,4.62,4.51,4.48,4.38,4.48,4.52,4.61,4.61,4.62,4.68,4.58,4.28,3.90,3.85,4.19,4.75,5.09,5.30,5.67,5.50,4.68,4.47,3.42,2.62,2.59,2.41,2.12,1.86,1.85,1.99,2.28,2.76,3.26,3.81,4.32,4.67,4.76,5.39,5.03,5.32,5.16,5.50,5.37,5.35,5.25,5.30,5.33,5.37,5.31,5.15,5.11,5.07,5.03,5.08,4.91,4.76,4.62,4.54,4.47,4.42,4.24,3.40,3.20,2.86,3.17,3.74,4.22,4.38,4.31,4.20,4.37,4.07,4.37,4.29,3.96,3.52,3.18,3.10,3.06,3.01,3.31,3.48,3.57,3.79,3.93,3.99,4.03,4.32,4.42,4.09,4.49,4.23,3.85,3.18,2.37
-2.83,-3.66,-4.08,-4.39,-4.59,-4.63,-4.54,-4.95,-5.00,-5.01,-4.97,-5.07,-5.35,-5.37,-5.53,-5.25,-5.07,-5.05,-5.11,-5.41,-5.23,-5.31,-5.15,-5.08,-5.08,-5.11,-5.23,-4.96,-4.71,-4.79,-4.91,-4.96,-4.93,-4.99,-4.89,-4.12,-3.04,-2.45,-1.36,0.18,1.13,1.13,1.07,1.01,0.98,1.41,1.44,1.84,2.00,2.87,2.95,3.36,3.48,3.71,3.83,4.10,4.36,4.28,4.16,4.25,4.38,4.25,4.19,4.24,4.36,4.72,4.68,4.57,4.36,4.39,4.61,4.78,4.82,4.72,4.68,4.56,4.24,4.02,4.03,4.20,4.88,5.16,5.28,6.11,5.60,4.48,4.28,3.04,2.18,2.48,2.31,1.85,1.60,1.61,1.67,1.96,2.46,3.06,3.56,3.88,4.37,4.62,5.07,4.89,5.05,5.32,5.28,5.26,5.37,5.36,5.32,5.23,5.21,5.21,5.09,5.10,5.05,4.91,4.91,4.80,4.69,4.63,4.62,4.61,4.44,4.00,3.65,2.98,2.81,3.05,3.67,3.94,4.19,4.25,4.19,4.49,4.05,4.30,4.12,3.93,3.62,3.36,3.18,3.11,3.04,3.06,3.23,3.63,4.02,3.83,4.10,4.04,4.23,4.26,4.13,4.58,4.03,3.53,2.71,2.08
-1.97,-2.95,-3.69,-4.09,-4.41,-4.62,-4.63,-4.83,-5.01,-5.05,-5.08,-5.16,-5.39,-5.13,-5.31,-5.35,-5.24,-5.12,-5.07,-5.24,-5.42,-5.17,-5.08,-5.12,-5.13,-4.96,-5.04,-4.84,-4.72,-4.79,-4.91,-4.95,-4.93,-5.01,-5.04,-4.55,-4.20,-3.18,-2.43,-0.48,0.41,0.64,0.92,1.06,0.97,1.29,1.60,2.05,2.35,3.10,3.37,3.78,3.85,3.96,4.05,4.22,4.29,4.16,4.11,4.17,4.39,4.34,4.17,4.20,4.39,4.70,4.80,4.63,4.39,4.51,4.65,4.88,4.87,4.75,4.65,4.55,4.30,4.04,3.93,4.04,4.77,5.19,5.38,6.25,5.46,4.42,3.81,2.96,2.24,2.52,2.18,1.55,1.33,1.27,1.29,1.51,1.89,2.55,3.38,3.88,4.24,4.64,4.94,4.96,5.10,5.16,5.25,5.37,5.53,5.05,5.05,5.07,5.16,5.22,5.03,5.02,5.15,4.83,4.80,4.82,4.67,4.76,4.70,4.51,4.25,3.93,3.55,3.06,2.78,2.98,3.62,3.96,4.18,4.22,4.22,4.34,3.99,4.17,3.97,3.90,3.68,3.37,3.17,3.13,2.95,2.98,3.04,3.46,3.98,4.09,4.24,4.06,4.16,4.24,4.30,4.43,3.90,3.23,2.46,2.00
-1.19,-2.14,-3.28,-3.92,-4.29,-4.63,-4.67,-4.84,-4.97,-5.04,-5.08,-5.21,-5.36,-5.09,-5.12,-5.32,-5.39,-5.19,-4.91,-5.24,-5.27,-5.08,-5.04,-5.05,-5.04,-5.04,-4.95,-4.80,-4.74,-4.83,-4.89,-5.00,-5.05,-4.96,-4.99,-4.55,-4.35,-3.69,-2.68,-1.21,0.14,0.70,0.80,0.91,1.01,1.52,1.75,2.43,2.65,3.47,3.69,3.94,4.00,4.10,4.24,4.28,4.22,4.16,4.07,4.05,4.36,4.32,4.03,4.28,4.32,4.54,4.84,4.68,4.59,4.70,4.70,4.88,4.88,4.80,4.74,4.56,4.25,3.99,3.87,3.99,4.65,5.21,5.54,5.96,5.40,4.26,3.34,2.89,2.51,2.37,1.97,1.36,0.96,0.76,0.71,0.91,1.39,2.20,3.20,3.93,4.35,4.75,4.80,4.84,5.08,5.30,5.33,5.23,5.29,5.16,5.12,5.16,5.19,5.16,5.07,5.03,5.16,4.90,4.90,4.78,4.64,4.71,4.51,4.36,4.28,4.04,3.63,3.06,2.74,2.93,3.52,4.02,4.31,4.31,4.20,4.16,4.16,3.94,3.93,3.92,3.57,3.28,3.19,3.12,2.88,2.93,3.17,3.56,3.83,3.86,4.06,4.20,4.28,4.26,4.20,4.12,3.63,2.93,2.31,1.90
-0.68,-1.82,-2.97,-3.71,-4.13,-4.51,-4.46,-4.88,-4.92,-4.89,-4.96,-5.07,-5.46,-5.21,-5.28,-5.37,-5.33,-5.16,-5.04,-5.31,-5.32,-5.20,-5.07,-5.00,-4.96,-5.07,-5.04,-4.75,-4.70,-4.81,-4.99,-5.03,-5.03,-5.05,-4.88,-4.83,-4.28,-3.84,-2.79,-1.06,0.18,0.70,0.80,0.82,1.18,1.89,2.12,2.83,3.12,3.85,3.96,4.05,4.05,4.10,4.26,4.22,4.16,4.24,4.03,4.03,4.19,4.16,4.02,4.49,4.37,4.59,4.82,4.83,4.71,4.61,4.82,4.90,4.90,4.91,4.84,4.59,4.24,4.16,4.02,3.88,4.64,5.03,5.37,5.60,5.43,4.00,3.06,2.84,2.71,2.14,1.73,1.19,0.65,0.38,0.32,0.38,0.86,1.89,3.10,3.94,4.36,4.64,4.89,4.82,5.08,5.26,5.30,5.19,5.40,5.35,5.19,5.26,5.42,5.44,5.26,5.07,5.07,4.84,4.80,4.67,4.68,4.57,4.37,4.38,4.34,4.15,3.81,3.20,2.66,3.13,3.61,4.06,4.26,4.07,4.15,4.35,3.77,3.90,3.90,3.85,3.52,3.31,3.25,3.11,2.82,2.96,3.06,3.50,3.84,3.90,4.12,3.80,4.10,4.26,4.18,3.91,3.13,2.64,2.08,1.74
-0.43,-1.92,-3.00,-3.65,-4.05,-4.37,-4.28,-4.68,-5.04,-5.19,-5.23,-5.21,-5.27,-5.36,-5.27,-5.07,-5.00,-5.09,-5.04,-5.23,-5.31,-5.28,-5.09,-4.95,-5.08,-4.93,-5.05,-4.66,-4.78,-4.93,-5.01,-5.07,-5.05,-5.25,-5.21,-5.36,-4.72,-4.20,-2.83,-1.15,0.02,0.76,1.20,1.28,1.58,2.13,2.59,3.19,3.55,4.07,4.15,4.12,4.10,4.11,4.18,4.13,4.07,4.18,3.96,4.11,4.16,4.23,4.23,4.44,4.59,4.89,4.77,4.81,4.83,4.89,4.94,4.95,4.96,4.85,4.80,4.82,4.50,3.91,3.74,3.87,4.32,4.78,5.05,5.56,5.54,3.86,3.05,2.94,2.76,2.28,1.42,0.86,0.49,0.39,0.37,0.22,0.58,1.80,3.16,3.94,4.20,4.47,4.95,4.80,5.07,5.29,5.31,5.15,5.31,5.31,5.24,5.12,5.14,5.21,5.24,5.30,5.23,4.95,4.99,4.95,4.98,4.80,4.64,4.50,4.34,4.20,4.00,3.46,2.72,3.19,3.57,4.00,4.23,3.99,4.09,4.24,3.90,3.94,4.25,3.97,3.61,3.41,3.29,3.11,2.81,3.07,3.02,3.52,3.81,3.85,4.03,4.13,4.18,3.88,3.69,3.53,2.78,2.31,1.72,1.57
-0.75,-2.24,-3.35,-3.83,-4.22,-4.54,-4.64,-4.70,-4.96,-5.27,-5.29,-5.15,-5.20,-5.36,-5.35,-5.07,-4.74,-5.08,-5.11,-5.20,-5.20,-5.16,-5.07,-4.95,-5.11,-5.15,-4.76,-4.74,-4.72,-4.95,-5.04,-4.92,-4.97,-5.00,-4.99,-5.09,-4.28,-3.47,-2.39,-1.03,0.12,1.08,1.83,2.02,2.14,2.54,3.19,3.66,3.81,4.18,4.28,4.20,4.18,4.19,4.25,4.31,4.26,4.16,4.03,4.24,4.51,4.17,4.30,4.50,5.03,5.10,4.99,4.82,5.02,4.96,4.98,4.99,4.83,4.68,4.77,4.75,4.18,3.66,3.65,3.77,4.28,4.54,4.98,5.37,5.39,3.83,2.96,2.98,2.63,2.30,1.72,0.90,0.45,0.41,0.54,0.70,1.25,2.29,3.30,3.87,4.16,4.45,4.78,4.77,5.07,5.26,5.33,5.11,5.31,5.33,5.31,5.33,5.23,5.24,5.29,5.26,5.23,5.14,5.11,4.87,4.74,4.67,4.72,4.74,4.54,4.35,4.16,3.56,2.81,3.02,3.41,3.96,4.18,3.96,4.03,4.16,4.03,4.05,4.18,3.84,3.56,3.38,3.24,3.07,2.94,3.20,3.17,3.52,3.71,3.83,4.07,4.28,4.11,3.63,3.32,3.01,2.51,2.11,1.61,1.46
-1.60,-2.81,-3.70,-3.97,-4.24,-4.84,-4.49,-4.56,-4.85,-5.07,-4.99,-4.85,-5.17,-5.28,-5.32,-5.19,-4.80,-5.13,-5.19,-5.33,-5.27,-5.08,-4.99,-5.03,-5.03,-4.87,-4.74,-4.62,-4.58,-4.68,-4.84,-4.91,-5.09,-5.08,-4.96,-4.74,-3.74,-2.64,-1.71,-0.46,0.64,1.40,2.25,2.59,2.78,3.32,3.92,4.12,4.09,4.32,4.44,4.51,4.47,4.43,4.52,4.47,4.41,4.51,4.32,4.38,4.67,4.41,4.48,4.69,5.11,5.21,4.99,4.91,5.05,5.05,5.03,5.02,5.01,4.99,5.01,4.81,4.25,3.78,3.72,3.86,4.11,4.52,4.80,5.52,5.19,3.98,3.17,3.02,2.70,2.07,2.24,1.64,1.12,0.93,1.12,1.74,2.49,2.99,3.29,3.77,4.30,4.54,4.72,4.85,5.14,5.15,5.31,5.09,5.42,5.35,5.25,5.31,5.21,5.16,5.09,5.09,5.16,5.08,4.99,4.89,4.81,4.65,4.47,4.63,4.50,4.34,4.09,3.47,2.86,2.94,3.30,3.85,4.09,4.03,4.05,4.11,4.09,4.02,4.09,3.80,3.78,3.59,3.52,3.32,3.02,3.35,3.18,3.43,3.66,3.84,4.07,4.39,4.10,3.54,3.11,2.66,2.14,1.72,1.96,1.69
-2.56,-3.47,-4.09,-4.04,-4.50,-4.50,-4.05,-4.34,-4.68,-4.67,-4.92,-5.03,-5.21,-5.31,-5.29,-5.23,-5.04,-5.17,-5.08,-5.23,-5.20,-5.07,-5.15,-4.92,-4.79,-4.68,-4.68,-4.52,-4.54,-4.64,-4.79,-4.92,-4.92,-5.01,-4.62,-4.03,-3.06,-2.01,-1.00,0.27,1.28,1.71,2.45,2.93,3.36,3.96,4.19,4.17,4.28,4.35,4.38,4.41,4.45,4.52,4.59,4.48,4.19,4.23,4.26,4.23,4.59,4.64,4.69,4.80,5.14,5.14,5.11,4.97,5.05,5.16,4.99,4.97,4.95,4.94,4.92,4.64,4.22,3.74,3.44,3.52,4.07,4.63,4.71,5.37,5.11,3.81,3.36,3.13,2.72,2.30,1.91,1.88,1.89,1.97,2.57,3.17,3.44,3.41,3.41,3.78,4.19,4.43,4.74,4.91,5.25,5.18,5.22,5.12,5.36,5.31,5.16,5.19,5.07,5.04,5.08,5.14,5.14,4.92,4.96,4.85,4.91,4.59,4.70,4.62,4.26,4.09,3.99,3.57,2.99,3.13,3.26,3.69,4.11,4.19,4.11,4.11,4.11,4.04,4.30,3.77,3.77,3.62,3.49,3.26,3.02,3.00,2.94,3.37,3.65,3.78,3.93,4.13,3.78,3.22,2.81,2.37,1.92,1.92,1.47,1.46
-3.27,-3.65,-3.96,-4.08,-4.31,-4.13,-4.25,-4.51,-4.71,-4.63,-4.91,-5.24,-5.31,-5.36,-5.39,-5.21,-5.07,-5.00,-5.13,-5.13,-4.99,-4.91,-4.92,-5.01,-4.72,-4.81,-4.56,-4.52,-4.51,-4.56,-4.68,-4.63,-4.50,-4.51,-4.10,-3.39,-2.34,-1.36,-0.26,0.91,1.82,2.31,2.86,3.52,3.93,4.16,4.48,4.30,4.38,4.47,4.35,4.23,4.19,4.37,4.58,4.48,4.54,4.39,4.34,4.25,4.38,4.51,4.67,4.78,5.02,5.30,5.11,5.04,5.04,5.09,5.05,4.97,4.92,4.90,4.88,4.62,4.15,3.68,3.38,3.50,3.86,4.43,4.64,5.19,4.99,3.87,3.54,2.72,2.89,2.46,2.65,2.80,2.94,3.23,3.37,3.52,3.28,3.02,3.42,3.93,4.10,4.37,4.74,4.99,5.30,5.35,5.07,5.21,5.18,5.36,5.17,5.32,5.17,5.12,5.14,5.19,5.14,4.94,4.94,4.87,4.90,4.65,4.55,4.70,4.47,4.28,4.25,3.84,3.11,3.13,3.29,3.94,4.26,4.35,4.12,4.11,4.19,4.19,4.35,3.85,3.77,3.46,3.30,3.18,3.05,2.96,2.80,3.12,3.48,3.67,3.68,3.56,3.28,2.84,2.47,2.07,1.84,1.80,1.60,1.62
-3.15,-3.54,-3.86,-4.01,-4.24,-4.29,-4.39,-4.67,-4.88,-4.84,-4.76,-5.17,-5.31,-5.31,-5.25,-5.19,-4.95,-5.03,-5.19,-5.24,-5.25,-5.29,-5.01,-4.87,-4.59,-4.84,-4.78,-4.63,-4.56,-4.49,-4.42,-4.38,-4.25,-3.84,-3.82,-2.93,-1.76,-0.58,0.58,1.64,2.42,3.00,3.42,3.96,4.56,4.41,4.50,4.45,4.37,4.39,4.25,4.29,4.31,4.26,4.48,4.58,4.55,4.39,4.43,4.49,4.45,4.57,4.85,4.81,4.95,5.12,5.02,5.15,5.07,4.99,4.90,4.94,5.04,5.03,4.90,4.62,4.15,3.62,3.34,3.50,3.77,4.34,4.52,5.08,4.94,4.20,3.34,2.93,2.87,2.87,3.17,3.25,3.59,3.52,3.60,3.65,3.26,2.86,3.11,3.67,3.97,4.26,4.71,4.89,5.11,5.28,5.23,5.08,5.25,5.44,5.16,5.25,5.33,5.14,5.07,5.11,4.99,4.81,4.78,4.80,4.70,4.56,4.37,4.54,4.36,4.34,4.29,3.80,3.07,2.64,2.87,3.92,4.31,4.38,4.09,4.15,4.28,4.20,4.17,3.94,3.86,3.49,3.37,3.24,3.08,3.14,3.12,3.20,3.35,3.50,3.55,3.37,2.99,2.58,2.12,1.88,1.79,1.67,1.60,1.58
-3.10,-3.44,-4.03,-4.17,-4.16,-4.45,-4.50,-4.62,-4.99,-5.05,-4.66,-4.93,-5.23,-5.21,-5.01,-4.89,-4.84,-4.96,-4.99,-5.00,-5.00,-4.99,-5.13,-4.63,-4.63,-4.74,-4.67,-4.55,-4.45,-4.30,-4.08,-4.14,-3.99,-3.41,-3.44,-2.27,-0.96,0.38,1.58,2.33,2.87,3.41,4.05,4.39,4.37,4.42,4.31,4.39,4.59,4.59,4.37,4.19,4.15,4.17,4.43,4.45,4.47,4.48,4.39,4.47,4.49,4.56,4.81,4.88,4.81,4.99,5.03,5.14,4.91,4.89,4.87,4.91,5.12,5.09,4.85,4.54,4.12,3.72,3.34,3.54,3.63,4.23,4.23,4.62,4.55,3.72,2.78,2.94,3.32,3.19,3.25,3.44,3.56,3.41,3.32,3.06,2.47,2.12,2.64,3.35,3.87,4.49,4.70,4.99,5.11,5.07,4.94,4.98,5.16,5.22,4.98,4.89,5.07,4.99,5.05,5.07,4.84,4.71,4.85,4.88,4.74,4.81,4.51,4.70,4.45,4.42,4.17,3.67,3.24,2.96,3.11,3.79,4.10,4.13,4.10,4.20,4.18,4.03,3.94,3.81,3.77,3.49,3.47,3.23,3.04,3.07,3.18,3.18,3.34,3.49,3.37,3.00,2.64,2.11,1.80,1.67,1.60,1.53,1.46,1.49
-3.17,-3.31,-4.04,-4.30,-4.13,-4.35,-4.41,-4.41,-4.76,-5.17,-4.85,-4.81,-4.91,-4.97,-4.92,-5.13,-4.78,-4.91,-5.00,-5.03,-4.93,-4.72,-5.05,-4.64,-4.59,-4.62,-4.54,-4.37,-4.21,-4.03,-3.80,-3.67,-3.28,-2.91,-2.34,-1.26,-0.02,1.23,2.39,3.30,3.84,4.13,4.74,4.84,4.35,4.50,4.42,4.35,4.41,4.44,4.32,4.23,4.28,4.34,4.48,4.52,4.35,4.50,4.54,4.47,4.78,4.75,4.84,4.95,4.88,4.87,5.03,5.10,4.91,4.83,4.87,4.91,5.03,4.99,4.82,4.63,4.20,3.81,3.42,3.56,3.66,4.23,4.06,4.39,4.63,3.42,2.82,3.47,3.84,3.40,3.36,3.40,3.38,3.05,2.75,2.42,1.97,1.73,2.33,3.20,3.79,4.31,4.62,4.92,5.08,5.03,5.03,5.19,4.97,5.16,4.97,4.96,5.15,5.08,5.15,5.12,4.87,4.80,4.98,4.89,4.82,4.88,4.59,4.58,4.51,4.36,4.02,3.50,3.12,2.96,3.07,3.55,4.12,4.23,4.09,4.22,4.24,4.05,3.86,3.74,3.66,3.55,3.50,3.28,3.05,2.96,3.01,3.00,3.11,2.99,2.99,2.95,2.29,1.78,1.58,1.28,1.22,1.38,1.41,1.42
-3.31,-3.35,-4.09,-4.24,-4.25,-4.26,-4.18,-4.10,-4.43,-4.91,-4.81,-4.88,-5.00,-5.05,-5.00,-5.07,-5.04,-5.07,-5.05,-5.07,-5.04,-4.64,-4.83,-4.60,-4.54,-4.52,-4.45,-4.22,-3.97,-3.86,-3.52,-3.08,-2.59,-1.81,-0.98,0.24,1.22,2.06,3.05,3.88,4.18,4.24,4.68,4.51,4.26,4.29,4.45,4.38,4.35,4.37,4.34,4.26,4.30,4.45,4.44,4.62,4.35,4.50,4.48,4.64,4.90,4.99,4.78,4.97,4.97,4.82,4.88,5.03,5.08,4.92,4.85,4.95,5.04,4.97,4.84,4.76,4.38,3.81,3.42,3.47,3.66,4.15,3.98,4.18,4.74,3.68,3.61,4.30,3.99,3.26,3.10,2.96,2.96,2.68,2.18,1.91,1.77,1.91,2.43,3.16,3.87,4.26,4.56,4.91,5.08,4.92,4.77,4.98,5.29,4.92,5.01,5.09,4.98,4.89,4.98,4.99,4.76,4.65,4.81,4.74,4.65,4.61,4.47,4.31,4.42,4.29,4.06,3.72,3.22,2.80,2.92,3.49,3.97,4.22,3.90,3.91,4.04,3.94,3.83,4.02,3.93,3.74,3.52,3.29,3.05,2.93,3.01,2.72,2.71,2.70,2.78,2.52,1.72,1.24,1.30,1.13,1.28,1.47,1.39,1.40
-3.44,-3.49,-4.25,-4.09,-4.31,-4.37,-4.34,-4.38,-4.43,-4.45,-4.63,-4.80,-4.91,-4.96,-4.91,-4.96,-5.08,-4.93,-4.89,-4.92,-4.79,-4.52,-4.67,-4.52,-4.45,-4.39,-4.28,-3.93,-3.61,-3.70,-3.09,-2.20,-1.81,-1.27,-0.26,1.24,2.13,2.72,3.67,4.42,4.56,4.62,4.87,4.65,4.41,4.51,4.45,4.39,4.43,4.43,4.35,4.17,4.17,4.30,4.22,4.52,4.26,4.55,4.32,4.56,4.78,4.99,4.76,4.78,4.83,4.85,4.72,4.89,5.10,4.97,4.84,4.96,5.09,5.03,4.90,4.70,4.42,3.75,3.28,3.37,3.52,3.88,3.75,3.75,4.48,4.16,4.44,4.74,3.93,3.36,2.82,2.64,2.62,2.22,1.74,1.63,1.88,2.29,2.58,3.18,3.92,4.22,4.44,4.81,4.95,4.92,4.81,4.82,5.04,4.97,4.99,5.02,5.03,4.94,4.65,4.65,4.65,4.69,4.81,4.70,4.54,4.38,4.22,4.24,4.34,4.26,4.11,3.85,3.26,2.75,2.81,3.18,3.91,3.97,3.98,4.04,4.17,3.98,3.72,3.85,3.80,3.60,3.42,3.23,3.01,2.93,2.98,2.72,2.57,2.55,2.52,2.23,1.63,1.02,1.42,1.51,1.56,1.53,1.47,1.38
-3.45,-3.66,-4.08,-3.96,-4.12,-4.25,-4.29,-4.39,-4.46,-4.55,-4.58,-4.66,-4.78,-4.91,-4.87,-4.87,-4.89,-4.63,-4.56,-4.74,-4.42,-4.29,-4.51,-4.55,-4.31,-4.25,-4.13,-3.70,-3.25,-3.12,-2.84,-1.54,-0.78,0.12,0.86,1.64,2.81,3.90,4.49,4.85,4.92,4.96,4.77,4.63,4.59,4.63,4.41,4.30,4.34,4.34,4.29,4.16,4.12,4.12,3.96,4.36,4.20,4.56,4.39,4.44,4.75,4.81,4.88,4.62,4.62,4.84,4.75,4.87,4.97,4.89,4.75,4.84,4.94,4.87,4.92,4.69,4.34,3.75,3.29,3.29,3.43,3.67,3.56,3.74,4.38,4.67,5.07,4.90,3.87,3.59,2.74,2.57,2.64,2.19,1.88,1.91,2.31,2.87,3.18,3.43,3.77,4.10,4.32,4.52,4.83,4.95,4.81,4.82,4.81,5.08,4.71,4.85,4.95,4.80,4.76,4.78,4.70,4.51,4.45,4.54,4.45,4.20,4.06,4.19,4.34,4.23,4.04,3.90,3.36,2.87,2.92,3.04,3.90,4.15,4.13,3.93,3.97,4.00,4.12,4.24,4.07,3.80,3.43,3.32,3.06,2.86,2.81,2.74,2.46,2.42,2.24,1.79,1.29,1.08,1.36,1.42,1.40,1.29,1.18,1.25
-3.47,-3.53,-4.34,-4.05,-3.97,-4.08,-4.21,-4.29,-4.30,-4.33,-4.41,-4.39,-4.50,-4.88,-4.74,-4.49,-4.49,-4.24,-4.10,-4.45,-4.29,-3.93,-4.30,-4.50,-4.30,-4.13,-3.95,-3.54,-3.19,-2.69,-1.92,-0.61,0.27,1.24,1.90,2.59,3.44,4.26,4.85,5.09,5.21,4.94,4.74,4.69,4.65,4.58,4.36,4.29,4.31,4.26,4.23,4.25,4.20,4.16,3.94,4.35,4.41,4.55,4.48,4.65,4.74,4.57,4.77,4.77,4.76,5.03,5.01,5.02,4.90,4.90,4.94,4.96,5.02,4.84,4.78,4.76,4.37,3.87,3.36,3.20,3.26,3.56,3.52,3.96,4.25,4.83,5.51,4.97,3.74,3.12,2.54,2.45,2.78,2.52,2.34,2.48,2.84,3.53,3.81,3.63,3.77,4.18,4.39,4.48,4.78,4.89,4.80,4.74,4.95,5.09,4.91,4.94,4.87,4.90,4.74,4.89,4.80,4.69,4.77,4.63,4.41,4.30,4.32,4.02,4.26,4.23,3.97,3.91,3.36,2.89,2.88,2.99,3.84,4.16,3.96,3.67,3.90,4.11,4.04,3.87,3.84,3.68,3.25,3.16,3.00,2.83,2.69,2.47,2.14,2.07,1.74,1.23,0.82,0.86,1.41,1.20,1.31,1.28,1.06,0.93
-3.39,-3.58,-4.08,-3.88,-4.05,-4.24,-4.13,-4.22,-4.03,-4.33,-4.43,-4.30,-4.24,-4.58,-4.43,-4.21,-4.04,-3.79,-3.63,-4.03,-4.14,-3.63,-4.07,-4.39,-4.21,-3.88,-3.61,-3.13,-2.38,-1.87,-0.73,0.35,1.15,2.09,2.86,3.59,4.29,4.68,5.04,5.33,5.39,4.95,4.88,4.81,4.63,4.50,4.34,4.29,4.32,4.28,4.26,4.30,4.22,4.20,4.00,4.37,4.47,4.50,4.56,4.55,4.81,4.64,4.81,4.80,4.82,4.91,5.14,5.16,4.96,4.97,5.03,5.03,5.04,5.05,5.05,4.81,4.47,3.80,3.36,3.52,3.36,3.47,3.57,3.78,4.24,4.89,5.18,4.83,3.66,2.95,2.69,2.53,2.87,2.65,2.52,2.92,3.47,4.09,4.02,3.68,3.86,4.22,4.35,4.51,4.81,4.83,4.75,4.76,4.94,4.98,4.94,4.74,4.68,4.75,4.70,4.81,4.69,4.56,4.52,4.45,4.39,4.31,4.30,4.03,4.28,4.32,4.03,3.79,3.23,2.81,2.70,2.84,3.55,4.06,3.79,3.69,3.96,4.24,4.16,3.88,3.85,3.78,3.34,3.24,3.02,2.82,2.63,2.35,1.82,1.47,1.18,0.84,0.61,0.72,1.20,0.98,1.11,1.03,0.92,0.95
-3.09,-3.39,-3.95,-3.84,-4.01,-4.31,-4.21,-4.16,-3.91,-4.13,-4.33,-4.35,-4.28,-4.24,-4.05,-4.16,-3.76,-3.36,-3.45,-4.00,-4.28,-4.21,-3.99,-4.03,-3.97,-3.88,-3.58,-2.66,-1.65,-0.80,0.43,1.31,2.07,2.87,3.49,4.13,4.68,4.81,5.21,5.43,5.36,4.96,4.81,4.76,4.58,4.35,4.20,4.15,4.13,4.18,4.25,4.37,4.23,4.09,3.93,4.23,4.37,4.35,4.61,4.74,4.77,4.62,4.75,4.81,4.63,4.98,5.12,5.05,4.85,4.82,4.88,5.02,5.17,5.11,5.07,4.80,4.37,3.81,3.46,3.41,3.29,3.25,3.49,3.68,4.36,4.89,5.10,5.16,3.59,2.98,2.49,2.64,3.16,3.06,2.99,3.43,4.09,4.48,4.17,3.77,3.83,4.04,4.19,4.49,4.76,4.81,4.84,4.85,4.80,4.96,4.71,4.68,4.62,4.70,4.70,4.63,4.57,4.57,4.61,4.55,4.43,4.37,4.31,4.06,4.19,4.07,4.07,3.83,3.35,2.92,2.64,2.69,3.31,4.10,3.88,3.91,3.90,4.17,4.06,3.84,3.90,3.69,3.53,3.25,3.07,2.82,2.48,2.16,1.60,1.27,0.86,0.67,0.63,0.63,0.76,0.75,0.84,0.90,0.92,0.86
-3.23,-3.48,-3.88,-3.82,-3.83,-4.05,-4.16,-3.99,-3.83,-3.82,-3.99,-4.18,-4.17,-3.96,-3.57,-3.50,-3.09,-2.52,-2.34,-2.91,-3.56,-4.00,-3.95,-3.86,-3.84,-3.65,-3.06,-1.97,-0.23,0.53,1.25,2.31,2.87,3.53,4.06,4.45,4.84,4.89,5.17,5.35,5.19,4.89,4.63,4.62,4.48,4.22,4.04,4.02,4.09,4.15,4.16,4.31,4.39,4.42,4.16,4.22,4.05,4.31,4.41,4.50,4.67,4.70,4.71,4.62,4.81,5.01,5.01,4.99,4.85,4.80,4.78,4.76,4.95,5.07,5.04,4.84,4.39,3.61,3.25,3.01,3.11,3.14,3.24,3.75,4.23,4.51,5.05,4.76,3.41,3.11,2.80,2.88,2.84,2.82,3.05,3.65,4.16,4.41,4.16,3.80,3.80,3.96,4.23,4.52,4.61,4.81,4.95,4.82,4.75,4.83,4.56,4.55,4.69,4.83,4.67,4.59,4.45,4.50,4.59,4.52,4.39,4.25,4.30,4.03,4.04,3.93,3.84,3.87,3.43,2.99,2.66,2.74,3.43,4.10,3.97,3.94,3.88,4.06,3.91,3.75,3.83,3.73,3.44,3.24,3.04,2.68,2.28,1.78,1.07,0.67,0.43,0.41,0.44,0.41,0.59,0.55,0.77,0.82,0.82,0.86
-3.34,-3.71,-3.93,-3.92,-3.87,-3.91,-3.99,-3.76,-3.69,-3.66,-3.70,-3.73,-3.47,-3.23,-2.82,-2.41,-1.87,-1.36,-1.27,-1.97,-2.77,-3.19,-3.41,-3.58,-3.63,-3.36,-2.59,-1.30,0.09,1.22,1.82,2.82,3.49,3.93,4.32,4.64,4.94,5.04,5.10,5.15,5.08,4.94,4.82,4.57,4.34,4.19,4.03,3.88,3.86,3.93,4.35,4.34,4.30,4.31,3.91,4.28,4.38,4.65,4.38,4.70,4.74,4.75,4.62,4.56,4.74,4.94,4.98,4.99,4.94,4.85,4.78,4.70,4.84,5.03,4.94,4.64,4.43,3.78,3.25,3.16,3.20,3.19,3.32,3.86,4.35,4.35,5.11,4.70,3.67,3.16,2.86,2.90,3.08,3.06,3.29,3.86,4.23,4.44,4.11,3.77,3.62,3.78,4.26,4.55,4.64,4.82,4.83,4.71,4.71,4.64,4.56,4.37,4.68,4.63,4.52,4.63,4.48,4.43,4.49,4.56,4.52,4.28,4.25,4.25,3.97,4.09,3.69,3.77,3.54,3.00,2.60,2.81,3.54,3.94,3.86,3.77,3.93,4.07,3.79,3.67,3.81,3.71,3.53,3.38,2.84,2.33,1.90,1.39,0.66,0.56,0.20,0.27,0.40,0.51,0.67,0.49,0.82,0.67,0.69,0.80
-3.30,-3.66,-3.91,-4.03,-4.07,-4.08,-4.03,-3.74,-3.57,-3.50,-3.44,-3.19,-2.72,-2.60,-2.16,-1.58,-1.02,-0.52,-0.23,-0.95,-1.71,-2.43,-3.14,-3.52,-3.62,-3.31,-2.27,-0.83,0.53,1.71,2.33,3.18,3.91,4.29,4.52,4.80,4.99,5.07,5.21,5.03,5.04,5.01,4.97,4.56,4.28,4.16,4.03,4.00,4.07,4.22,4.63,4.65,4.61,4.32,4.52,4.55,4.41,4.70,4.28,4.50,4.70,4.68,4.74,4.77,4.82,4.87,4.84,4.77,4.80,4.78,4.83,4.91,4.77,4.80,4.95,4.70,4.45,3.77,3.25,3.25,3.46,3.47,3.52,4.04,3.92,4.24,4.72,4.48,3.69,3.11,3.04,3.12,3.07,3.16,3.60,4.24,4.68,4.43,3.98,3.97,3.68,3.79,4.45,4.74,4.81,4.87,4.76,4.67,4.68,4.59,4.55,4.31,4.47,4.39,4.61,4.57,4.47,4.38,4.37,4.41,4.37,4.29,4.24,4.19,4.02,3.94,3.50,3.62,3.13,2.68,2.42,2.55,3.26,3.92,3.74,3.63,3.88,3.99,3.67,3.60,3.66,3.56,3.61,3.38,2.64,1.99,1.41,0.88,0.50,0.46,0.30,0.23,0.35,0.53,0.55,0.48,0.59,0.71,0.77,0.80
-3.30,-3.54,-3.90,-4.03,-4.10,-4.28,-4.10,-3.92,-3.50,-3.13,-2.92,-2.82,-2.65,-2.18,-1.43,-0.68,-0.06,0.39,0.44,-0.12,-0.92,-1.67,-2.33,-3.01,-3.54,-3.56,-2.50,-1.02,0.55,1.88,2.72,3.72,4.32,4.55,4.72,4.91,5.01,5.02,5.17,5.16,4.99,4.91,4.71,4.51,4.18,4.15,4.13,3.98,4.18,4.30,4.48,4.62,4.62,4.52,4.23,4.61,4.54,4.54,4.59,4.57,4.55,4.59,4.63,4.69,4.75,4.75,4.69,4.70,4.74,4.76,4.77,4.85,4.92,4.88,4.81,4.63,4.31,3.73,3.24,3.13,3.16,3.25,3.37,3.87,4.02,4.24,4.84,4.71,3.96,3.40,3.11,3.05,3.28,3.18,3.99,4.69,4.45,3.88,3.46,3.32,3.40,3.80,4.32,4.61,4.76,4.88,4.78,4.78,4.71,4.54,4.49,4.32,4.38,4.41,4.57,4.44,4.32,4.31,4.38,4.34,4.22,4.16,4.11,4.25,4.11,3.84,3.88,3.77,3.48,3.16,2.78,2.62,3.02,3.73,3.63,3.81,3.78,3.73,3.72,3.68,3.59,3.52,3.60,3.35,2.52,1.82,1.35,1.01,0.75,0.74,0.58,0.49,0.50,0.70,0.93,0.71,0.74,0.96,1.07,1.04
-3.37,-3.57,-3.97,-4.07,-3.93,-4.24,-3.93,-3.73,-3.31,-2.86,-2.54,-2.41,-1.63,-1.25,-0.68,-0.09,0.44,0.86,0.97,0.54,-0.08,-0.90,-1.74,-2.70,-3.41,-3.36,-2.79,-1.72,-0.19,1.62,2.83,3.99,4.58,4.64,4.71,4.82,4.95,4.91,4.97,5.11,4.91,4.96,4.80,4.52,4.16,4.02,4.00,3.81,3.92,4.20,4.25,4.49,4.61,4.41,4.68,4.64,4.58,4.49,4.42,4.50,4.45,4.38,4.48,4.51,4.59,4.67,4.68,4.62,4.68,4.71,4.74,4.81,4.75,4.70,4.62,4.50,4.20,3.60,3.19,3.01,3.13,3.02,3.29,3.71,3.97,4.38,4.75,4.58,3.87,3.37,2.99,3.13,3.18,3.30,3.81,4.09,3.79,3.60,3.61,3.41,3.43,3.63,4.12,4.61,4.57,4.50,4.67,4.75,4.69,4.55,4.57,4.38,4.56,4.35,4.36,4.43,4.30,4.32,4.44,4.32,4.13,4.11,4.10,4.17,4.22,4.09,3.83,3.91,3.49,2.94,2.59,2.53,3.01,3.81,3.88,3.78,3.63,3.88,4.00,3.93,3.75,3.57,3.48,3.28,2.53,1.80,1.34,1.00,0.64,0.49,0.50,0.46,0.40,0.49,0.69,0.82,0.92,0.92,1.07,1.08
-3.44,-3.61,-3.90,-4.00,-3.84,-4.05,-3.86,-3.52,-2.95,-2.41,-1.96,-1.41,-0.73,-0.31,0.28,0.82,1.06,0.96,1.14,0.84,0.45,-0.18,-1.38,-2.59,-3.18,-3.10,-3.04,-2.61,-1.27,0.95,2.69,3.88,4.49,4.74,4.90,4.82,5.03,4.85,5.05,5.10,4.82,4.81,4.44,4.12,4.11,4.38,4.70,4.62,4.00,4.17,4.41,4.31,4.48,4.45,4.68,4.54,4.52,4.55,4.57,4.50,4.57,4.41,4.52,4.70,4.69,4.69,4.59,4.47,4.55,4.80,4.88,4.81,4.72,4.80,4.81,4.58,4.15,3.75,3.32,3.18,3.18,3.14,3.18,3.48,3.87,4.30,4.88,4.82,3.99,3.20,3.18,2.92,3.29,3.22,3.46,3.71,3.66,3.35,3.26,3.60,3.99,4.10,4.20,4.55,4.72,4.77,4.69,4.45,4.69,4.72,4.59,4.55,4.55,4.35,4.29,4.49,4.43,4.37,4.42,4.31,4.11,4.05,4.12,4.17,4.19,3.98,3.74,3.83,3.67,3.19,2.65,2.52,2.82,3.30,3.67,3.56,3.92,4.02,3.83,3.77,3.75,3.63,3.38,3.16,2.47,1.64,1.19,0.91,0.64,0.54,0.44,0.69,0.54,0.65,0.98,1.03,1.07,1.45,1.38,1.30
-3.31,-3.37,-3.52,-3.61,-3.48,-3.32,-3.27,-2.93,-2.37,-1.53,-0.62,-0.27,0.27,0.51,0.81,1.02,1.06,1.04,1.08,0.86,0.67,0.24,-0.96,-2.30,-2.73,-2.81,-3.00,-2.90,-2.15,-0.13,2.26,3.90,4.59,4.77,4.83,5.12,5.17,5.09,4.77,4.80,4.75,4.68,4.39,4.59,4.77,4.77,4.80,4.30,3.80,4.20,4.44,4.35,4.32,4.45,4.68,4.57,4.49,4.63,4.64,4.56,4.59,4.38,4.45,4.59,4.58,4.68,4.62,4.55,4.68,4.80,4.80,4.68,4.61,4.72,4.84,4.54,4.28,3.86,3.32,3.14,3.16,3.06,3.19,3.47,3.85,4.35,4.69,4.56,3.94,3.28,3.12,2.94,3.07,3.16,3.46,3.48,3.85,3.71,3.73,4.05,4.47,4.72,4.58,4.59,4.72,4.71,4.76,4.50,4.56,4.69,4.51,4.67,4.51,4.43,4.17,4.43,4.47,4.36,4.25,4.18,4.06,3.97,4.05,4.17,4.02,3.91,3.71,3.84,3.57,3.11,2.49,2.40,2.84,3.29,3.43,3.61,3.93,4.05,4.10,3.98,3.79,3.66,3.46,2.90,2.11,1.31,0.97,0.77,0.69,0.72,0.79,0.92,0.81,0.88,1.13,1.39,1.51,1.57,1.71,1.75
-3.21,-3.18,-3.31,-3.49,-3.09,-2.70,-2.68,-2.45,-1.77,-0.95,-0.42,0.07,0.60,0.76,0.86,0.97,1.03,1.22,1.13,0.98,0.87,0.39,-0.64,-1.73,-2.07,-1.97,-2.36,-2.41,-2.38,-0.98,1.53,3.83,4.90,4.90,4.89,5.17,5.23,5.14,5.02,5.03,5.02,4.91,4.90,5.04,5.15,5.08,4.95,4.57,3.99,4.18,4.12,4.36,4.28,4.50,4.75,4.71,4.51,4.58,4.62,4.64,4.56,4.44,4.50,4.52,4.57,4.67,4.67,4.69,4.76,4.75,4.69,4.74,4.82,4.76,4.75,4.49,4.25,3.65,3.40,3.28,2.92,3.05,3.36,3.49,3.75,4.41,4.84,4.69,4.03,3.42,3.12,3.08,3.17,3.37,3.94,4.31,4.57,4.35,4.32,4.62,4.72,4.77,4.68,4.59,4.71,4.78,4.67,4.54,4.63,4.77,4.50,4.62,4.63,4.18,4.15,4.45,4.38,4.31,4.18,4.12,4.05,3.94,3.99,4.07,3.98,3.94,3.66,3.77,3.55,3.16,2.55,2.45,2.86,3.30,3.49,3.57,3.98,3.99,3.92,3.85,3.74,3.52,3.14,2.55,1.80,1.28,0.88,0.67,0.69,0.86,1.01,1.06,1.02,1.11,1.35,1.62,1.55,1.74,1.99,1.95
-3.06,-3.23,-3.52,-3.65,-3.18,-2.41,-2.15,-2.01,-1.35,-0.44,-0.22,0.27,0.63,0.80,0.86,0.90,1.03,1.40,1.22,1.14,0.95,0.46,-0.41,-1.17,-1.30,-1.14,-1.88,-2.64,-2.23,-1.26,1.08,3.40,4.62,5.11,5.21,5.15,5.37,5.15,5.16,5.03,4.77,5.02,5.19,5.36,5.38,5.17,4.92,4.44,4.19,4.34,4.03,4.44,4.47,4.42,4.63,4.59,4.54,4.52,4.62,4.62,4.49,4.37,4.44,4.55,4.58,4.64,4.68,4.68,4.77,4.82,4.82,4.87,4.82,4.81,4.69,4.42,4.25,3.66,3.40,3.20,2.93,3.16,3.36,3.59,3.73,4.29,4.47,4.36,3.91,3.12,3.05,3.04,3.53,3.90,4.28,4.64,4.71,4.68,4.87,5.02,4.83,4.78,4.72,4.54,4.54,4.57,4.61,4.68,4.58,4.50,4.35,4.32,4.43,4.24,4.39,4.52,4.34,4.25,4.29,4.26,4.10,3.98,3.98,3.98,4.09,3.86,3.61,3.66,3.44,3.13,2.51,2.31,2.70,3.25,3.62,3.65,3.94,3.84,3.78,3.75,3.66,3.32,2.77,2.16,1.99,1.44,1.12,0.86,0.84,1.11,1.15,1.34,1.38,1.49,1.66,1.79,1.82,1.80,2.06,2.05
-3.34,-3.45,-3.35,-3.22,-2.92,-1.53,-1.39,-1.11,-0.51,0.13,0.19,0.56,0.84,0.95,0.98,0.98,1.00,1.45,1.18,1.13,0.79,0.50,0.10,-0.56,-0.41,-0.33,-1.15,-1.76,-2.13,-1.48,1.07,3.46,4.45,5.04,4.94,5.29,5.39,5.45,5.28,4.92,4.72,4.95,5.23,5.37,5.22,4.87,4.65,4.36,4.06,4.24,4.09,4.34,4.39,4.38,4.61,4.50,4.51,4.50,4.58,4.51,4.43,4.30,4.32,4.47,4.51,4.59,4.68,4.67,4.77,4.83,4.82,4.85,4.76,4.84,4.65,4.47,4.43,3.86,3.40,3.02,2.98,3.11,3.36,3.47,3.77,3.84,3.86,3.68,3.43,3.02,3.52,3.50,3.96,4.25,4.37,4.35,4.67,4.83,4.83,4.81,4.67,4.72,4.68,4.52,4.51,4.50,4.52,4.54,4.37,4.43,4.02,4.19,4.20,4.10,4.44,4.52,4.38,4.17,4.18,4.24,4.11,4.02,3.99,3.94,4.00,3.65,3.52,3.47,3.34,3.12,2.48,2.35,2.72,3.23,3.60,3.54,4.06,3.84,3.96,3.88,3.49,3.00,2.41,1.71,1.58,1.28,1.17,1.08,1.18,1.46,1.60,1.64,1.80,1.89,1.90,1.90,2.01,1.97,2.16,2.22
-2.93,-3.00,-2.96,-2.81,-2.54,-1.20,-0.76,-0.37,0.12,0.48,0.50,0.79,0.96,1.06,1.15,1.19,1.12,1.36,1.20,1.13,0.90,0.70,0.54,0.29,0.66,0.88,-0.16,-0.96,-1.68,-1.34,1.17,3.79,4.68,4.98,5.39,5.47,5.46,5.71,5.42,5.09,5.11,5.31,5.42,5.37,5.18,4.94,4.76,4.37,3.91,4.25,4.23,4.39,4.47,4.59,4.71,4.61,4.55,4.48,4.47,4.47,4.44,4.34,4.34,4.42,4.49,4.72,4.83,4.75,4.85,4.81,4.76,4.90,4.87,4.82,4.57,4.44,4.44,3.97,3.43,2.92,3.00,3.01,3.35,3.14,3.81,3.80,3.69,3.61,3.74,3.81,4.18,3.93,4.32,4.61,4.62,4.54,4.69,4.55,4.51,4.74,4.76,4.75,4.55,4.54,4.77,4.82,4.83,4.70,4.48,4.52,4.43,4.47,4.54,4.20,4.12,4.29,4.24,4.29,4.38,4.42,4.20,4.10,4.11,3.97,3.81,3.49,3.37,3.38,3.43,3.18,2.57,2.26,2.62,3.24,3.55,3.57,3.92,3.97,3.91,3.84,3.41,2.81,2.24,1.78,1.28,1.46,1.17,1.07,1.25,1.49,1.67,1.69,1.95,2.05,2.06,2.03,1.96,2.13,2.26,2.40
-2.91,-2.70,-2.47,-2.37,-1.83,-0.86,-0.34,0.09,0.49,0.65,0.74,1.01,0.98,1.01,1.15,1.24,1.23,1.23,1.36,1.23,0.91,0.77,0.84,0.86,1.38,1.23,0.13,-1.12,-1.35,-1.26,0.55,3.44,4.89,5.15,5.44,5.31,5.81,5.64,5.43,5.23,5.42,5.47,5.50,5.50,5.16,4.75,4.58,4.29,3.93,4.20,4.36,4.32,4.44,4.62,4.64,4.65,4.56,4.37,4.30,4.32,4.37,4.36,4.32,4.31,4.38,4.72,4.94,4.84,4.95,4.85,4.69,4.87,4.92,4.76,4.54,4.31,4.23,3.90,3.41,2.99,2.98,2.90,3.26,3.04,3.68,3.71,4.17,4.00,4.24,4.28,4.32,4.29,4.49,4.47,4.75,4.65,4.65,4.55,4.61,4.81,4.77,4.70,4.58,4.58,4.68,4.69,4.68,4.50,4.37,4.39,4.26,4.29,4.26,4.25,4.06,4.36,4.13,4.19,4.11,4.13,4.16,3.99,3.86,3.85,3.72,3.46,3.41,3.53,3.46,3.16,2.53,2.20,2.52,3.12,3.56,3.68,3.77,3.86,3.72,3.75,3.41,2.84,2.33,2.00,1.61,1.60,1.24,1.38,1.53,1.57,1.62,1.79,1.88,2.03,2.18,2.19,2.12,2.35,2.58,2.62
-2.42,-2.24,-2.05,-2.00,-1.17,-0.31,-0.03,0.38,0.88,0.88,1.02,1.22,1.13,1.02,1.03,1.17,1.30,1.45,1.28,1.29,1.11,0.90,0.97,0.90,1.07,1.19,0.37,-0.64,-1.25,-0.80,1.04,3.36,4.72,5.15,5.39,5.77,5.82,5.54,5.39,5.09,5.16,5.26,5.39,5.31,5.03,4.88,4.35,4.28,3.85,4.07,4.37,4.26,4.47,4.47,4.48,4.55,4.45,4.39,4.36,4.26,4.31,4.39,4.29,4.25,4.31,4.56,4.89,4.89,4.89,4.87,4.71,4.77,4.88,4.69,4.68,4.29,4.32,4.06,3.71,3.16,2.80,3.00,3.42,3.41,3.85,3.91,4.65,4.43,4.32,4.19,4.32,4.43,4.42,4.34,4.68,4.51,4.49,4.39,4.54,4.65,4.55,4.54,4.51,4.56,4.58,4.51,4.48,4.36,4.42,4.45,4.36,4.24,4.20,4.06,4.23,4.17,4.15,4.24,4.07,4.02,4.00,3.92,3.75,3.65,3.73,3.66,3.66,3.56,3.37,3.19,2.57,2.33,2.52,3.07,3.60,3.60,3.63,3.61,3.84,3.78,3.40,2.80,2.30,2.03,1.77,1.69,1.61,1.60,1.80,2.01,1.89,2.02,2.09,2.13,2.23,2.40,2.58,2.72,2.90,2.80
-1.71,-1.54,-1.29,-1.36,-0.67,0.09,0.34,0.60,1.12,1.23,1.24,1.28,1.29,1.31,1.33,1.31,1.33,1.61,1.46,1.40,1.34,1.22,1.28,1.38,1.04,1.25,0.77,-0.09,-0.43,0.30,1.78,3.46,4.84,5.18,5.39,5.84,5.92,5.63,5.51,5.11,5.03,5.15,5.24,5.08,4.76,4.81,4.24,4.19,3.83,4.25,4.24,4.24,4.48,4.29,4.42,4.59,4.52,4.57,4.59,4.48,4.42,4.41,4.35,4.35,4.34,4.41,4.74,4.87,4.84,4.81,4.78,4.76,4.72,4.57,4.80,4.41,4.56,4.39,4.13,3.42,2.81,3.16,3.78,3.91,4.37,4.35,4.83,4.78,4.52,4.34,4.63,4.42,4.52,4.42,4.56,4.39,4.43,4.41,4.50,4.54,4.50,4.50,4.34,4.47,4.64,4.61,4.47,4.23,4.31,4.22,4.00,4.13,4.35,4.29,4.37,4.29,4.16,4.15,4.09,3.98,3.96,4.03,3.87,3.67,3.79,3.78,3.66,3.57,3.44,3.38,2.77,2.42,2.58,3.10,3.52,3.56,3.71,3.61,3.81,3.49,3.14,2.75,2.42,2.23,1.94,1.78,1.55,1.58,1.99,2.25,2.17,2.43,2.49,2.40,2.45,2.58,2.70,2.86,2.77,2.93
-0.87,-0.62,-0.27,-0.27,-0.11,0.40,0.74,0.85,0.96,1.38,1.30,1.44,1.60,1.61,1.50,1.46,1.15,1.68,1.61,1.47,1.39,1.31,1.30,1.30,1.41,1.35,1.27,0.96,0.76,0.87,1.95,3.91,5.09,5.40,5.68,5.81,6.00,5.63,5.40,5.09,5.02,5.08,5.17,5.17,4.78,4.54,4.26,4.16,3.73,4.22,4.16,4.17,4.34,4.16,4.41,4.50,4.52,4.57,4.65,4.61,4.51,4.39,4.36,4.38,4.30,4.34,4.57,4.71,4.84,4.77,4.75,4.82,4.69,4.56,4.67,4.49,4.55,4.50,4.35,3.73,3.17,3.77,4.18,4.52,4.83,4.59,5.03,5.07,4.62,4.56,4.71,4.48,4.59,4.54,4.54,4.51,4.48,4.37,4.31,4.35,4.49,4.56,4.36,4.36,4.49,4.48,4.37,4.38,4.45,4.28,4.00,4.23,4.23,4.17,4.13,4.17,3.99,3.99,4.15,4.18,3.91,3.80,3.80,3.68,3.61,3.53,3.44,3.52,3.36,3.31,2.74,2.52,2.63,3.00,3.46,3.69,3.83,3.65,3.54,3.12,2.94,2.82,2.75,2.59,2.11,2.07,1.77,1.57,1.72,1.97,2.05,2.19,2.47,2.64,2.68,2.69,2.78,2.87,2.55,2.99
0.10,0.35,0.44,0.71,0.60,0.91,1.03,0.97,1.08,1.44,1.23,1.36,1.53,1.46,1.25,1.42,1.35,1.74,1.55,1.44,1.47,1.45,1.60,1.44,1.66,1.49,1.38,1.23,1.27,1.57,2.55,4.28,5.25,5.81,5.87,5.82,5.91,5.78,5.49,4.99,4.95,5.10,5.15,5.21,4.87,4.55,4.36,4.15,3.72,3.91,4.05,4.19,4.32,4.22,4.39,4.36,4.45,4.44,4.50,4.50,4.50,4.43,4.36,4.42,4.39,4.51,4.64,4.62,4.77,4.74,4.77,4.90,4.75,4.65,4.61,4.47,4.50,4.57,4.61,4.11,3.91,4.76,4.76,5.15,4.95,4.85,4.96,4.91,4.45,4.51,4.48,4.47,4.52,4.54,4.62,4.63,4.49,4.39,4.26,4.30,4.43,4.51,4.41,4.35,4.43,4.44,4.35,4.36,4.51,4.36,4.10,4.09,4.31,4.13,4.15,4.00,4.12,4.29,4.11,3.98,3.81,3.67,3.62,3.72,3.73,3.61,3.55,3.52,3.66,3.35,2.82,2.57,2.55,2.88,3.38,3.66,3.69,3.66,3.41,3.20,2.96,3.02,3.19,3.04,2.35,2.08,1.77,1.71,1.80,2.02,2.33,2.59,2.81,2.69,2.74,2.71,2.66,3.05,2.87,2.69
0.75,0.81,1.11,1.19,1.18,1.20,1.22,1.22,1.25,1.29,1.25,1.44,1.53,1.44,1.27,1.35,1.30,1.72,1.78,1.61,1.42,1.41,1.58,1.47,1.60,1.49,1.34,1.36,1.41,1.67,2.70,4.42,5.46,5.68,5.92,5.81,5.77,5.61,5.44,4.85,4.88,5.12,5.05,5.11,4.82,4.58,4.38,4.00,3.83,3.87,3.94,4.18,4.39,4.28,4.32,4.51,4.55,4.43,4.42,4.36,4.44,4.51,4.38,4.31,4.41,4.63,4.70,4.63,4.63,4.65,4.70,4.77,4.63,4.74,4.67,4.62,4.51,4.57,4.75,4.61,4.96,5.15,5.17,5.15,4.61,4.84,4.61,4.49,4.63,4.52,4.42,4.25,4.44,4.48,4.69,4.62,4.54,4.41,4.36,4.39,4.36,4.43,4.44,4.42,4.45,4.44,4.35,4.38,4.39,4.22,4.23,4.25,4.18,4.09,4.20,4.13,4.13,4.24,4.12,3.94,3.99,3.74,3.61,3.68,3.59,3.61,3.55,3.63,3.81,3.42,2.96,2.57,2.53,2.81,3.20,3.50,3.60,3.74,3.48,3.59,3.23,3.28,3.46,3.28,2.65,2.22,1.79,1.95,2.03,2.29,2.75,2.88,2.58,2.76,3.02,3.05,2.94,2.94,2.94,3.00
1.15,1.23,1.56,1.47,1.30,1.29,1.20,1.09,1.28,1.45,1.38,1.55,1.63,1.58,1.49,1.55,1.64,1.78,1.75,1.58,1.45,1.47,1.58,1.47,1.44,1.50,1.47,1.45,1.41,1.71,2.83,4.55,5.66,5.67,5.94,5.79,5.68,5.51,5.38,4.81,4.77,5.05,4.94,5.07,4.81,4.43,4.36,3.94,3.71,3.88,3.94,4.04,4.36,4.30,4.35,4.52,4.39,4.48,4.57,4.38,4.38,4.48,4.29,4.19,4.35,4.48,4.67,4.65,4.68,4.74,4.87,4.91,4.80,4.78,4.61,4.70,4.62,4.54,4.71,4.61,5.38,5.24,5.04,4.85,4.56,4.82,4.62,4.54,4.83,4.65,4.49,4.30,4.44,4.56,4.63,4.57,4.54,4.36,4.35,4.38,4.32,4.44,4.47,4.51,4.52,4.35,4.29,4.36,4.28,4.16,4.24,4.30,4.24,4.24,4.30,4.19,4.12,4.17,4.03,3.96,3.94,3.80,3.69,3.71,3.73,3.56,3.56,3.41,3.47,3.35,2.98,2.52,2.60,2.96,3.29,3.55,3.78,3.72,3.57,3.79,3.50,3.32,3.20,2.88,2.31,2.06,1.86,1.96,2.05,2.31,2.63,2.72,2.49,2.77,3.10,3.07,2.82,2.77,2.92,2.84
1.28,1.38,1.80,1.39,1.17,1.23,1.33,1.29,1.07,1.42,1.40,1.53,1.58,1.53,1.46,1.35,1.47,1.63,1.68,1.55,1.44,1.63,1.45,1.49,1.45,1.47,1.38,1.36,1.38,1.75,2.95,4.52,5.52,5.82,5.78,5.67,5.68,5.57,5.32,4.75,4.67,4.94,4.85,4.96,4.75,4.37,4.32,4.04,3.69,3.80,4.04,4.09,4.38,4.24,4.42,4.48,4.39,4.48,4.56,4.36,4.32,4.47,4.34,4.35,4.44,4.42,4.69,4.76,4.69,4.63,4.84,4.84,4.95,4.99,4.63,4.80,4.63,4.51,4.78,4.78,5.12,5.16,4.95,4.81,4.82,4.74,4.67,4.80,4.63,4.57,4.54,4.58,4.54,4.55,4.47,4.52,4.47,4.41,4.35,4.31,4.34,4.49,4.44,4.49,4.51,4.37,4.25,4.15,4.04,4.07,4.16,4.22,4.11,4.05,4.20,4.00,4.07,4.04,3.92,4.00,3.87,3.68,3.66,3.61,3.50,3.54,3.61,3.52,3.54,3.47,3.22,2.41,2.40,2.72,3.17,3.60,3.77,3.75,3.55,3.73,3.52,3.17,2.82,2.36,1.88,2.03,1.95,1.96,2.07,2.36,2.71,2.80,2.43,2.64,2.99,2.98,2.74,2.72,2.92,2.89
1.52,1.19,1.55,1.57,1.39,1.55,1.61,1.42,1.52,1.51,1.67,1.71,1.67,1.61,1.55,1.46,1.50,1.58,1.63,1.52,1.44,1.64,1.36,1.42,1.35,1.36,1.31,1.44,1.49,1.68,2.80,4.38,5.17,5.74,5.54,5.52,5.61,5.40,5.07,4.63,4.54,4.78,4.88,4.96,4.69,4.38,4.37,4.06,3.84,3.77,4.05,4.10,4.29,4.12,4.29,4.31,4.31,4.38,4.42,4.34,4.30,4.34,4.42,4.54,4.52,4.51,4.61,4.68,4.69,4.55,4.63,4.71,4.97,4.91,4.58,4.70,4.62,4.63,4.75,4.94,4.95,4.96,4.62,4.80,4.65,4.64,4.74,4.62,4.64,4.67,4.48,4.52,4.42,4.29,4.42,4.45,4.51,4.48,4.35,4.30,4.42,4.43,4.35,4.41,4.39,4.25,4.20,4.09,3.94,4.02,4.12,4.13,4.04,3.98,4.18,3.96,4.11,4.19,3.87,3.84,3.72,3.63,3.54,3.52,3.50,3.43,3.59,3.44,3.57,3.25,3.22,2.65,2.40,2.46,2.95,3.46,3.57,3.83,3.47,3.62,3.42,3.04,2.71,2.39,2.13,2.33,2.00,2.22,2.35,2.54,2.76,2.76,2.70,2.84,3.01,2.93,2.80,2.86,2.93,3.12
1.64,1.61,1.68,1.57,1.45,1.57,1.61,1.44,1.56,1.71,1.61,1.78,1.88,1.77,1.69,1.74,1.69,1.71,1.82,1.78,1.56,1.61,1.40,1.50,1.42,1.44,1.47,1.60,1.58,1.62,2.54,4.22,5.25,5.49,5.36,5.44,5.46,5.25,4.98,4.64,4.48,4.61,4.81,4.95,4.69,4.35,4.36,4.04,3.86,3.98,4.06,4.04,4.34,4.29,4.50,4.31,4.36,4.37,4.38,4.39,4.37,4.38,4.41,4.43,4.39,4.59,4.81,4.77,4.72,4.62,4.64,4.74,4.80,4.91,4.75,4.72,4.80,4.88,4.85,4.85,4.97,5.01,4.78,4.85,4.51,4.71,4.69,4.38,4.45,4.64,4.52,4.55,4.39,4.23,4.47,4.43,4.56,4.55,4.31,4.28,4.38,4.38,4.28,4.30,4.31,4.25,4.22,4.13,3.98,3.99,4.07,4.15,4.05,3.96,4.10,4.04,3.91,4.16,4.04,3.91,3.83,3.67,3.60,3.68,3.66,3.47,3.46,3.60,3.54,3.65,3.06,2.46,2.22,2.42,2.96,3.57,3.88,3.71,3.50,3.53,3.14,2.69,2.42,2.26,2.25,2.49,2.11,2.59,2.72,2.66,2.63,2.69,2.90,2.94,2.89,2.92,3.00,3.05,2.93,2.98
1.84,1.92,1.83,1.74,1.69,1.78,1.79,1.61,1.62,1.64,1.78,1.91,1.99,1.89,1.61,1.69,1.75,1.82,1.89,1.80,1.49,1.51,1.46,1.55,1.55,1.61,1.63,1.68,1.60,1.60,2.55,4.11,5.38,5.38,5.28,5.42,5.40,5.23,4.92,4.55,4.41,4.51,4.57,4.72,4.64,4.24,4.36,4.19,3.88,3.93,4.17,4.10,4.28,4.16,4.26,4.26,4.39,4.36,4.35,4.32,4.26,4.44,4.42,4.28,4.37,4.51,4.76,4.84,4.81,4.58,4.61,4.68,4.72,4.85,4.88,4.82,4.58,4.70,4.81,4.99,4.94,5.04,4.54,4.87,4.76,4.76,4.75,4.52,4.44,4.67,4.51,4.55,4.39,4.29,4.54,4.43,4.48,4.51,4.26,4.13,4.17,4.26,4.23,4.23,4.29,4.31,4.20,4.00,3.98,4.03,4.06,4.23,4.16,4.04,4.12,3.91,3.78,4.15,3.93,3.98,3.80,3.43,3.43,3.66,3.62,3.36,3.31,3.41,3.57,3.42,3.00,2.58,2.58,2.62,2.84,3.31,3.60,3.56,3.32,2.96,2.70,2.53,2.47,2.37,2.39,2.84,2.42,2.87,2.88,2.74,2.66,2.70,2.83,2.80,2.93,3.05,3.12,3.16,2.95,2.99
2.08,2.07,1.71,1.61,1.58,1.74,1.84,1.64,1.66,1.73,1.75,1.80,1.86,1.82,1.60,1.55,1.66,1.83,1.88,1.73,1.50,1.55,1.46,1.57,1.64,1.71,1.66,1.66,1.60,1.66,2.76,4.16,4.99,5.38,5.42,5.45,5.40,5.18,4.82,4.45,4.34,4.51,4.69,4.69,4.67,4.20,4.24,3.94,3.67,3.90,4.16,4.25,4.26,4.00,4.11,4.32,4.28,4.26,4.32,4.28,4.25,4.44,4.51,4.44,4.58,4.65,4.72,4.88,4.76,4.57,4.62,4.61,4.61,4.62,4.82,4.80,4.72,4.76,4.95,4.91,5.02,4.74,4.58,4.78,4.81,4.37,4.55,4.41,4.41,4.44,4.31,4.39,4.34,4.34,4.42,4.36,4.52,4.45,4.30,4.15,4.11,4.16,4.16,4.26,4.25,4.25,4.20,3.98,4.03,4.17,4.07,4.19,4.20,4.00,4.24,3.86,3.80,4.11,3.88,3.87,3.66,3.49,3.48,3.55,3.48,3.30,3.40,3.31,3.57,3.46,3.14,2.68,2.52,2.78,3.22,3.59,3.72,3.24,2.98,2.53,2.30,2.49,2.54,2.48,2.58,2.89,2.89,3.01,2.87,2.80,2.80,2.72,2.82,2.88,3.08,3.06,3.07,3.25,3.05,3.14
2.14,2.12,1.60,1.57,1.47,1.60,1.75,1.57,1.67,1.74,1.58,1.64,1.83,1.82,1.61,1.49,1.53,1.78,1.79,1.64,1.71,1.61,1.46,1.53,1.75,1.71,1.57,1.53,1.53,1.73,2.64,4.15,4.89,5.17,5.30,5.35,5.16,5.07,4.80,4.41,4.25,4.41,4.65,4.72,4.69,4.15,4.24,4.13,3.57,3.87,4.04,4.15,4.09,3.90,4.26,4.48,4.32,4.23,4.34,4.48,4.50,4.45,4.43,4.43,4.54,4.57,4.68,4.78,4.68,4.55,4.58,4.63,4.49,4.68,4.74,5.08,4.83,4.77,4.99,4.89,4.78,4.74,4.54,4.62,4.51,4.39,4.37,4.30,4.36,4.32,4.26,4.29,4.36,4.25,4.39,4.48,4.49,4.32,4.39,4.30,4.17,4.13,4.16,4.26,4.25,4.26,4.17,3.99,4.12,4.23,4.07,4.02,4.13,3.94,4.15,3.96,3.71,4.00,3.91,3.75,3.56,3.47,3.53,3.56,3.42,3.24,3.19,3.43,3.63,3.42,3.25,3.00,2.49,2.40,2.78,3.31,3.42,2.82,2.28,2.05,2.41,2.02,2.25,2.62,2.78,3.11,2.96,3.32,2.99,2.82,2.90,3.00,2.96,3.12,3.07,2.99,3.08,3.31,3.17,3.36
2.12,2.12,1.75,1.67,1.63,1.71,1.77,1.62,1.66,1.63,1.53,1.62,1.78,1.71,1.44,1.46,1.51,1.72,1.63,1.39,1.66,1.55,1.55,1.46,1.55,1.51,1.42,1.51,1.61,1.64,2.53,3.96,4.50,4.99,5.08,5.29,5.01,4.82,4.68,4.26,3.99,4.16,4.41,4.67,4.72,4.06,3.99,3.90,3.81,3.94,3.86,3.90,3.97,3.93,4.16,4.30,4.28,4.25,4.20,4.23,4.26,4.31,4.39,4.42,4.51,4.55,4.58,4.61,4.65,4.51,4.59,4.55,4.67,4.68,4.74,4.84,4.76,4.80,4.69,4.83,4.68,4.70,4.57,4.44,4.51,4.48,4.54,4.49,4.31,4.28,4.15,4.24,4.29,4.26,4.30,4.38,4.25,4.13,4.20,4.24,4.17,4.15,4.13,4.15,4.19,4.25,4.05,3.92,4.12,4.17,4.00,3.92,4.13,4.00,4.11,4.03,3.96,4.02,3.96,3.79,3.72,3.67,3.63,3.50,3.47,3.55,3.41,3.46,3.50,3.36,3.34,2.98,2.54,2.39,2.68,3.13,3.05,2.41,2.54,2.59,2.35,2.59,2.88,3.14,3.28,3.17,3.18,3.30,3.02,2.93,3.07,3.25,3.29,3.29,3.30,3.29,3.34,3.38,3.22,3.55
2.02,2.02,1.92,1.82,1.79,1.83,1.79,1.55,1.63,1.60,1.55,1.57,1.62,1.46,1.35,1.46,1.57,1.64,1.56,1.41,1.51,1.52,1.53,1.62,1.58,1.61,1.50,1.46,1.63,1.88,2.74,3.78,4.41,5.08,5.14,5.38,5.16,4.75,4.45,4.23,4.06,4.30,4.59,4.34,4.56,4.07,4.18,3.97,3.78,3.85,3.94,4.03,3.94,3.87,4.03,4.16,4.20,4.25,4.28,4.18,4.17,4.36,4.41,4.41,4.42,4.56,4.58,4.61,4.69,4.54,4.56,4.36,4.50,4.69,4.75,4.76,4.88,4.83,4.71,4.88,4.54,4.61,4.67,4.45,4.52,4.48,4.49,4.54,4.23,4.34,4.20,4.28,4.30,4.36,4.28,4.37,4.48,4.37,4.28,4.22,4.16,4.24,4.07,4.02,4.15,4.18,4.03,3.88,4.05,4.11,3.97,4.03,4.05,3.92,4.07,4.06,4.07,4.06,4.06,4.03,3.87,3.68,3.62,3.55,3.57,3.59,3.40,3.43,3.34,3.42,3.30,3.10,2.55,2.26,2.31,2.48,2.43,2.24,2.39,2.42,2.47,3.06,3.38,3.47,3.47,3.40,3.36,3.18,3.23,3.18,3.17,3.30,3.48,3.30,3.41,3.32,3.42,3.54,3.06,3.43
1.94,1.97,1.92,1.83,1.82,1.86,1.82,1.35,1.61,1.62,1.52,1.50,1.61,1.60,1.46,1.50,1.61,1.61,1.55,1.49,1.45,1.44,1.36,1.56,1.44,1.45,1.46,1.53,1.77,1.91,2.72,3.72,4.55,5.04,4.97,5.04,5.01,4.85,4.54,4.13,3.87,3.91,4.50,4.56,4.67,4.06,3.96,3.92,3.75,3.84,3.84,3.93,3.98,3.86,3.98,4.12,4.19,4.17,4.15,4.29,4.32,4.35,4.37,4.37,4.47,4.44,4.72,4.63,4.54,4.52,4.63,4.58,4.45,4.62,4.87,4.52,4.67,4.76,4.63,4.61,4.48,4.59,4.65,4.55,4.51,4.48,4.34,4.31,4.26,4.26,4.15,4.06,4.32,4.30,4.23,4.23,4.35,4.29,4.24,4.17,4.16,4.20,4.05,3.98,4.06,4.06,3.93,3.86,3.99,4.04,3.92,4.03,3.92,3.91,3.97,3.96,4.07,3.92,4.07,4.03,3.80,3.55,3.48,3.49,3.56,3.57,3.34,3.26,3.53,3.42,3.18,2.89,2.37,2.18,2.08,2.20,2.46,2.35,2.28,2.75,3.05,3.32,3.52,3.56,3.50,3.50,3.10,3.23,3.25,3.41,3.42,3.35,3.55,3.55,3.48,3.32,3.46,3.62,3.19,3.57
2.03,2.14,2.01,1.83,1.85,2.02,2.00,1.46,1.66,1.67,1.56,1.49,1.55,1.64,1.41,1.71,1.68,1.66,1.68,1.71,1.68,1.72,1.56,1.73,1.51,1.61,1.72,1.63,1.61,1.82,2.53,3.57,4.39,4.84,4.88,5.03,4.81,4.62,4.34,3.96,3.99,4.11,4.24,4.26,4.58,4.03,4.13,3.83,3.73,3.75,3.85,3.81,3.77,3.71,3.88,3.97,4.04,4.15,4.13,4.19,4.16,4.17,4.30,4.22,4.28,4.48,4.78,4.77,4.56,4.65,4.45,4.45,4.61,4.58,4.70,4.59,4.72,4.75,4.49,4.70,4.43,4.50,4.55,4.61,4.51,4.28,4.49,4.35,4.19,4.32,4.11,4.10,4.25,4.38,4.11,4.15,4.12,4.11,4.22,4.07,4.05,4.07,4.04,3.99,3.96,3.92,3.93,3.98,4.00,3.94,3.81,3.92,3.94,3.96,4.02,3.83,4.19,3.84,3.99,3.93,3.78,3.49,3.34,3.42,3.54,3.50,3.37,3.30,3.49,3.35,3.20,2.84,2.34,2.12,1.90,1.94,2.26,2.30,2.62,3.13,3.18,3.36,3.43,3.52,3.55,3.31,3.24,3.22,3.23,3.34,3.37,3.34,3.49,3.49,3.63,3.43,3.42,3.55,3.34,3.74
2.17,2.39,2.31,2.03,1.94,2.01,2.02,1.55,1.75,1.83,1.71,1.58,1.68,1.85,1.64,1.53,1.55,1.64,1.63,1.47,1.56,1.74,1.62,1.79,1.69,1.63,1.63,1.56,1.49,1.80,2.62,3.60,4.49,4.87,4.88,4.85,4.61,4.44,4.24,3.85,3.71,3.81,4.30,4.15,4.49,3.84,3.83,3.74,3.53,3.79,3.84,3.96,4.00,4.00,3.87,3.92,4.10,4.15,4.26,4.30,4.24,4.34,4.26,4.30,4.52,4.44,4.57,4.72,4.58,4.61,4.57,4.52,4.55,4.34,4.45,4.55,4.30,4.51,4.41,4.57,4.45,4.29,4.37,4.18,4.39,4.37,4.42,4.20,4.25,4.44,4.31,4.16,4.15,4.03,4.06,4.13,4.07,4.15,4.31,3.99,4.03,4.06,3.98,3.98,3.98,3.83,3.78,3.91,3.93,3.94,3.90,3.91,3.92,3.79,3.99,3.80,4.11,3.93,3.86,3.81,3.78,3.52,3.46,3.56,3.56,3.43,3.31,3.28,3.38,3.35,3.29,2.98,2.48,2.24,2.02,2.19,2.60,2.58,3.12,3.23,3.38,3.52,3.48,3.49,3.53,3.43,3.37,3.43,3.41,3.32,3.31,3.38,3.36,3.30,3.35,3.30,3.49,3.68,3.36,3.90
2.17,2.35,2.35,1.95,1.80,1.91,1.90,1.62,1.69,1.63,1.47,1.40,1.55,1.77,1.82,1.62,1.57,1.60,1.64,1.74,1.73,1.73,1.49,1.80,1.97,2.03,1.92,1.72,1.67,1.80,2.78,3.61,4.55,4.61,4.68,4.90,4.70,4.38,3.97,3.56,3.63,3.78,4.24,4.11,4.62,3.77,3.78,3.62,3.60,3.62,3.83,4.12,4.10,3.93,4.04,4.20,4.11,3.93,4.04,4.19,4.36,4.48,4.20,4.26,4.42,4.26,4.45,4.61,4.29,4.49,4.45,4.51,4.28,4.20,4.34,4.61,4.30,4.59,4.23,4.30,4.28,4.34,4.24,4.06,4.52,4.26,4.24,4.11,4.10,4.09,4.19,4.18,4.03,4.11,4.05,4.20,4.28,4.04,4.17,3.99,3.73,3.80,3.80,3.85,3.84,3.75,3.73,3.74,3.81,3.91,3.87,3.75,3.75,3.74,3.92,3.84,3.98,4.07,3.87,3.83,3.87,3.67,3.66,3.74,3.66,3.52,3.41,3.25,3.26,3.31,3.38,3.18,2.54,2.18,1.99,2.26,2.89,3.20,3.59,3.47,3.67,3.69,3.52,3.48,3.59,3.55,3.54,3.48,3.47,3.44,3.44,3.42,3.43,3.46,3.57,3.50,3.56,3.77,3.78,3.80
2.34,2.55,2.41,2.14,1.85,1.75,1.88,1.63,1.92,1.85,1.62,1.52,1.63,1.74,1.46,1.38,1.61,1.80,1.80,1.71,1.77,1.78,1.61,1.60,1.73,1.78,1.82,1.80,1.68,2.07,2.89,3.88,4.31,4.77,4.59,4.58,4.52,4.30,3.98,3.84,3.97,3.88,4.15,4.18,4.44,3.63,3.67,3.55,3.59,3.66,3.77,3.77,3.74,3.83,3.97,4.19,4.25,4.06,4.04,4.13,4.24,4.42,4.43,4.24,4.31,4.39,4.75,4.63,4.56,4.49,4.59,4.52,4.44,4.20,4.23,4.49,4.48,4.54,4.23,4.54,4.30,4.39,4.28,4.23,4.47,4.31,4.10,4.35,4.06,4.16,4.12,4.20,4.15,4.24,3.97,4.26,4.35,3.99,3.79,3.77,3.63,3.71,3.68,3.81,3.86,3.83,3.79,3.79,3.87,3.96,3.96,3.83,3.83,3.83,3.96,3.86,3.81,3.97,4.03,3.99,3.91,3.62,3.54,3.68,3.67,3.55,3.57,3.32,3.38,3.26,3.50,3.25,2.63,2.13,2.01,2.40,3.07,3.54,3.75,3.61,3.69,3.80,3.56,3.47,3.56,3.41,3.44,3.46,3.48,3.52,3.54,3.49,3.37,3.44,3.54,3.52,3.53,3.60,3.61,3.74
2.28,2.40,2.36,2.06,1.94,2.01,2.01,1.71,1.82,1.77,1.57,1.42,1.44,1.60,1.52,1.31,1.58,1.85,1.92,1.91,1.62,1.60,1.60,1.84,1.89,1.79,1.69,1.68,1.72,2.05,2.47,3.84,4.52,4.57,4.69,4.81,4.48,4.02,3.79,3.68,3.62,3.71,4.19,4.09,3.91,3.66,3.84,3.69,3.46,3.31,3.66,3.69,3.67,3.84,3.92,3.99,3.93,3.88,4.04,4.09,4.17,4.31,4.34,4.37,4.32,4.39,4.44,4.36,4.28,4.50,4.30,4.10,4.17,4.24,4.16,4.29,4.10,4.29,4.12,4.30,4.31,4.20,4.29,4.24,4.28,4.15,4.26,4.22,4.11,4.15,4.02,4.16,4.06,4.06,3.87,3.96,3.90,3.59,3.55,3.69,3.61,3.57,3.56,3.79,3.96,3.86,3.79,3.79,3.85,3.96,3.86,3.84,3.85,3.87,3.85,3.80,3.72,3.75,3.87,3.79,3.67,3.52,3.42,3.55,3.62,3.56,3.49,3.40,3.44,3.25,3.46,3.10,2.75,2.18,2.05,2.52,3.16,3.56,3.83,3.78,3.88,3.87,3.72,3.55,3.38,3.26,3.32,3.46,3.48,3.44,3.41,3.42,3.44,3.34,3.36,3.53,3.59,3.52,3.56,3.75
2.36,2.25,2.16,2.20,2.06,1.92,2.06,1.56,1.75,1.73,1.51,1.39,1.51,1.53,1.58,1.51,1.46,1.69,1.96,1.91,1.80,1.56,1.72,1.78,1.68,1.82,1.92,1.85,1.94,2.19,2.89,3.38,4.15,4.38,4.51,4.44,4.09,3.90,3.75,3.46,3.43,3.48,3.71,3.84,3.77,3.67,3.81,3.38,3.46,3.55,3.73,3.62,3.72,3.77,3.80,3.93,3.96,3.92,4.03,4.17,4.17,4.16,4.18,4.10,4.20,4.32,4.39,4.35,4.16,4.25,4.34,4.16,4.38,4.31,4.00,4.23,3.93,4.11,4.03,4.04,4.22,4.25,4.32,4.05,4.19,4.06,4.07,3.93,3.77,4.04,3.99,3.97,4.00,4.00,3.75,3.74,3.86,3.65,3.61,3.56,3.65,3.72,3.65,3.72,3.86,3.87,3.88,3.84,3.88,4.05,3.84,3.96,3.98,3.87,3.86,3.77,3.84,3.84,3.92,3.86,3.81,3.71,3.61,3.60,3.66,3.61,3.53,3.50,3.37,3.29,3.46,3.11,2.93,2.30,2.09,2.55,3.16,3.53,3.93,3.98,4.18,3.99,3.80,3.63,3.46,3.30,3.31,3.42,3.43,3.37,3.37,3.37,3.46,3.42,3.42,3.57,3.59,3.46,3.47,3.68
2.43,2.47,2.24,2.12,2.01,1.91,1.89,1.56,1.73,1.64,1.45,1.38,1.60,1.99,1.50,1.63,1.63,1.71,1.85,1.82,1.56,1.55,1.61,1.68,1.64,1.82,2.01,1.96,1.94,2.26,2.37,3.36,4.02,4.30,4.31,4.31,4.07,3.84,3.60,3.37,3.42,3.38,3.88,3.83,3.87,3.72,3.55,3.28,3.34,3.30,3.53,3.74,3.86,3.88,3.94,4.06,4.10,4.09,4.02,3.94,4.13,4.28,4.22,4.19,4.15,4.13,4.35,4.24,4.30,4.30,4.24,4.17,4.09,4.12,4.09,4.10,3.85,4.13,4.16,4.16,4.05,4.07,4.22,4.30,4.03,4.19,4.24,4.04,3.71,3.79,3.85,3.84,3.88,3.72,3.65,3.61,3.57,3.48,3.53,3.60,3.65,3.73,3.54,3.72,3.86,3.84,3.80,3.75,3.86,4.02,3.93,3.90,3.99,3.75,3.80,3.81,3.86,3.90,3.97,4.03,3.91,3.72,3.62,3.59,3.50,3.50,3.66,3.56,3.49,3.48,3.62,3.30,3.07,2.59,2.29,2.55,3.10,3.47,3.92,4.06,4.11,4.05,3.84,3.73,3.63,3.38,3.38,3.55,3.48,3.37,3.32,3.30,3.22,3.42,3.46,3.61,3.60,3.47,3.53,3.68
2.54,2.62,2.20,2.03,1.89,1.79,1.90,1.64,1.66,1.69,1.45,1.23,1.45,1.60,1.40,1.73,1.62,1.62,1.79,1.62,1.50,1.56,1.69,1.60,1.45,1.66,1.97,2.03,1.95,2.16,2.39,3.26,3.96,4.30,4.36,4.23,4.00,3.73,3.48,3.37,3.42,3.56,4.03,3.96,4.03,3.53,3.65,3.20,3.44,3.29,3.55,3.75,3.77,3.85,3.78,3.84,3.90,3.83,3.97,4.06,4.00,4.13,4.34,4.13,4.18,4.19,4.17,4.17,4.25,4.19,4.03,4.04,4.22,4.28,3.97,3.90,3.90,3.99,3.92,4.17,4.22,3.99,4.02,4.02,4.00,3.97,3.97,3.81,3.52,3.71,3.62,3.44,3.80,3.66,3.49,3.30,3.32,3.42,3.46,3.53,3.46,3.47,3.47,3.60,3.80,3.80,3.80,3.90,3.88,3.81,3.73,3.73,3.86,3.87,3.72,3.77,3.68,3.78,4.07,3.97,3.78,3.80,3.71,3.62,3.57,3.54,3.56,3.46,3.47,3.61,3.61,3.35,3.08,2.71,2.35,2.45,2.95,3.34,3.73,3.94,3.80,3.88,3.83,3.75,3.71,3.53,3.50,3.55,3.48,3.34,3.28,3.28,3.26,3.38,3.41,3.54,3.53,3.42,3.59,3.67
2.47,2.49,2.18,2.03,1.86,1.75,1.99,1.74,1.62,1.69,1.53,1.33,1.42,1.33,1.25,1.44,1.57,1.74,1.85,1.71,1.67,1.55,1.57,1.63,1.58,1.72,2.01,2.09,1.97,2.02,2.20,3.35,3.86,4.24,4.45,4.13,3.84,3.71,3.53,3.42,3.50,3.72,3.72,3.74,3.94,3.25,3.63,3.41,3.42,3.46,3.65,3.67,3.73,3.80,3.77,3.74,3.75,3.74,3.80,3.86,3.84,4.04,4.07,4.00,4.05,4.26,4.13,4.15,4.18,4.04,3.91,3.92,4.05,4.17,4.31,4.04,4.00,3.86,4.10,3.91,4.13,4.02,4.06,3.97,3.77,3.47,3.49,3.71,3.68,3.72,3.42,3.41,3.38,3.44,3.43,3.25,3.22,3.17,3.36,3.31,3.34,3.47,3.62,3.74,3.83,3.74,3.71,3.85,3.92,3.84,3.68,3.99,3.94,3.75,3.71,3.74,3.38,3.67,3.77,3.90,3.73,3.73,3.61,3.48,3.48,3.52,3.59,3.49,3.59,3.52,3.57,3.40,3.22,2.64,2.28,2.40,2.81,3.20,3.56,3.74,3.73,3.78,3.74,3.73,3.75,3.71,3.75,3.49,3.47,3.41,3.37,3.40,3.40,3.44,3.47,3.49,3.44,3.41,3.52,3.73
2.52,2.70,2.28,2.17,2.02,1.83,1.91,1.73,1.80,1.69,1.57,1.50,1.53,1.45,1.42,1.63,1.63,1.64,1.74,1.71,1.68,1.64,1.56,1.63,1.69,1.84,2.12,2.29,2.28,2.37,2.13,3.19,3.97,4.26,4.26,4.10,3.85,3.66,3.54,3.40,3.48,3.73,3.77,3.77,3.84,3.65,3.80,3.56,3.56,3.52,3.74,3.78,3.72,3.88,3.91,3.71,3.65,3.77,3.87,3.87,3.99,4.12,4.06,4.17,4.05,3.94,4.04,4.16,4.19,4.00,3.73,3.97,4.09,4.25,4.20,4.03,4.24,3.86,4.13,3.73,3.77,3.81,3.83,3.78,3.96,3.57,3.32,3.44,3.46,3.48,3.37,3.31,3.36,3.19,3.14,3.12,3.05,2.93,3.18,3.41,3.35,3.41,3.36,3.57,3.91,3.88,3.80,3.83,3.92,4.02,3.85,3.90,3.88,3.88,3.88,3.92,3.72,3.81,3.84,3.91,3.85,3.79,3.68,3.61,3.66,3.67,3.57,3.61,3.66,3.60,3.41,3.38,3.25,2.57,2.18,2.39,2.84,3.36,3.55,3.75,3.93,3.80,3.77,3.77,3.72,3.68,3.88,3.53,3.50,3.43,3.41,3.40,3.20,3.41,3.52,3.50,3.49,3.48,3.36,3.72
2.49,2.74,2.31,2.14,1.97,1.75,1.82,1.77,1.84,1.67,1.41,1.35,1.50,1.58,1.62,1.75,1.69,1.62,1.68,1.74,1.60,1.71,1.57,1.72,1.78,1.96,2.23,2.33,2.49,2.62,2.22,3.19,3.96,4.19,3.98,3.86,3.74,3.57,3.43,3.41,3.69,3.85,3.93,3.79,3.72,3.68,3.69,3.34,3.37,3.37,3.40,3.56,3.62,3.59,3.66,3.74,3.69,3.69,3.83,3.93,3.92,3.87,3.75,3.87,4.04,3.73,3.79,4.00,4.03,3.91,3.77,3.80,3.98,3.92,4.02,3.93,4.00,4.19,4.02,3.87,3.90,3.52,3.78,3.75,3.52,3.67,3.59,3.30,3.02,3.22,3.30,3.31,3.17,3.26,2.96,3.00,3.14,2.99,3.11,3.35,3.31,3.36,3.37,3.55,3.78,3.77,3.66,3.63,3.78,3.85,3.83,3.85,3.74,3.77,3.83,3.73,3.77,3.84,3.61,3.52,3.74,3.81,3.78,3.71,3.62,3.61,3.62,3.47,3.62,3.47,3.48,3.47,3.23,2.60,2.20,2.35,2.87,3.41,3.48,3.78,3.86,3.75,3.66,3.66,3.68,3.67,3.65,3.35,3.44,3.38,3.31,3.31,3.20,3.22,3.40,3.48,3.57,3.57,3.30,3.57
2.51,2.54,2.29,2.11,2.01,1.90,1.72,1.74,1.75,1.71,1.52,1.36,1.49,1.73,1.66,1.62,1.61,1.64,1.78,1.85,1.55,1.62,1.67,1.63,1.71,2.09,2.42,2.51,2.75,2.74,2.22,3.17,3.84,4.17,3.91,3.79,3.72,3.54,3.41,3.54,3.90,3.67,3.73,3.57,3.43,3.68,3.72,3.46,3.44,3.43,3.44,3.55,3.73,3.78,3.84,3.92,3.83,3.78,3.86,3.91,3.91,3.96,3.79,3.74,3.90,3.92,4.06,4.13,4.06,3.61,3.71,3.73,3.98,3.96,3.71,3.93,4.04,4.04,3.98,4.06,3.43,3.54,3.94,3.74,3.54,3.32,3.22,3.43,3.16,3.24,2.94,3.06,2.95,3.23,3.25,3.25,3.35,3.35,3.37,3.35,3.31,3.34,3.36,3.60,3.83,3.87,3.83,3.80,3.91,3.87,3.79,3.98,3.73,3.65,3.85,3.93,3.94,3.86,3.87,3.81,3.94,3.88,3.81,3.86,3.80,3.66,3.75,3.61,3.60,3.56,3.40,3.41,3.17,2.59,2.26,2.41,2.84,3.42,3.50,3.78,3.81,3.81,3.75,3.67,3.63,3.65,3.66,3.67,3.74,3.61,3.47,3.44,3.35,3.38,3.59,3.50,3.52,3.65,3.40,3.72
2.46,2.42,2.33,2.26,2.24,2.09,1.75,1.82,1.64,1.73,1.68,1.47,1.50,1.75,1.60,1.52,1.53,1.64,1.82,1.94,1.60,1.58,1.66,1.60,1.74,2.16,2.66,2.95,2.90,2.63,2.25,3.26,3.75,4.11,3.94,3.85,3.68,3.41,3.38,3.54,3.62,3.68,3.73,3.67,3.81,3.78,3.84,3.66,3.52,3.32,3.52,3.49,3.56,3.68,3.78,3.86,3.83,3.86,3.91,3.80,3.83,3.92,3.84,3.81,3.87,3.80,3.96,3.85,3.91,3.78,3.74,3.91,3.86,3.97,4.12,3.98,3.91,3.81,3.75,3.78,3.79,3.44,3.80,3.55,3.35,3.48,3.31,3.28,2.92,3.13,2.92,2.84,3.17,3.37,3.10,3.13,3.12,3.28,3.44,3.55,3.49,3.54,3.59,3.61,3.65,3.78,3.85,3.80,3.96,4.04,3.92,4.05,3.83,3.78,4.10,3.97,3.96,4.00,4.03,3.86,3.98,4.10,3.90,3.85,3.84,3.61,3.71,3.72,3.80,3.57,3.55,3.49,3.38,3.02,2.49,2.40,2.89,3.31,3.35,3.63,3.85,3.93,3.81,3.73,3.74,3.73,3.84,3.75,3.63,3.53,3.50,3.48,3.26,3.36,3.50,3.52,3.55,3.56,3.35,3.73
2.29,2.42,2.31,2.36,2.33,2.17,2.14,2.03,1.73,1.89,1.84,1.53,1.56,1.71,1.57,1.58,1.63,1.69,1.78,1.75,1.57,1.56,1.71,1.72,1.77,2.14,2.74,3.00,2.77,2.51,2.45,3.20,3.83,4.00,4.06,3.91,3.60,3.32,3.30,3.49,3.63,3.52,3.52,3.74,3.79,3.85,3.80,3.66,3.53,3.22,3.36,3.42,3.56,3.66,3.67,3.81,3.86,3.83,3.74,3.71,3.78,3.86,4.00,3.87,3.77,3.97,3.85,3.98,3.88,3.85,3.63,3.86,3.81,3.84,4.03,3.97,3.80,3.78,3.71,4.03,3.73,3.59,3.42,3.35,3.31,3.50,3.28,2.96,2.84,3.42,3.34,3.11,3.11,3.19,3.44,3.54,3.37,3.41,3.53,3.68,3.88,3.85,3.94,3.85,3.69,3.77,3.68,3.62,3.90,3.97,4.00,4.25,3.88,3.81,3.98,4.10,3.88,3.98,4.09,3.94,3.83,3.79,3.75,3.77,3.73,3.66,3.78,3.69,3.87,3.50,3.61,3.44,3.20,2.82,2.40,2.36,2.72,3.02,3.40,3.62,3.79,3.99,3.84,3.69,3.75,3.80,3.81,3.65,3.55,3.49,3.41,3.29,3.02,3.18,3.36,3.38,3.43,3.52,3.42,3.56
2.25,2.29,2.13,2.18,2.29,2.34,2.34,2.19,1.99,2.03,1.88,1.56,1.56,1.62,1.56,1.68,1.63,1.64,1.68,1.52,1.58,1.39,1.69,1.72,1.83,2.19,2.65,2.83,2.75,2.59,2.55,3.01,3.61,3.91,3.91,3.78,3.53,3.30,3.29,3.48,3.52,3.32,3.68,3.75,3.79,3.62,3.61,3.53,3.62,3.37,3.49,3.40,3.42,3.63,3.55,3.54,3.69,3.62,3.57,3.61,3.84,3.86,3.66,3.71,3.84,3.97,3.78,3.94,3.88,3.90,3.72,3.85,3.67,3.74,3.85,3.90,3.78,3.79,3.79,3.68,3.68,3.47,3.36,3.26,3.40,3.40,3.11,3.14,2.88,3.31,3.60,3.30,3.47,3.63,3.68,4.05,3.71,3.91,4.11,4.18,4.34,4.29,3.81,3.57,3.59,3.57,3.62,3.77,4.00,3.83,3.80,4.06,3.84,3.66,3.75,3.77,3.71,3.83,3.99,3.93,3.78,3.68,3.71,3.78,3.71,3.57,3.66,3.72,3.83,3.69,3.61,3.41,3.16,2.74,2.48,2.55,2.88,3.28,3.37,3.52,3.91,3.75,3.65,3.61,3.56,3.56,3.68,3.80,3.56,3.53,3.53,3.35,3.14,3.23,3.36,3.46,3.46,3.41,3.48,3.38
2.09,2.09,2.01,2.13,2.34,2.36,2.06,2.24,2.08,1.97,1.73,1.47,1.49,1.52,1.64,1.64,1.53,1.55,1.66,1.53,1.73,1.27,1.62,1.64,1.85,2.18,2.52,2.77,2.75,2.59,2.53,2.81,3.49,3.78,3.79,3.65,3.52,3.35,3.25,3.43,3.38,3.40,3.59,3.67,3.63,3.31,3.49,3.47,3.48,3.46,3.43,3.46,3.57,3.67,3.48,3.42,3.61,3.57,3.53,3.65,3.93,3.80,3.68,3.57,3.73,3.65,3.84,3.81,3.65,3.68,3.69,3.83,3.87,3.80,3.65,3.84,3.88,3.67,3.75,3.92,3.74,3.44,3.17,3.53,3.26,3.44,3.69,3.77,3.26,3.50,3.75,3.84,3.93,3.94,4.28,4.47,4.28,4.25,4.78,5.01,5.29,5.37,4.55,3.77,3.52,3.48,3.63,3.75,3.77,3.77,3.86,4.09,3.85,4.00,3.75,3.60,3.73,3.87,4.03,3.88,3.84,3.85,3.86,3.85,3.73,3.63,3.66,3.68,3.56,3.49,3.68,3.56,3.46,3.13,2.71,2.58,2.89,3.41,3.47,3.73,3.87,3.79,3.75,3.69,3.63,3.74,3.72,3.69,3.72,3.71,3.59,3.40,3.28,2.92,3.00,3.25,3.40,3.40,3.48,3.60
2.33,2.42,2.26,2.45,2.48,2.34,2.46,2.42,2.16,2.11,1.84,1.52,1.57,1.60,1.66,1.52,1.51,1.64,1.71,1.60,1.68,1.36,1.64,1.63,1.77,2.11,2.45,2.62,2.55,2.57,2.45,2.93,3.46,3.59,3.67,3.61,3.54,3.38,3.25,3.46,3.38,3.36,3.52,3.50,3.56,3.41,3.47,3.50,3.52,3.47,3.52,3.48,3.52,3.56,3.55,3.62,3.63,3.60,3.67,3.77,3.85,3.75,3.77,3.69,3.86,3.67,3.81,3.91,3.83,3.80,3.71,3.90,3.92,3.78,3.99,3.78,3.73,3.68,3.66,3.68,3.43,3.42,3.08,3.60,3.59,4.12,3.94,4.05,3.96,4.11,4.55,4.51,4.49,4.44,5.01,5.31,5.32,5.46,5.58,5.71,5.87,5.73,4.89,3.88,3.48,3.54,3.60,3.69,3.91,3.85,3.71,3.98,3.74,3.59,3.96,3.79,3.90,3.67,3.65,3.81,3.96,3.90,3.77,3.71,3.54,3.29,3.49,3.73,3.44,3.52,3.60,3.52,3.56,3.43,3.13,2.88,2.86,2.98,3.42,3.63,3.85,3.78,3.72,3.79,3.97,4.07,3.68,3.84,3.63,3.48,3.42,3.37,3.55,3.32,3.18,3.29,3.38,3.29,3.35,3.37
2.09,2.25,2.07,2.34,2.64,2.74,2.66,2.43,2.14,1.97,1.74,1.49,1.35,1.46,1.41,1.45,1.57,1.63,1.55,1.42,1.57,1.45,1.53,1.51,1.67,2.01,2.30,2.37,2.37,2.54,2.36,3.11,3.35,3.44,3.55,3.53,3.36,3.24,3.23,3.31,3.40,3.25,3.37,3.50,3.44,3.23,3.40,3.37,3.42,3.31,3.50,3.44,3.41,3.44,3.53,3.62,3.57,3.54,3.50,3.54,3.71,3.59,3.60,3.68,3.88,3.77,3.67,3.83,3.79,3.72,3.77,3.90,3.88,3.77,3.73,3.66,3.72,3.59,3.79,3.52,3.56,3.28,3.18,3.46,3.57,4.07,4.43,5.10,4.84,4.74,5.24,5.37,5.66,5.43,5.53,5.94,6.15,6.23,6.43,6.32,6.38,6.39,5.45,4.11,3.69,3.79,3.66,3.68,3.75,3.75,3.77,3.79,3.69,3.65,3.85,3.77,4.04,3.91,3.87,3.92,3.77,3.67,3.67,3.66,3.54,3.37,3.47,3.74,3.54,3.56,3.71,3.68,3.54,3.20,2.86,2.66,2.65,2.90,3.20,3.62,3.91,3.65,3.63,3.72,3.65,3.84,3.69,3.69,3.65,3.54,3.36,3.22,3.34,3.41,3.37,3.36,3.37,3.28,3.16,3.30
2.64,2.34,2.40,2.59,2.88,3.11,2.99,2.46,2.39,2.17,1.91,1.71,1.56,1.33,1.55,1.53,1.53,1.52,1.40,1.29,1.66,1.41,1.42,1.40,1.57,1.90,2.19,2.34,2.43,2.45,2.37,2.94,3.36,3.56,3.59,3.40,3.17,3.10,3.10,3.14,3.18,3.14,3.34,3.47,3.29,3.17,3.19,3.28,3.28,3.35,3.52,3.41,3.42,3.49,3.56,3.69,3.67,3.54,3.60,3.69,3.69,3.67,3.63,3.71,3.71,3.65,3.66,3.74,3.77,3.62,3.72,3.69,3.73,3.65,3.80,3.63,3.62,3.61,3.59,3.52,3.42,3.37,3.04,3.41,3.62,3.93,4.41,5.33,5.70,5.78,5.67,6.04,6.30,6.29,6.08,6.08,6.09,5.81,6.10,6.26,6.06,6.08,5.57,4.22,3.55,3.66,3.67,3.84,3.84,3.72,3.78,3.98,3.74,3.72,3.88,3.62,3.88,3.99,3.80,3.65,3.62,3.63,3.63,3.61,3.61,3.60,3.46,3.56,3.50,3.34,3.68,3.52,3.52,3.31,2.99,2.70,2.47,2.76,3.28,3.59,3.87,3.73,3.77,3.78,3.68,3.88,3.50,3.61,3.54,3.52,3.49,3.35,3.28,3.57,3.49,3.34,3.31,3.36,3.20,3.23
2.75,2.72,2.53,2.72,3.00,3.08,2.96,2.70,2.69,2.37,1.95,1.62,1.46,1.18,1.31,1.38,1.46,1.52,1.47,1.40,1.57,1.33,1.51,1.47,1.63,1.96,2.22,2.42,2.59,2.52,2.39,2.69,3.40,3.67,3.57,3.37,3.22,3.05,2.98,3.12,3.06,3.08,3.37,3.34,3.26,3.19,3.08,3.26,3.37,3.36,3.43,3.50,3.47,3.46,3.59,3.67,3.55,3.50,3.56,3.52,3.65,3.59,3.61,3.79,3.80,3.74,3.66,3.69,3.83,3.68,3.52,3.67,3.55,3.73,3.60,3.60,3.63,3.56,3.44,3.42,3.73,3.17,3.02,3.20,4.13,4.09,4.80,5.93,6.16,6.47,5.91,5.94,6.39,6.37,5.97,5.91,5.95,5.96,5.89,5.92,5.96,6.09,5.44,4.10,3.53,3.52,3.47,3.59,3.78,3.85,3.81,4.05,3.86,3.40,3.93,3.62,3.85,3.78,3.81,3.72,3.55,3.52,3.57,3.62,3.61,3.61,3.63,3.60,3.53,3.54,3.71,3.69,3.57,3.25,2.87,2.62,2.58,2.78,3.30,3.50,3.87,3.73,3.73,3.83,3.85,3.97,3.75,3.75,3.67,3.63,3.59,3.44,3.34,3.35,3.46,3.49,3.46,3.43,3.37,3.32
2.87,2.72,2.66,2.95,3.11,3.12,3.31,2.87,2.66,2.33,1.90,1.61,1.56,1.52,1.60,1.51,1.52,1.42,1.25,1.40,1.53,1.22,1.53,1.44,1.61,1.89,2.02,2.19,2.49,2.49,2.28,2.69,3.31,3.53,3.42,3.43,3.28,3.01,3.00,3.10,3.07,3.07,3.34,3.22,2.98,3.06,3.30,3.31,3.30,3.30,3.46,3.46,3.42,3.46,3.56,3.67,3.68,3.63,3.60,3.63,3.67,3.72,3.60,3.69,3.75,3.72,3.74,3.74,3.77,3.68,3.59,3.74,3.50,3.79,3.69,3.57,3.80,3.68,3.73,3.49,3.32,3.08,3.08,2.94,3.86,3.99,4.64,5.97,6.04,6.30,5.93,5.78,5.77,5.99,5.87,5.89,6.09,5.91,5.93,5.99,5.85,5.86,5.21,3.99,3.52,3.62,3.66,3.72,3.80,3.65,3.77,3.77,3.68,3.63,3.99,3.68,3.79,3.75,3.68,3.67,3.67,3.57,3.62,3.71,3.62,3.57,3.57,3.71,3.55,3.46,3.57,3.69,3.59,3.35,3.06,2.77,2.59,2.74,3.37,3.37,3.79,3.77,3.72,3.83,3.97,4.13,3.57,3.78,3.69,3.63,3.63,3.41,3.42,3.38,3.40,3.46,3.48,3.43,3.37,3.40
2.84,2.65,2.78,3.01,3.22,3.34,3.30,2.82,2.71,2.37,2.11,1.95,1.77,1.74,1.67,1.53,1.52,1.53,1.60,1.69,1.30,1.31,1.56,1.29,1.49,1.75,1.91,2.13,2.31,2.43,2.53,2.71,3.08,3.43,3.30,3.34,3.16,2.99,3.08,3.07,3.05,2.94,3.17,3.04,2.72,2.74,3.29,3.24,3.13,3.31,3.49,3.44,3.40,3.48,3.56,3.60,3.65,3.63,3.54,3.60,3.68,3.69,3.66,3.59,3.73,3.87,3.80,3.69,3.60,3.53,3.62,3.73,3.69,3.73,3.57,3.62,3.36,3.54,3.43,3.53,3.37,3.05,2.81,2.99,3.54,3.66,4.55,6.03,5.94,5.96,5.68,5.54,5.79,5.84,5.75,6.00,6.03,5.79,5.73,5.57,5.32,5.56,5.23,4.10,3.49,3.46,3.42,3.56,3.71,3.57,3.50,3.53,3.56,3.61,3.80,3.77,3.68,3.57,3.72,3.83,3.65,3.47,3.43,3.53,3.63,3.65,3.78,3.66,3.60,3.34,3.48,3.54,3.56,3.44,3.16,2.78,2.48,2.65,3.06,3.53,3.71,3.69,3.63,3.67,3.83,3.92,3.77,3.84,3.65,3.54,3.57,3.48,3.54,3.54,3.49,3.48,3.49,3.47,3.46,3.34
2.82,2.71,2.93,3.13,3.36,3.56,3.54,3.01,2.72,2.53,2.24,1.99,1.89,1.72,1.53,1.33,1.51,1.64,1.62,1.64,1.25,1.68,1.61,1.46,1.63,1.90,2.03,2.17,2.40,2.51,2.64,2.58,2.98,3.28,3.22,3.22,3.17,3.10,3.10,3.02,3.07,2.90,3.00,2.84,2.72,2.54,3.18,3.12,3.05,3.18,3.41,3.48,3.57,3.56,3.57,3.53,3.48,3.57,3.48,3.48,3.61,3.71,3.63,3.61,3.57,3.67,3.75,3.68,3.61,3.62,3.60,3.56,3.68,3.75,3.71,3.55,3.57,3.54,3.23,3.52,3.12,2.89,2.99,2.84,3.46,3.55,4.43,5.99,6.02,5.86,5.64,5.37,5.86,5.80,5.58,5.67,5.82,5.70,5.53,5.40,5.03,5.10,5.07,4.09,3.38,3.43,3.62,3.72,3.50,3.41,3.57,3.77,3.72,3.74,3.60,3.71,3.88,3.85,3.86,3.80,3.90,3.73,3.55,3.68,3.71,3.73,3.79,3.69,3.62,3.41,3.42,3.37,3.47,3.47,3.19,2.71,2.43,2.71,2.96,3.56,3.74,3.74,3.63,3.57,3.71,3.83,3.87,3.80,3.66,3.62,3.66,3.52,3.54,3.40,3.44,3.52,3.46,3.32,3.43,3.36
2.68,2.84,3.36,3.55,3.62,3.71,3.65,2.96,2.66,2.53,2.14,1.90,2.06,1.91,1.69,1.64,1.69,1.68,1.66,1.69,1.58,1.83,1.75,1.67,1.77,1.92,2.01,2.07,2.36,2.55,2.41,2.48,3.01,3.18,3.07,3.22,3.24,3.14,3.08,3.01,3.08,2.98,2.95,2.74,2.83,2.60,3.12,3.23,3.28,3.26,3.38,3.52,3.65,3.61,3.59,3.57,3.52,3.54,3.52,3.57,3.63,3.67,3.60,3.55,3.60,3.62,3.71,3.73,3.68,3.61,3.61,3.60,3.54,3.67,3.42,3.60,3.43,3.55,3.37,3.25,3.05,2.93,3.04,2.94,3.42,3.47,4.12,5.70,5.75,5.60,5.43,5.25,5.32,5.16,4.99,5.12,5.35,5.19,5.17,5.23,5.09,5.32,5.23,4.23,3.44,3.29,3.36,3.53,3.60,3.63,3.73,3.81,3.84,3.68,3.62,3.73,3.87,3.79,3.86,3.79,3.88,3.86,3.73,3.73,3.71,3.86,3.75,3.61,3.74,3.60,3.57,3.48,3.50,3.47,3.25,2.83,2.40,2.68,2.82,3.38,3.66,3.87,3.84,3.66,3.72,3.90,3.87,3.83,3.67,3.57,3.62,3.49,3.40,3.26,3.36,3.52,3.47,3.20,3.34,3.42
2.93,3.19,3.78,4.02,4.02,3.93,3.71,2.96,2.83,2.65,2.23,1.96,2.03,1.90,1.84,1.80,1.85,1.71,1.50,1.55,1.83,1.85,1.64,1.63,1.74,1.91,1.96,2.00,2.29,2.49,2.63,2.71,3.08,3.22,3.12,3.14,3.14,3.16,3.12,2.99,3.01,2.83,2.86,2.81,2.92,2.81,3.12,3.34,3.48,3.55,3.47,3.50,3.59,3.57,3.62,3.66,3.65,3.65,3.55,3.54,3.62,3.66,3.65,3.54,3.44,3.62,3.60,3.55,3.53,3.56,3.59,3.57,3.46,3.52,3.44,3.48,3.28,3.35,3.13,3.34,3.17,2.96,2.90,2.93,3.36,3.53,4.05,5.43,5.39,5.37,5.33,5.08,5.22,5.19,5.19,5.14,4.97,5.03,5.21,5.23,5.17,5.30,5.04,4.11,3.53,3.43,3.44,3.52,3.73,3.63,3.69,3.79,3.77,3.61,3.74,3.74,3.87,3.77,3.98,3.99,3.83,3.81,3.79,3.67,3.77,3.75,3.77,3.66,3.72,3.55,3.61,3.42,3.42,3.46,3.30,3.01,2.48,2.64,2.80,3.40,3.68,3.79,3.75,3.66,3.75,3.94,3.81,3.79,3.67,3.56,3.61,3.61,3.36,3.43,3.47,3.52,3.55,3.36,3.47,3.41
3.49,3.72,3.91,4.19,4.20,4.04,3.75,3.12,2.93,2.54,2.23,2.08,1.97,1.83,1.94,2.06,2.01,1.88,1.88,1.92,1.90,1.66,2.08,1.94,2.01,2.13,2.23,2.34,2.39,2.28,2.53,2.93,3.04,3.36,3.22,3.14,3.17,3.22,3.14,2.99,2.92,2.77,2.92,3.07,3.10,3.30,3.56,3.61,3.61,3.84,3.63,3.46,3.50,3.54,3.63,3.71,3.68,3.65,3.57,3.52,3.57,3.66,3.62,3.55,3.38,3.60,3.59,3.50,3.55,3.48,3.35,3.38,3.43,3.42,3.53,3.44,3.23,3.19,3.11,3.18,3.10,2.94,2.80,2.92,3.04,3.32,3.87,5.10,5.33,5.25,5.22,5.22,5.42,5.39,5.17,5.09,5.07,5.04,5.26,5.38,5.35,5.32,4.99,4.26,3.59,3.41,3.55,3.53,3.63,3.67,3.68,3.72,3.75,3.49,3.57,3.75,3.73,3.90,4.09,4.13,3.91,3.72,3.75,3.77,3.83,3.61,3.61,3.67,3.61,3.56,3.65,3.50,3.54,3.59,3.35,3.01,2.63,2.65,2.75,3.41,3.60,3.62,3.59,3.54,3.73,3.96,3.75,3.71,3.67,3.66,3.74,3.61,3.38,3.57,3.55,3.44,3.47,3.30,3.42,3.37
3.97,4.16,4.10,4.23,4.31,4.28,3.99,3.31,2.83,2.45,2.26,2.26,2.29,2.20,2.28,2.29,2.14,2.11,2.13,2.05,1.94,1.85,2.13,2.11,2.02,2.18,2.28,2.18,2.26,2.47,2.34,2.62,2.87,3.25,3.37,3.23,3.12,3.10,3.07,3.05,3.06,2.96,3.12,3.62,4.00,3.91,4.34,4.54,4.18,4.04,3.68,3.44,3.54,3.66,3.74,3.80,3.72,3.72,3.67,3.55,3.69,3.75,3.60,3.55,3.54,3.59,3.86,3.62,3.62,3.57,3.43,3.26,3.56,3.36,3.55,3.42,3.30,3.11,3.28,3.13,3.06,3.05,2.87,2.87,3.06,3.40,3.49,4.54,5.09,5.31,5.33,5.24,5.39,5.50,5.23,5.04,5.01,4.99,5.17,5.23,5.22,5.23,5.04,4.37,3.52,3.40,3.48,3.43,3.69,3.74,3.68,3.77,3.68,3.50,3.61,3.83,3.74,3.84,3.91,4.00,3.92,3.87,3.90,3.83,3.86,3.71,3.66,3.79,3.67,3.63,3.66,3.57,3.61,3.60,3.34,3.00,2.63,2.46,2.71,3.28,3.52,3.61,3.63,3.60,3.68,3.94,3.81,3.83,3.72,3.54,3.54,3.41,3.28,3.41,3.53,3.48,3.34,3.32,3.25,3.11
4.22,4.30,4.45,4.50,4.57,4.50,4.11,3.30,2.77,2.55,2.34,2.34,2.51,2.48,2.47,2.26,2.11,2.09,2.13,2.09,2.28,2.12,2.83,2.68,2.78,2.80,2.49,2.24,2.39,2.47,2.46,2.58,2.98,3.34,3.23,3.22,3.30,3.34,3.23,3.16,3.22,3.12,3.38,4.15,4.94,5.08,5.38,5.54,5.03,4.20,3.72,3.52,3.61,3.83,3.90,3.80,3.75,3.83,3.73,3.62,3.79,3.86,3.66,3.59,3.60,3.53,3.81,3.68,3.66,3.57,3.35,3.37,3.68,3.35,3.63,3.42,3.42,3.17,3.25,3.14,3.11,2.93,2.81,2.77,3.01,3.44,3.53,4.61,5.15,5.45,5.38,5.19,5.24,5.23,5.23,5.10,4.98,4.88,4.98,5.04,5.07,5.16,4.96,4.31,3.44,3.30,3.44,3.55,3.72,3.77,3.67,3.86,3.55,3.77,3.81,3.83,3.88,3.77,3.84,3.90,3.79,3.84,3.97,3.86,3.81,3.85,3.78,3.91,3.77,3.71,3.60,3.53,3.59,3.55,3.29,3.01,2.65,2.25,2.64,3.22,3.69,3.74,3.65,3.78,3.75,4.03,3.83,3.86,3.86,3.78,3.67,3.48,3.24,3.29,3.37,3.43,3.42,3.36,3.60,3.36
4.23,4.35,4.64,4.95,4.84,4.47,3.96,3.24,2.87,2.64,2.41,2.41,2.58,2.63,2.59,2.12,2.05,2.20,2.34,2.45,2.88,2.77,3.07,2.87,2.88,2.94,2.66,2.37,2.48,2.75,2.48,2.59,3.28,3.25,3.19,3.13,3.31,3.41,3.31,3.26,3.30,3.38,3.67,4.38,5.86,6.24,6.37,6.22,5.72,4.69,3.87,3.67,3.63,3.79,3.79,3.66,3.77,3.79,3.72,3.75,3.77,3.83,3.68,3.61,3.65,3.62,3.66,3.65,3.53,3.36,3.36,3.20,3.62,3.28,3.63,3.32,3.44,3.16,3.23,3.05,3.10,3.00,2.80,2.80,2.87,3.43,3.50,4.31,5.05,5.26,5.11,4.95,4.99,5.12,5.08,5.01,4.98,4.85,4.96,5.08,5.03,5.10,5.05,4.44,3.52,3.35,3.40,3.49,3.63,3.77,3.66,3.80,3.59,3.73,3.90,3.83,3.99,3.85,3.90,3.88,3.84,3.91,3.93,3.87,3.72,3.79,3.86,3.77,3.74,3.78,3.61,3.65,3.69,3.56,3.34,3.11,2.81,2.31,2.52,3.07,3.68,3.78,3.68,3.92,3.84,4.02,3.65,3.83,3.93,3.68,3.72,3.59,3.31,3.26,3.26,3.28,3.34,3.20,3.34,3.52
4.52,4.54,5.05,5.18,5.03,4.55,3.88,3.30,3.00,2.55,2.43,2.51,2.55,2.63,2.65,2.19,2.12,2.20,2.33,2.54,3.02,2.96,3.08,2.88,3.01,3.02,2.82,2.59,2.53,2.47,2.14,2.14,2.81,3.38,3.37,3.32,3.38,3.25,3.19,3.29,3.25,3.38,4.02,4.92,6.44,6.93,6.56,6.39,5.99,4.92,3.87,3.65,3.60,3.60,3.60,3.61,3.77,3.73,3.60,3.75,3.71,3.67,3.63,3.59,3.53,3.66,3.69,3.59,3.47,3.30,3.47,3.18,3.54,3.35,3.55,3.17,3.26,3.05,3.20,3.12,3.08,2.98,2.64,2.99,2.92,3.36,3.30,4.16,4.96,5.17,5.05,5.03,4.98,5.07,5.03,4.96,4.82,4.68,4.74,4.74,4.64,4.69,4.77,4.29,3.41,3.35,3.44,3.52,3.62,3.77,3.61,3.75,3.71,3.71,3.71,3.73,3.86,3.83,3.91,3.93,3.87,3.90,3.96,3.88,3.62,3.68,3.83,3.65,3.71,3.77,3.68,3.80,3.75,3.52,3.52,3.28,2.80,2.47,2.68,3.02,3.59,3.77,3.75,4.05,3.94,3.99,3.74,3.84,3.87,3.68,3.86,3.73,3.43,3.50,3.53,3.44,3.59,3.41,3.40,3.43
4.42,4.74,4.92,4.97,4.95,4.63,3.97,3.18,3.01,2.55,2.53,2.57,2.57,2.63,2.70,2.34,2.19,2.24,2.39,2.55,2.83,2.74,3.04,3.01,2.94,2.93,2.81,2.65,2.62,2.51,2.41,2.41,2.99,3.23,3.32,3.43,3.29,3.24,3.32,3.19,3.08,3.38,4.03,5.10,6.60,6.55,6.26,6.21,5.82,4.90,3.85,3.59,3.57,3.54,3.57,3.63,3.69,3.60,3.53,3.71,3.69,3.60,3.47,3.47,3.44,3.60,3.57,3.53,3.48,3.28,3.41,3.22,3.41,3.28,3.42,3.23,3.13,3.17,3.11,3.13,2.95,2.94,2.65,2.75,3.02,3.48,3.38,4.10,4.99,4.98,4.85,4.84,4.69,4.72,4.76,4.63,4.62,4.58,4.58,4.44,4.19,4.29,4.44,4.06,3.38,3.30,3.30,3.47,3.67,3.60,3.44,3.79,3.72,3.66,3.65,3.65,3.67,3.69,3.84,3.96,3.86,3.78,3.85,3.86,3.68,3.68,3.75,3.63,3.75,3.71,3.69,3.74,3.72,3.57,3.38,3.16,2.65,2.52,2.62,2.98,3.57,3.79,3.68,3.94,4.09,4.04,3.75,3.80,3.86,3.62,3.62,3.60,3.25,3.31,3.38,3.34,3.50,3.35,3.35,3.37
4.47,4.94,5.31,5.09,4.91,4.62,4.07,3.30,2.92,2.65,2.59,2.72,2.80,2.70,2.72,2.34,2.23,2.36,2.49,2.52,2.59,2.66,3.00,3.08,3.00,2.84,2.60,2.47,2.47,2.40,2.45,2.49,2.76,3.11,3.08,3.26,3.35,3.19,3.19,3.29,3.10,3.36,4.10,5.29,6.44,6.46,6.17,6.43,5.57,4.68,3.83,3.83,3.77,3.65,3.59,3.63,3.62,3.55,3.62,3.72,3.73,3.60,3.38,3.42,3.53,3.66,3.50,3.57,3.42,3.32,3.37,3.29,3.34,3.28,3.49,3.12,3.22,3.18,3.04,3.06,2.82,2.80,2.59,2.74,2.78,3.30,3.32,4.00,4.72,4.88,4.76,4.43,4.34,4.45,4.28,4.18,4.25,4.24,4.18,4.12,4.09,4.12,4.36,4.17,3.53,3.28,3.25,3.55,3.72,3.62,3.52,3.72,3.69,3.61,3.71,3.59,3.59,3.63,3.81,3.90,3.81,3.81,3.77,3.74,3.75,3.79,3.81,3.66,3.68,3.77,3.74,3.63,3.56,3.50,3.24,3.10,2.76,2.65,2.63,2.96,3.57,3.81,3.63,3.75,3.81,3.93,3.75,3.79,3.90,3.69,3.47,3.50,3.57,3.54,3.37,3.29,3.59,3.44,3.47,3.44
4.61,5.16,4.99,4.98,4.50,4.04,3.59,2.89,2.66,2.37,2.43,2.69,2.83,2.70,2.46,2.29,2.19,2.34,2.49,2.55,2.66,2.78,2.98,3.06,3.04,2.84,2.64,2.46,2.31,2.28,2.37,2.62,2.63,3.20,3.11,3.20,3.32,3.30,3.20,3.04,3.06,3.56,3.98,4.74,6.04,6.13,6.13,6.21,5.52,4.81,3.93,3.67,3.62,3.54,3.62,3.67,3.61,3.62,3.60,3.68,3.78,3.57,3.47,3.52,3.57,3.68,3.50,3.53,3.29,3.42,3.34,3.26,3.29,3.30,3.44,3.17,3.26,3.26,3.17,3.05,2.84,2.82,2.57,2.76,2.70,3.07,3.25,3.85,4.26,4.54,4.34,4.10,4.22,4.42,4.26,4.18,4.09,3.97,4.09,4.17,4.06,4.00,4.25,4.11,3.44,3.29,3.35,3.48,3.62,3.61,3.65,3.74,3.61,3.60,3.50,3.49,3.62,3.66,3.80,3.91,3.77,3.80,3.86,3.62,3.67,3.86,3.81,3.74,3.68,3.74,3.68,3.55,3.50,3.52,3.54,3.34,3.22,2.51,2.63,2.83,3.38,3.91,3.83,3.90,3.90,3.79,3.63,3.67,3.87,3.92,3.78,3.53,3.34,3.35,3.40,3.34,3.62,3.35,3.42,3.48
4.64,5.22,5.25,4.96,4.56,4.17,3.65,3.00,2.53,2.42,2.42,2.53,2.70,2.72,2.28,2.25,2.07,2.31,2.59,2.75,2.80,2.96,3.01,3.07,3.12,2.96,2.83,2.64,2.45,2.35,2.39,2.52,2.66,2.99,3.28,3.17,3.18,3.31,3.38,3.35,3.23,3.32,3.93,4.71,5.75,6.25,6.09,5.99,5.50,4.89,3.91,3.71,3.55,3.52,3.73,3.78,3.73,3.68,3.56,3.68,3.80,3.60,3.46,3.54,3.53,3.56,3.46,3.35,3.31,3.43,3.28,3.24,3.20,3.25,3.40,3.23,3.25,3.25,3.16,3.00,2.88,2.86,2.49,2.63,2.54,2.98,3.18,3.40,3.77,4.13,4.09,4.07,4.32,4.39,4.20,4.24,4.25,4.15,4.32,4.48,4.35,4.25,4.31,4.13,3.65,3.31,3.37,3.28,3.55,3.47,3.63,3.71,3.53,3.59,3.44,3.53,3.66,3.65,3.73,3.88,3.84,3.74,3.85,3.62,3.77,3.84,3.74,3.75,3.71,3.54,3.50,3.62,3.67,3.59,3.46,3.32,3.19,2.75,2.76,3.01,3.40,3.74,3.86,3.80,3.87,3.99,3.94,3.78,3.74,3.87,3.68,3.57,3.36,3.34,3.43,3.42,3.60,3.35,3.31,3.40
4.61,5.19,5.24,4.80,4.36,4.07,3.69,3.07,2.70,2.53,2.48,2.58,2.84,2.90,2.48,2.18,2.17,2.41,2.78,2.89,2.71,3.01,2.99,3.12,3.18,3.04,2.86,2.62,2.48,2.57,2.45,2.53,2.63,3.04,3.32,3.16,3.18,3.31,3.34,3.23,3.22,3.53,3.98,4.80,6.04,6.26,5.99,5.75,5.46,4.65,3.69,3.60,3.52,3.56,3.61,3.61,3.77,3.74,3.57,3.63,3.67,3.60,3.46,3.49,3.48,3.61,3.55,3.31,3.34,3.29,3.18,3.20,3.25,3.25,3.38,3.10,3.32,3.24,3.17,3.07,2.95,2.93,2.48,2.65,2.58,3.01,3.13,3.14,3.38,3.92,4.17,4.26,4.39,4.43,4.30,4.37,4.44,4.31,4.31,4.47,4.48,4.38,4.42,4.28,3.85,3.22,3.19,3.22,3.62,3.48,3.73,3.65,3.54,3.61,3.61,3.55,3.65,3.67,3.66,3.74,3.74,3.62,3.77,3.61,3.68,3.75,3.68,3.83,3.80,3.57,3.53,3.53,3.40,3.44,3.25,3.16,3.12,2.57,2.58,2.88,3.30,3.68,3.74,3.78,3.94,3.85,3.77,3.77,3.79,3.87,3.68,3.55,3.40,3.32,3.35,3.36,3.54,3.42,3.32,3.38
4.57,5.08,4.84,4.69,4.25,3.94,3.60,3.08,2.69,2.66,2.40,2.62,2.86,2.75,2.39,2.18,2.06,2.35,2.84,2.98,2.77,2.88,2.95,3.19,3.31,3.17,2.81,2.48,2.43,2.54,2.51,2.52,2.84,3.06,3.23,3.17,3.30,3.34,3.50,3.55,3.38,3.49,3.96,4.96,6.01,6.36,5.77,5.65,5.51,4.68,3.71,3.81,3.63,3.61,3.61,3.68,3.74,3.63,3.60,3.63,3.48,3.48,3.47,3.47,3.43,3.66,3.50,3.37,3.36,3.29,3.14,3.10,3.40,3.25,3.22,3.07,3.34,3.20,3.20,3.12,3.01,2.90,2.59,2.65,2.59,3.05,3.13,3.18,3.46,4.03,4.26,4.29,4.22,4.31,4.42,4.47,4.52,4.48,4.43,4.52,4.51,4.39,4.58,4.45,3.96,3.28,3.14,3.31,3.66,3.43,3.77,3.78,3.57,3.46,3.59,3.50,3.66,3.75,3.66,3.77,3.86,3.71,3.71,3.84,3.92,3.62,3.66,3.80,3.77,3.75,3.69,3.61,3.60,3.59,3.56,3.28,3.16,2.75,2.69,2.88,3.22,3.62,3.74,3.78,3.73,3.77,3.73,3.71,3.77,3.75,3.74,3.55,3.43,3.35,3.28,3.24,3.38,3.46,3.40,3.46
4.55,5.02,4.77,4.65,4.18,3.90,3.49,2.99,2.86,2.53,2.33,2.48,2.66,2.62,2.35,2.29,2.07,2.35,2.58,2.75,2.86,2.89,3.14,3.20,3.47,3.28,2.77,2.47,2.42,2.48,2.62,2.53,2.86,2.95,3.01,3.13,3.28,3.30,3.38,3.38,3.26,3.40,3.83,4.36,5.58,5.91,5.75,5.80,5.53,4.63,3.71,3.49,3.55,3.62,3.66,3.69,3.68,3.54,3.56,3.63,3.46,3.41,3.37,3.38,3.40,3.46,3.37,3.31,3.40,3.31,3.24,3.18,3.37,3.20,3.17,3.16,3.17,3.04,3.13,3.06,2.98,2.76,2.59,2.55,2.55,3.00,2.95,3.07,3.46,4.07,4.30,4.31,4.34,4.50,4.58,4.56,4.56,4.51,4.56,4.70,4.71,4.58,4.78,4.58,4.06,3.43,3.35,3.40,3.59,3.19,3.57,3.69,3.50,3.37,3.49,3.60,3.74,3.80,3.86,3.92,3.80,3.62,3.69,3.86,3.84,3.65,3.66,3.62,3.67,3.69,3.69,3.66,3.65,3.93,3.56,3.38,3.19,2.84,2.68,2.89,3.31,3.62,3.68,3.79,3.57,3.69,3.81,3.77,3.67,3.59,3.80,3.63,3.49,3.42,3.30,3.23,3.30,3.35,3.37,3.41
4.47,4.94,4.91,4.62,4.05,3.75,3.35,2.87,2.64,2.57,2.39,2.60,2.90,2.83,2.34,2.16,2.05,2.17,2.46,2.80,2.94,2.84,3.18,3.02,3.18,2.99,2.66,2.53,2.47,2.46,2.57,2.48,2.64,2.88,3.01,3.08,3.25,3.41,3.34,3.13,3.10,3.23,3.59,4.25,5.30,5.72,5.56,5.65,5.47,4.70,3.83,3.52,3.40,3.41,3.52,3.60,3.53,3.47,3.42,3.41,3.49,3.43,3.29,3.34,3.38,3.32,3.57,3.43,3.29,3.32,3.18,3.43,3.30,3.29,3.35,3.14,3.18,3.04,3.11,3.02,3.02,2.81,2.51,2.54,2.54,2.87,2.77,2.93,3.31,3.97,4.32,4.45,4.62,4.70,4.74,4.72,4.57,4.41,4.45,4.67,4.72,4.59,4.81,4.47,3.85,3.47,3.36,3.25,3.41,3.34,3.47,3.52,3.32,3.46,3.49,3.53,3.73,3.75,3.72,3.96,3.97,3.67,3.74,3.81,3.79,3.68,3.80,3.66,3.66,3.71,3.73,3.79,3.73,3.74,3.48,3.37,3.34,2.99,2.76,2.84,3.20,3.60,3.62,3.68,3.73,3.78,3.79,3.74,3.60,3.55,3.74,3.60,3.44,3.38,3.32,3.35,3.40,3.34,3.34,3.44
4.19,4.63,4.71,4.51,3.91,3.59,3.23,2.82,2.60,2.72,2.33,2.49,2.68,2.63,2.48,2.39,1.92,2.02,2.36,2.80,3.07,3.06,3.24,2.98,3.07,2.93,2.70,2.65,2.54,2.48,2.58,2.42,2.64,2.95,3.07,2.98,3.13,3.37,3.40,3.24,3.14,3.29,3.50,3.80,4.81,5.44,5.81,6.18,5.66,5.08,4.10,3.75,3.67,3.48,3.43,3.47,3.50,3.52,3.60,3.60,3.48,3.43,3.38,3.52,3.36,3.35,3.63,3.56,3.47,3.55,3.13,3.50,3.30,3.35,3.43,3.19,3.37,3.18,3.08,3.05,3.13,2.90,2.52,2.59,2.42,2.76,2.84,2.99,3.41,4.06,4.49,4.52,4.52,4.48,4.48,4.61,4.56,4.43,4.47,4.59,4.58,4.61,4.65,4.45,3.85,3.60,3.23,3.22,3.40,3.68,3.40,3.59,3.55,3.54,3.52,3.60,3.78,3.91,3.90,3.90,3.99,3.79,3.67,3.85,3.91,3.63,3.84,3.74,3.69,3.72,3.62,3.57,3.62,3.65,3.43,3.38,3.41,2.95,2.65,2.84,3.28,3.56,3.74,3.80,3.81,3.77,3.71,3.68,3.61,3.66,3.62,3.50,3.44,3.47,3.42,3.42,3.38,3.42,3.35,3.37
3.96,4.29,4.30,4.25,3.87,3.50,3.11,2.75,2.58,2.57,2.41,2.54,2.65,2.66,2.55,2.31,2.09,2.39,2.70,2.98,3.12,3.11,3.05,2.90,3.11,2.90,2.78,2.75,2.66,2.68,2.70,2.52,2.74,3.01,3.06,3.04,3.07,3.23,3.26,3.18,3.13,3.20,3.43,3.66,4.41,5.68,5.33,5.85,5.72,5.16,3.91,3.75,3.54,3.47,3.56,3.56,3.66,3.77,3.62,3.55,3.61,3.53,3.49,3.53,3.52,3.32,3.53,3.47,3.36,3.52,3.30,3.25,3.36,3.13,3.41,3.18,3.29,3.10,2.99,3.00,3.07,2.86,2.55,2.69,2.52,2.77,2.81,3.07,3.40,3.94,4.54,4.47,4.35,4.41,4.39,4.42,4.41,4.30,4.28,4.37,4.34,4.39,4.39,4.26,3.72,3.46,3.23,3.24,3.56,3.60,3.53,3.73,3.62,3.54,3.62,3.68,3.75,3.88,3.91,3.99,4.17,3.94,3.79,3.80,3.94,3.67,3.75,3.79,3.80,3.85,3.78,3.73,3.78,3.80,3.65,3.56,3.52,3.05,2.69,2.87,3.29,3.54,3.72,3.81,3.83,3.72,3.69,3.79,3.63,3.83,3.63,3.59,3.66,3.66,3.50,3.61,3.61,3.60,3.42,3.32
4.02,4.26,4.20,3.93,3.84,3.44,2.99,2.66,2.57,2.53,2.36,2.68,2.92,2.93,2.72,2.36,2.14,2.16,2.68,3.06,3.13,3.08,2.94,2.80,3.26,3.00,2.77,2.65,2.60,2.57,2.49,2.48,2.57,2.84,3.04,3.06,3.07,3.14,3.23,3.19,3.07,3.10,3.31,3.72,4.57,5.59,5.93,6.28,5.96,5.08,3.71,3.63,3.42,3.40,3.73,3.71,3.54,3.61,3.54,3.40,3.55,3.48,3.35,3.42,3.38,3.40,3.46,3.57,3.37,3.28,3.14,3.10,3.31,3.05,3.34,3.05,3.16,2.88,2.92,2.75,2.95,2.87,2.53,2.60,2.54,2.64,2.66,3.14,3.42,3.71,4.29,4.25,4.02,4.06,4.22,4.36,4.26,4.12,4.11,4.28,4.25,4.25,4.41,4.30,3.83,3.35,3.28,3.44,3.42,3.56,3.46,3.60,3.52,3.63,3.60,3.61,3.74,3.92,3.94,3.55,3.92,3.80,3.88,3.74,3.79,3.62,3.71,3.73,3.81,3.86,3.72,3.67,3.60,3.65,3.50,3.41,3.50,3.17,2.72,2.77,3.14,3.43,3.65,3.72,3.80,3.80,3.79,3.88,3.65,3.80,3.79,3.62,3.57,3.69,3.57,3.61,3.61,3.63,3.55,3.42
3.57,3.81,3.68,3.85,3.50,3.35,3.00,2.71,2.62,2.55,2.24,2.90,3.01,2.92,2.78,2.39,2.20,2.29,2.63,2.77,2.72,2.76,2.96,2.88,3.20,2.90,2.81,2.63,2.63,2.57,2.40,2.34,2.45,2.66,3.01,3.06,3.05,3.10,3.29,3.17,3.00,3.08,3.35,3.83,4.64,5.66,6.13,5.74,5.61,4.85,3.74,3.60,3.37,3.31,3.55,3.55,3.54,3.68,3.56,3.46,3.67,3.66,3.36,3.40,3.54,3.50,3.50,3.42,3.42,3.44,3.02,3.14,3.47,3.01,3.06,3.05,3.32,3.08,3.16,2.90,2.89,2.81,2.52,2.48,2.54,2.54,2.60,3.14,3.30,3.60,4.07,4.17,4.00,3.91,4.05,4.22,4.19,4.09,3.97,4.06,4.20,4.29,4.42,4.16,3.79,3.18,3.41,3.19,3.41,3.59,3.36,3.54,3.47,3.53,3.62,3.67,3.66,3.59,3.61,3.74,3.88,3.80,3.57,3.69,3.88,3.79,3.69,3.79,3.94,3.92,3.68,3.61,3.35,3.57,3.53,3.32,3.38,3.12,2.68,2.62,2.92,3.35,3.80,3.85,3.74,3.66,3.71,3.81,3.61,3.56,3.66,3.50,3.29,3.36,3.59,3.54,3.37,3.40,3.42,3.28
3.56,3.83,3.92,3.75,3.71,3.47,3.11,2.77,2.54,2.43,2.35,3.02,2.94,2.83,2.72,2.34,2.22,2.46,2.51,2.59,2.70,2.82,2.94,2.71,3.19,2.62,2.65,2.69,2.63,2.57,2.42,2.30,2.43,2.64,2.99,3.24,3.01,3.01,3.12,3.01,2.89,3.06,3.41,3.81,4.48,5.51,5.85,5.61,5.56,4.75,3.71,3.59,3.47,3.42,3.40,3.46,3.53,3.44,3.42,3.42,3.49,3.55,3.25,3.34,3.43,3.47,3.42,3.53,3.41,3.52,3.18,3.19,3.16,3.05,3.22,3.19,3.26,2.86,3.05,2.92,2.80,2.71,2.43,2.47,2.64,2.64,2.72,3.04,3.20,3.49,3.83,3.96,4.03,3.98,4.04,4.23,4.24,4.12,3.94,4.02,4.18,4.36,4.35,4.10,3.90,3.40,3.16,2.88,3.18,3.32,3.20,3.23,3.48,3.48,3.42,3.52,3.65,3.65,3.57,3.68,3.73,3.80,3.59,3.75,3.88,3.81,3.77,3.78,3.79,3.77,3.72,3.67,3.37,3.61,3.61,3.40,3.38,3.04,2.62,2.69,2.66,3.38,3.88,3.84,3.81,3.78,3.66,3.84,3.56,3.61,3.63,3.60,3.52,3.48,3.65,3.49,3.40,3.37,3.40,3.40
3.63,3.57,3.40,3.66,3.55,3.55,3.05,2.75,2.72,2.64,2.37,2.84,2.94,2.86,2.55,2.20,2.36,2.46,2.48,2.63,2.68,2.70,2.77,2.77,3.19,2.80,2.84,2.89,2.72,2.60,2.55,2.40,2.39,2.69,2.92,3.19,3.02,2.96,3.08,2.96,2.82,2.99,3.37,3.81,4.52,5.33,5.63,5.49,5.37,4.36,3.55,3.66,3.40,3.60,3.56,3.57,3.54,3.54,3.54,3.49,3.63,3.55,3.38,3.48,3.49,3.59,3.53,3.25,3.20,3.13,3.19,3.32,3.19,3.31,3.19,3.04,3.30,3.04,3.00,2.98,3.16,2.89,2.55,2.47,2.57,2.46,2.78,3.22,3.28,3.62,4.02,4.15,4.13,4.18,4.32,4.45,4.48,4.26,4.32,4.38,4.32,4.30,4.35,4.10,3.85,3.28,3.10,3.32,3.18,3.48,3.52,3.56,3.57,3.65,3.67,3.56,3.49,3.60,3.69,3.66,3.83,3.93,3.62,3.71,3.88,3.88,3.81,3.78,3.77,3.71,3.68,3.67,3.46,3.56,3.48,3.38,3.40,3.08,2.64,2.86,2.78,3.18,3.80,3.96,3.99,3.92,3.71,3.86,3.52,3.57,3.55,3.54,3.61,3.56,3.63,3.52,3.40,3.40,3.49,3.53
3.53,3.50,3.35,3.25,3.30,3.23,2.60,2.39,2.39,2.23,2.20,3.04,2.92,2.76,2.45,2.13,2.43,2.30,2.43,2.72,2.78,2.74,2.84,3.01,3.18,2.92,2.75,2.63,2.65,2.75,2.68,2.55,2.69,2.84,2.96,3.04,3.07,3.23,3.24,3.02,2.93,3.06,3.36,3.86,4.55,5.10,5.49,5.35,5.24,4.32,3.53,3.63,3.41,3.63,3.65,3.57,3.56,3.56,3.52,3.40,3.32,3.50,3.61,3.44,3.40,3.14,3.32,3.40,3.36,3.31,3.18,3.05,3.30,3.22,3.19,2.81,3.23,2.92,2.99,2.75,3.00,2.72,2.68,2.37,2.51,2.47,2.59,3.05,3.37,3.59,3.91,4.06,4.05,4.16,4.18,4.07,4.18,4.05,4.02,4.20,4.18,4.02,4.06,4.06,3.98,3.66,3.28,3.28,3.32,3.59,3.61,3.52,3.48,3.57,3.71,3.74,3.73,3.72,3.84,3.83,3.80,3.93,3.68,3.68,3.80,3.90,3.80,3.77,3.85,3.80,3.65,3.68,3.52,3.53,3.46,3.40,3.38,3.14,2.71,2.78,3.11,3.43,3.90,3.63,3.46,3.68,3.79,3.80,3.69,3.63,3.66,3.66,3.60,3.60,3.55,3.49,3.41,3.47,3.67,3.71
3.65,3.71,3.54,3.24,3.24,3.36,2.94,2.69,2.70,2.87,2.70,3.44,3.01,2.89,2.64,2.28,2.35,2.23,2.47,2.75,2.76,2.74,2.93,3.25,3.18,2.87,2.88,2.80,2.76,2.89,2.69,2.47,2.81,2.81,3.02,2.90,3.10,3.13,3.00,3.10,3.11,3.11,3.30,3.77,4.37,4.87,5.43,5.26,5.02,4.37,3.61,3.66,3.40,3.48,3.50,3.44,3.44,3.56,3.54,3.42,3.50,3.61,3.49,3.36,3.48,3.43,3.40,3.22,3.06,3.22,3.11,3.06,3.17,3.38,3.12,3.10,3.11,3.08,3.13,2.98,2.76,2.75,2.46,2.39,2.41,2.30,2.48,2.75,2.93,3.36,3.85,3.99,3.92,3.96,4.02,4.06,4.24,4.06,3.87,4.23,4.10,3.96,3.93,4.15,3.84,3.67,3.25,3.24,3.34,3.67,3.68,3.53,3.57,3.59,3.65,3.77,3.74,3.68,3.72,3.80,3.69,3.83,3.71,3.69,3.73,3.80,3.81,3.78,3.81,3.84,3.67,3.79,3.65,3.61,3.61,3.52,3.37,3.14,2.86,2.80,2.81,3.13,3.63,3.73,3.71,3.86,3.86,3.73,3.78,3.72,3.66,3.66,3.61,3.62,3.47,3.42,3.42,3.49,3.71,3.80
3.88,3.92,3.60,3.28,3.17,3.42,3.00,2.72,2.66,2.60,2.58,3.36,3.43,3.19,2.72,2.40,2.43,2.29,2.63,2.47,2.45,2.63,2.89,3.14,3.16,2.75,2.86,2.62,2.78,2.93,2.72,2.48,2.49,2.69,2.94,3.08,3.10,2.89,3.06,3.19,3.05,2.94,3.13,3.68,4.39,5.01,5.51,5.25,4.96,4.45,3.71,3.65,3.41,3.43,3.49,3.48,3.55,3.66,3.48,3.36,3.50,3.52,3.41,3.40,3.42,3.41,3.28,3.40,3.13,3.14,3.01,3.14,3.01,3.24,3.10,2.90,3.04,2.93,3.04,3.01,2.89,2.78,2.43,2.23,2.24,2.30,2.60,2.96,3.02,3.36,3.73,3.88,3.96,3.97,4.09,4.22,4.30,4.09,4.16,4.26,4.17,4.10,4.02,4.15,3.75,3.48,3.16,3.14,3.31,3.47,3.53,3.49,3.50,3.57,3.67,3.69,3.60,3.61,3.69,3.69,3.78,3.87,3.69,3.71,3.77,3.74,3.75,3.80,3.71,3.83,3.67,3.80,3.63,3.55,3.40,3.36,3.35,3.22,3.05,2.87,2.83,2.99,3.44,3.72,3.84,3.91,3.78,3.61,3.72,3.71,3.57,3.53,3.69,3.63,3.54,3.42,3.36,3.41,3.53,3.55
3.88,3.91,3.54,3.23,3.23,3.24,2.82,2.68,2.55,2.45,2.55,3.06,3.20,2.89,2.59,2.25,1.99,2.36,2.55,2.14,2.20,2.53,2.72,2.81,2.77,2.51,2.49,2.45,2.52,2.52,2.39,2.59,2.92,2.68,2.59,2.77,2.93,2.80,2.96,3.07,2.98,2.93,3.12,3.60,4.39,5.21,5.67,5.38,5.08,4.59,3.88,3.54,3.41,3.38,3.48,3.47,3.53,3.57,3.53,3.46,3.49,3.44,3.40,3.44,3.43,3.46,3.36,3.38,3.40,3.01,3.19,3.10,3.11,3.08,3.30,2.93,3.13,3.12,2.89,3.10,3.00,2.95,2.64,2.35,2.34,2.55,2.70,2.80,2.94,3.28,3.74,4.07,4.15,4.04,3.97,4.10,4.29,4.12,4.20,4.13,4.13,4.22,4.22,4.28,3.88,3.60,3.28,3.19,3.29,3.48,3.40,3.43,3.57,3.59,3.60,3.63,3.57,3.55,3.75,3.74,3.80,3.88,3.80,3.72,3.83,3.77,3.68,3.72,3.59,3.79,3.71,3.63,3.46,3.52,3.50,3.40,3.32,3.23,2.92,2.84,2.95,3.07,3.46,3.72,3.81,3.87,3.69,3.62,3.63,3.73,3.67,3.52,3.78,3.61,3.66,3.49,3.35,3.38,3.30,3.44
3.65,3.61,3.25,2.99,2.93,2.96,2.71,2.66,2.65,2.70,2.84,3.02,2.96,2.95,2.52,2.05,2.00,2.26,2.52,2.16,2.28,2.41,2.49,2.48,2.26,2.28,1.80,2.14,2.17,2.25,2.18,2.24,2.51,2.62,2.71,2.59,2.70,2.87,2.92,3.08,2.99,2.92,3.04,3.57,4.43,5.08,5.49,5.28,4.91,4.54,4.02,3.46,3.34,3.34,3.47,3.37,3.41,3.53,3.48,3.37,3.43,3.53,3.42,3.41,3.52,3.48,3.38,3.30,3.22,3.05,3.22,3.02,3.29,3.11,3.19,2.94,3.00,2.94,2.96,2.98,2.82,2.69,2.49,2.35,2.30,2.33,2.58,2.82,2.96,3.36,3.83,4.11,4.29,4.22,4.12,4.26,4.13,4.13,4.04,4.10,4.19,4.12,4.00,4.02,4.04,3.69,3.32,3.25,3.28,3.36,3.42,3.49,3.57,3.54,3.55,3.65,3.54,3.55,3.79,3.90,3.80,3.81,3.96,3.81,3.79,3.81,3.71,3.68,3.73,3.83,3.57,3.49,3.62,3.75,3.75,3.65,3.55,3.43,3.04,2.96,3.06,3.00,3.34,3.68,3.75,3.79,3.83,3.73,3.65,3.71,3.75,3.61,3.72,3.53,3.54,3.37,3.23,3.41,3.35,3.29
3.52,3.02,2.66,2.52,2.52,2.78,2.59,2.48,2.62,2.66,2.51,2.74,2.42,2.16,1.99,1.80,1.67,2.01,2.26,1.80,1.88,1.95,1.97,1.94,1.84,1.78,1.22,1.71,1.69,1.88,1.82,1.83,2.17,2.52,2.48,2.60,2.66,2.64,2.90,3.00,2.87,2.96,3.16,3.63,4.37,4.85,4.84,4.71,4.64,4.32,3.87,3.46,3.22,3.28,3.48,3.36,3.50,3.56,3.42,3.28,3.42,3.53,3.42,3.41,3.43,3.48,3.48,3.25,3.18,3.08,3.02,3.18,3.23,2.87,2.99,2.98,3.18,3.05,2.87,2.86,2.90,2.94,2.76,2.59,2.52,2.53,2.54,2.65,2.90,3.19,3.62,4.06,4.20,4.06,3.98,4.19,4.12,3.85,3.65,4.07,4.17,4.11,4.11,3.81,4.18,3.78,3.40,3.24,3.12,3.23,3.42,3.55,3.61,3.44,3.37,3.67,3.55,3.60,3.78,3.85,3.85,3.75,3.86,3.75,3.69,3.86,3.85,3.55,3.69,3.74,3.61,3.59,3.46,3.42,3.41,3.36,3.23,3.02,2.82,2.82,3.00,3.14,3.44,3.67,3.72,3.79,3.91,3.69,3.68,3.69,3.63,3.52,3.62,3.52,3.48,3.44,3.37,3.50,3.60,3.38
2.69,2.46,2.16,2.20,2.53,2.52,2.28,2.19,2.39,2.33,2.05,2.16,2.11,1.79,1.62,1.50,1.58,1.83,1.67,1.07,1.09,1.03,0.91,1.00,1.14,1.04,0.97,1.14,1.07,1.38,1.51,1.72,2.18,2.45,2.40,2.49,2.68,2.78,2.76,3.00,2.95,2.88,2.92,3.24,3.77,4.16,4.29,4.15,3.93,3.71,3.61,3.40,3.14,3.13,3.40,3.36,3.52,3.50,3.37,3.34,3.42,3.46,3.40,3.37,3.31,3.36,3.49,3.23,3.14,3.05,2.89,3.05,3.17,2.92,3.17,2.98,3.01,2.88,2.87,2.93,2.84,2.81,2.76,2.60,2.57,2.54,2.54,2.64,2.82,3.16,3.43,3.66,3.90,3.87,3.71,4.00,3.98,3.73,3.65,3.53,3.68,3.92,4.15,3.77,4.18,3.79,3.28,3.20,3.01,3.13,3.36,3.40,3.48,3.42,3.24,3.53,3.53,3.61,3.61,3.67,3.68,3.48,3.50,3.55,3.73,3.96,3.86,3.62,3.78,3.61,3.72,3.57,3.63,3.68,3.55,3.30,3.13,3.28,3.05,2.78,2.93,3.16,3.46,3.71,3.77,3.79,3.83,3.65,3.67,3.75,3.69,3.62,3.57,3.44,3.41,3.46,3.44,3.32,3.42,3.38
2.24,2.06,1.72,1.79,2.06,2.06,1.72,1.92,2.06,1.89,1.62,1.55,1.44,1.17,1.08,1.00,1.03,1.23,1.00,0.46,0.41,0.43,0.43,0.37,0.46,0.81,0.63,0.54,0.69,1.04,1.33,1.66,2.14,2.47,2.41,2.41,2.43,2.75,2.72,3.00,2.81,2.81,2.87,3.04,3.41,3.85,4.04,3.79,3.54,3.17,3.54,3.04,3.34,3.04,3.24,3.25,3.40,3.37,3.31,3.32,3.36,3.38,3.43,3.43,3.38,3.36,3.44,3.17,3.20,3.05,2.93,2.92,3.11,3.11,3.06,2.84,2.95,2.92,2.99,2.96,2.84,2.70,2.62,2.51,2.65,2.63,2.60,2.72,2.83,2.96,3.07,3.28,3.67,3.57,3.28,3.56,3.62,3.56,3.40,3.26,3.32,3.49,3.68,3.65,3.81,3.69,3.18,3.07,3.05,3.14,3.25,3.23,3.31,3.41,3.25,3.28,3.41,3.66,3.52,3.81,3.61,3.61,3.69,3.74,3.72,3.67,3.62,3.74,3.72,3.61,3.73,3.63,3.48,3.43,3.41,3.28,3.18,3.47,3.19,2.80,2.93,3.04,3.29,3.66,3.86,3.73,3.72,3.83,3.80,3.65,3.56,3.75,3.47,3.57,3.62,3.53,3.37,3.44,3.32,3.35
2.17,1.80,1.25,1.20,1.41,1.38,1.07,1.49,1.57,1.40,1.17,0.98,0.75,0.60,0.75,0.74,0.76,0.87,0.69,0.37,0.63,0.74,0.71,0.70,0.70,0.59,0.35,0.35,0.82,0.75,1.07,1.44,1.97,2.34,2.33,2.37,2.28,2.64,2.88,2.80,2.65,2.98,3.17,3.14,3.24,3.40,3.28,2.87,2.69,2.81,3.02,3.19,3.37,3.05,3.34,3.40,3.36,3.41,3.34,3.24,3.24,3.35,3.44,3.50,3.48,3.35,3.44,3.19,3.32,3.13,3.01,2.95,3.14,3.11,3.18,2.92,3.10,2.89,2.95,2.89,2.89,2.74,2.54,2.43,2.57,2.53,2.54,2.74,2.77,2.74,2.76,2.82,3.10,3.12,2.95,3.04,3.01,3.18,3.19,3.20,3.05,3.16,3.24,3.44,3.47,3.46,3.17,3.04,3.07,3.22,3.19,3.19,3.37,3.36,3.17,3.11,3.50,3.71,3.62,3.75,3.66,3.57,3.60,3.71,3.81,3.83,3.62,3.60,3.69,3.81,3.59,3.46,3.41,3.43,3.41,3.30,3.31,3.34,3.17,2.78,2.89,2.88,3.07,3.59,3.73,3.79,3.62,3.66,3.79,3.79,3.61,3.53,3.49,3.50,3.57,3.55,3.36,3.35,3.29,3.37
1.74,1.40,0.95,0.96,0.97,0.75,0.74,0.75,0.97,0.93,0.72,0.61,0.63,0.32,0.56,0.59,0.61,0.63,0.44,0.25,0.38,0.27,0.10,0.17,0.38,0.46,0.19,0.25,0.50,0.39,0.91,1.28,1.77,2.08,2.18,2.39,2.36,2.66,2.96,2.75,2.71,2.99,3.17,3.26,3.22,3.07,3.07,2.96,2.68,2.70,2.71,3.50,3.63,3.26,3.34,3.40,3.53,3.46,3.26,3.24,3.30,3.37,3.36,3.40,3.46,3.34,3.42,3.23,3.30,3.14,3.13,2.93,3.18,3.02,3.26,2.98,3.24,2.95,2.95,2.88,2.90,2.87,2.60,2.46,2.43,2.45,2.45,2.62,2.63,2.57,2.60,2.51,2.54,2.52,2.62,2.64,2.58,2.75,2.99,2.99,2.68,2.83,3.00,3.05,3.23,3.16,3.07,3.10,3.06,3.23,3.29,3.25,3.38,3.35,3.24,3.24,3.42,3.73,3.50,3.74,3.78,3.60,3.57,3.66,3.69,3.75,3.81,3.57,3.78,3.75,3.60,3.44,3.35,3.36,3.38,3.25,3.29,3.19,3.14,2.83,2.88,2.82,2.83,3.37,3.60,3.65,3.69,3.69,3.72,3.69,3.46,3.49,3.62,3.57,3.53,3.56,3.47,3.31,3.24,3.36
1.12,0.95,0.93,0.81,0.86,0.93,0.53,0.56,0.67,0.46,0.44,0.63,0.54,0.09,0.38,0.50,0.53,0.46,0.35,0.29,0.39,0.38,0.28,0.38,0.50,0.49,0.45,0.51,0.71,0.59,1.09,1.19,1.63,1.99,2.13,2.41,2.53,2.64,2.93,2.88,2.88,3.06,3.20,3.30,3.22,3.07,3.06,3.12,2.99,2.81,2.96,3.38,3.37,3.42,3.50,3.54,3.61,3.40,3.10,3.22,3.36,3.36,3.32,3.40,3.54,3.49,3.32,3.17,3.18,3.01,3.17,2.90,3.11,3.02,3.17,2.84,3.18,2.98,3.02,2.81,2.90,2.94,2.65,2.51,2.41,2.37,2.34,2.46,2.55,2.54,2.49,2.37,2.39,2.26,2.37,2.51,2.46,2.47,2.53,2.58,2.42,2.42,2.59,2.59,2.78,2.83,2.92,2.94,3.00,3.22,3.31,3.24,3.32,3.25,3.29,3.44,3.41,3.52,3.60,3.77,3.74,3.62,3.59,3.65,3.63,3.68,3.88,3.84,3.73,3.75,3.63,3.57,3.44,3.37,3.41,3.28,3.20,3.20,3.11,2.89,2.89,2.96,3.06,3.44,3.61,3.54,3.54,3.59,3.60,3.49,3.41,3.48,3.62,3.67,3.59,3.52,3.47,3.37,3.25,3.24
1.01,0.92,0.92,0.67,0.66,0.69,0.59,0.60,0.75,0.58,0.61,0.56,0.12,0.15,0.40,0.54,0.53,0.49,0.51,0.45,0.58,0.60,0.60,0.59,0.51,0.48,0.61,0.76,0.63,0.86,1.11,1.30,1.55,1.82,2.13,2.46,2.59,2.65,2.98,2.94,3.07,3.11,3.34,3.29,3.12,3.08,3.16,3.22,3.08,3.07,3.19,3.60,3.48,3.29,3.54,3.55,3.55,3.43,3.17,3.31,3.46,3.43,3.35,3.34,3.43,3.42,3.29,3.19,3.16,3.00,3.01,3.02,3.02,3.01,3.04,2.74,2.89,2.77,2.95,2.75,2.86,2.90,2.62,2.52,2.40,2.28,2.30,2.39,2.51,2.60,2.51,2.33,2.39,2.51,2.42,2.55,2.41,2.43,2.24,2.37,2.40,2.37,2.33,2.46,2.43,2.48,2.52,2.71,2.90,3.01,3.11,3.28,3.34,3.20,3.35,3.42,3.48,3.48,3.41,3.66,3.74,3.69,3.62,3.60,3.69,3.78,3.75,3.88,3.72,3.80,3.75,3.67,3.56,3.50,3.65,3.49,3.37,3.25,3.08,2.88,2.96,3.12,3.19,3.66,3.71,3.42,3.52,3.61,3.61,3.67,3.46,3.57,3.55,3.61,3.68,3.44,3.38,3.38,3.35,3.22
1.28,1.20,0.97,0.67,0.69,0.74,0.61,0.54,0.91,0.82,0.75,0.61,0.46,0.72,0.54,0.56,0.61,0.69,0.67,0.54,0.70,0.76,0.71,0.65,0.58,0.58,0.65,0.58,0.93,1.00,1.12,1.28,1.68,1.84,1.97,2.26,2.49,2.86,3.11,2.98,3.28,3.22,3.44,3.44,3.40,3.50,3.66,3.63,3.60,3.46,3.75,3.75,3.40,3.28,3.40,3.53,3.50,3.37,3.32,3.42,3.55,3.50,3.26,3.20,3.34,3.37,3.24,3.20,3.24,3.16,2.95,2.86,3.00,2.89,2.87,2.80,2.70,2.68,2.83,2.86,2.76,2.89,2.57,2.42,2.40,2.33,2.31,2.41,2.48,2.51,2.54,2.43,2.45,2.53,2.46,2.48,2.53,2.58,2.39,2.48,2.49,2.57,2.36,2.31,2.31,2.49,2.57,2.60,2.81,3.04,3.12,3.29,3.37,3.38,3.42,3.36,3.59,3.49,3.46,3.68,3.69,3.72,3.75,3.65,3.72,3.83,3.62,3.68,3.75,3.85,3.84,3.74,3.60,3.55,3.63,3.46,3.26,3.31,3.11,2.71,2.69,3.04,3.28,3.59,3.72,3.59,3.52,3.55,3.57,3.77,3.56,3.62,3.56,3.59,3.74,3.40,3.37,3.43,3.32,3.24
1.07,1.29,1.22,0.90,0.95,0.90,0.74,0.79,1.18,0.97,0.80,0.66,0.60,0.59,0.40,0.56,0.74,0.82,0.71,0.49,0.72,0.84,0.75,0.76,0.72,0.61,0.56,0.76,0.96,0.96,1.04,1.22,1.68,2.02,2.14,2.19,2.39,2.93,3.17,3.18,3.61,3.54,3.53,3.72,3.71,3.83,3.98,3.92,3.79,3.59,3.74,3.74,3.54,3.47,3.62,3.66,3.53,3.43,3.41,3.44,3.57,3.40,3.23,3.24,3.25,3.29,3.30,3.26,3.25,2.95,3.02,2.86,3.20,2.95,2.93,2.96,2.88,2.90,2.93,2.87,2.88,2.98,2.62,2.42,2.52,2.34,2.33,2.58,2.52,2.34,2.37,2.34,2.42,2.42,2.49,2.26,2.31,2.34,2.22,2.48,2.37,2.48,2.65,2.52,2.40,2.58,2.62,2.75,2.93,3.02,3.17,3.08,3.16,3.18,3.22,3.32,3.44,3.36,3.40,3.57,3.60,3.55,3.59,3.61,3.65,3.72,3.53,3.57,3.81,3.92,3.81,3.74,3.74,3.60,3.49,3.28,3.42,3.41,3.35,3.00,2.82,3.01,3.16,3.50,3.75,3.57,3.48,3.48,3.42,3.66,3.67,3.62,3.59,3.69,3.85,3.34,3.16,3.28,3.30,3.19
1.18,1.30,1.17,1.17,1.08,0.95,0.95,1.15,1.34,1.02,0.87,0.74,0.65,0.65,0.51,0.75,1.00,1.04,0.79,0.40,0.65,0.70,0.72,0.86,0.88,0.69,0.53,0.63,0.92,0.88,1.08,1.15,1.60,2.00,2.23,2.29,2.39,2.68,2.88,3.36,3.88,3.66,3.71,3.83,3.69,3.83,3.97,3.88,3.88,3.80,3.68,3.78,3.61,3.56,3.78,3.80,3.69,3.54,3.44,3.42,3.46,3.41,3.43,3.34,3.26,3.42,3.44,3.35,3.14,2.98,2.94,2.84,3.00,3.11,3.11,2.99,3.05,3.11,3.00,2.99,2.93,2.99,2.83,2.53,2.52,2.53,2.60,2.71,2.68,2.65,2.72,2.53,2.37,2.23,2.42,2.51,2.72,3.02,2.58,2.57,2.57,2.58,2.63,2.59,2.66,2.62,2.69,2.86,2.95,2.96,3.14,3.36,3.34,3.40,3.25,3.28,3.66,3.42,3.41,3.55,3.59,3.49,3.48,3.56,3.61,3.63,3.53,3.69,3.84,3.83,3.84,3.68,3.50,3.66,3.60,3.37,3.48,3.13,3.05,2.82,2.74,3.05,3.00,3.19,3.62,3.47,3.37,3.53,3.32,3.60,3.75,3.72,3.56,3.43,3.52,3.53,3.44,3.49,3.49,3.37
1.39,1.41,1.17,1.17,1.00,0.95,1.08,1.25,1.29,1.06,1.04,0.92,0.77,0.75,0.79,0.80,0.90,0.88,0.72,0.56,0.58,0.59,0.53,0.92,0.93,0.79,0.64,0.66,0.93,0.98,1.17,1.18,1.79,2.13,2.28,2.36,2.53,2.95,3.43,3.78,3.68,3.80,3.99,3.87,3.79,3.93,3.98,3.96,4.09,4.07,4.00,3.91,3.73,3.77,3.81,3.94,3.78,3.65,3.47,3.60,3.77,3.71,3.54,3.42,3.43,3.50,3.46,3.31,3.05,3.00,3.12,3.31,3.28,3.20,3.01,3.06,2.96,3.18,3.36,3.37,3.34,3.30,3.11,2.99,2.88,2.99,3.05,2.89,2.69,2.59,2.72,2.81,2.90,2.95,2.65,2.58,2.57,2.87,2.71,2.82,2.75,2.72,2.87,2.83,2.63,2.55,2.80,2.90,2.94,3.14,3.20,3.18,3.29,3.44,3.28,3.41,3.68,3.60,3.56,3.60,3.63,3.65,3.67,3.71,3.61,3.68,3.85,3.75,3.81,3.79,3.80,3.73,3.52,3.63,3.60,3.22,3.34,3.19,3.10,2.87,2.69,3.04,2.96,3.14,3.50,3.44,3.34,3.54,3.53,3.55,3.59,3.57,3.59,3.62,3.44,3.60,3.48,3.37,3.42,3.48
1.51,1.27,1.13,1.34,0.95,1.02,1.12,1.08,1.23,1.15,1.13,1.04,0.91,0.74,0.80,0.79,0.80,0.90,0.88,0.88,1.07,0.77,0.80,1.07,0.92,0.82,0.88,0.93,0.92,1.14,1.38,1.31,2.12,2.26,2.29,2.41,2.60,2.86,3.29,3.59,3.56,3.87,4.09,3.97,3.68,3.84,4.07,4.13,4.13,4.24,4.19,3.96,3.74,3.87,3.81,3.88,3.81,3.83,3.69,3.68,3.79,3.77,3.66,3.59,3.57,3.56,3.52,3.52,3.32,3.23,3.04,3.12,3.01,3.23,3.20,3.24,3.18,3.47,3.28,3.36,3.17,3.24,2.92,2.70,2.68,2.77,2.82,2.87,2.90,2.80,2.71,2.80,2.95,2.84,2.71,2.84,2.69,2.63,2.48,2.70,2.70,2.75,2.98,2.92,2.72,2.77,2.98,3.05,3.06,3.31,3.35,3.18,3.25,3.42,3.42,3.50,3.68,3.73,3.66,3.60,3.61,3.72,3.83,3.84,3.35,3.83,3.86,3.68,3.66,3.84,3.88,3.69,3.49,3.56,3.73,3.29,3.47,3.53,3.40,3.11,2.86,3.05,3.10,3.37,3.61,3.57,3.44,3.56,3.66,3.75,3.81,3.74,3.59,3.47,3.57,3.43,3.48,3.46,3.36,3.42
1.51,1.23,0.95,1.30,1.17,1.12,1.12,1.22,1.35,1.19,1.02,1.12,1.03,0.88,0.91,0.86,1.00,1.07,1.01,0.96,0.93,0.96,0.82,1.24,1.02,0.95,0.95,0.86,0.86,1.19,1.47,1.49,2.24,2.36,2.36,2.59,2.87,3.12,3.46,3.71,3.75,3.98,4.15,3.96,4.03,4.07,4.15,4.06,4.06,4.25,3.97,3.86,3.72,3.85,3.84,3.85,3.92,3.96,3.77,3.72,3.83,3.80,3.74,3.66,3.56,3.53,3.53,3.40,3.28,3.30,3.01,3.14,3.26,3.35,3.07,3.22,3.16,3.17,3.18,3.14,3.25,3.23,3.14,2.90,2.78,2.80,2.80,2.87,2.87,2.70,2.76,2.89,3.02,3.18,3.00,2.96,2.88,2.72,2.62,2.78,2.80,2.89,3.02,2.99,2.95,3.04,3.16,3.13,3.11,3.25,3.35,3.30,3.31,3.48,3.54,3.50,3.79,3.81,3.59,3.53,3.66,3.67,3.98,3.93,3.97,3.85,3.90,3.84,3.84,3.96,4.00,3.86,3.69,3.67,3.78,3.50,3.55,3.60,3.50,3.24,2.98,3.13,3.17,3.41,3.68,3.69,3.52,3.85,3.78,3.79,3.74,3.73,3.74,3.60,3.55,3.59,3.56,3.57,3.52,3.32
1.60,1.27,1.15,1.55,1.35,1.25,1.11,1.01,1.03,1.07,1.04,1.15,1.08,0.97,1.01,0.95,1.07,0.98,0.85,0.85,0.97,0.92,0.74,0.96,1.06,0.74,0.58,0.69,0.84,1.04,1.28,1.51,2.17,2.33,2.36,2.66,2.90,3.10,3.44,3.60,3.60,3.83,3.87,4.06,3.68,3.92,4.07,3.96,4.02,4.12,3.99,3.90,3.99,3.90,3.84,4.00,4.04,3.85,3.65,3.81,3.92,3.86,3.67,3.68,3.78,3.74,3.68,3.48,3.40,3.31,3.10,3.17,3.34,3.48,3.16,3.28,3.18,3.38,3.18,3.25,3.24,3.17,2.98,2.74,2.70,2.77,2.87,2.94,2.98,3.06,3.10,3.11,2.88,3.23,2.93,2.99,2.98,2.80,2.64,2.82,2.70,2.82,2.93,3.06,3.04,3.14,3.29,3.28,3.24,3.25,3.38,3.36,3.35,3.57,3.47,3.46,3.75,3.68,3.50,3.60,3.72,3.75,3.84,3.88,3.50,3.75,3.81,3.83,3.92,3.97,3.94,3.96,3.61,3.65,3.63,3.53,3.53,3.50,3.37,3.17,2.86,3.11,3.00,3.25,3.52,3.60,3.50,3.66,3.65,3.80,3.71,3.63,3.75,3.78,3.65,3.69,3.66,3.61,3.73,3.37
1.72,1.39,1.30,1.49,1.41,1.40,1.36,1.27,1.11,0.97,1.27,1.09,0.74,0.66,0.87,0.93,0.86,0.67,0.63,0.71,0.79,0.80,0.80,0.88,0.67,0.53,0.61,0.81,0.91,0.95,1.18,1.47,2.24,2.28,2.35,2.66,2.86,3.05,3.37,3.50,3.67,3.92,3.87,4.16,3.90,4.00,4.13,4.11,4.17,4.19,4.03,3.97,3.86,3.84,3.78,4.06,4.02,3.71,3.67,3.88,3.96,3.90,3.62,3.67,3.84,3.78,3.65,3.52,3.41,3.30,3.12,3.26,3.20,3.44,3.12,3.18,3.22,3.41,3.26,3.10,3.06,3.22,2.98,2.75,2.74,2.81,2.90,2.95,3.08,3.12,3.05,3.06,2.93,3.17,2.76,2.90,2.98,2.71,2.66,2.76,2.69,2.84,2.95,3.01,2.98,3.06,3.32,3.35,3.47,3.50,3.50,3.40,3.31,3.56,3.46,3.41,3.59,3.79,3.85,3.87,3.90,3.73,3.77,3.83,3.65,3.86,3.71,3.72,3.88,3.94,3.87,3.85,3.59,3.47,3.49,3.37,3.38,3.43,3.34,3.07,2.78,2.93,2.98,3.11,3.22,3.20,3.23,3.60,3.62,3.68,3.63,3.54,3.65,3.68,3.72,3.62,3.59,3.68,3.79,3.35
1.69,1.38,1.18,1.13,1.11,1.17,1.14,1.12,1.08,0.93,0.98,0.96,0.81,0.69,0.72,0.81,0.66,0.46,0.55,0.61,0.64,0.72,0.80,0.80,0.58,0.70,0.69,0.75,1.06,1.39,1.56,2.03,2.47,2.62,2.53,2.74,2.87,3.05,3.29,3.50,3.65,3.91,3.93,4.02,3.92,3.96,4.09,4.17,4.16,4.07,3.96,3.80,3.87,3.85,4.05,3.98,3.87,3.98,3.72,3.86,3.90,3.90,3.81,3.71,3.65,3.57,3.54,3.49,3.35,3.32,3.11,3.23,3.17,3.41,3.11,3.19,3.20,3.25,3.31,3.17,3.07,3.22,2.98,2.78,2.87,2.95,2.98,3.01,3.05,3.04,2.90,2.98,2.94,3.13,2.68,2.86,3.02,2.78,2.78,2.72,2.77,2.98,3.04,2.96,2.93,3.02,3.25,3.40,3.47,3.73,3.26,3.31,3.48,3.46,3.66,3.67,3.53,3.74,3.94,3.75,3.68,3.68,3.73,3.88,3.73,3.83,3.74,3.74,3.85,3.90,3.88,3.68,3.72,3.41,3.53,3.36,3.31,3.41,3.40,3.22,2.89,2.94,2.92,3.14,3.44,3.54,3.29,3.62,3.63,3.60,3.59,3.60,3.65,3.50,3.59,3.54,3.50,3.62,3.80,3.31
1.31,1.17,1.03,0.84,0.66,0.86,0.84,0.98,1.06,0.84,0.72,0.90,0.69,0.65,0.72,0.63,0.81,0.60,0.56,0.59,0.60,0.64,0.63,0.72,0.60,0.67,0.67,0.88,1.36,1.62,1.53,1.91,2.24,2.52,2.66,2.71,2.75,2.80,3.07,3.50,3.57,3.80,3.96,3.94,3.94,3.99,4.13,4.16,4.16,4.16,4.09,4.11,4.10,3.63,3.75,4.00,4.10,3.93,3.83,3.77,3.99,4.00,3.78,3.78,3.78,3.69,3.68,3.59,3.44,3.40,3.11,3.16,3.23,3.35,3.17,3.31,3.20,3.12,3.28,3.26,3.18,3.20,3.00,2.92,3.05,3.02,3.00,3.04,2.94,2.98,2.92,2.94,2.92,3.19,2.74,2.99,3.12,2.98,2.98,2.81,2.84,2.94,2.95,3.01,3.12,3.17,3.25,3.43,3.54,3.53,3.28,3.29,3.55,3.62,3.68,3.60,3.65,3.81,3.87,3.79,3.81,3.84,3.63,3.96,3.81,3.79,3.74,3.73,3.79,3.81,3.86,3.61,3.74,3.50,3.63,3.55,3.57,3.72,3.55,3.50,2.82,2.94,2.96,3.17,3.46,3.50,3.37,3.59,3.67,3.63,3.63,3.79,3.85,3.73,3.71,3.56,3.47,3.72,3.62,3.29
1.22,1.01,1.00,0.93,0.69,0.85,0.82,0.93,0.86,0.64,0.64,0.71,0.70,0.64,0.58,0.58,0.46,0.75,0.56,0.48,0.53,0.55,0.56,0.80,0.71,0.72,0.76,1.01,1.38,1.67,1.83,2.07,2.22,2.33,2.42,2.71,2.55,2.57,2.98,3.47,3.80,3.80,4.04,4.05,4.02,4.05,4.23,4.15,4.13,4.16,4.02,4.00,4.02,4.02,4.11,3.90,3.96,3.90,3.88,3.80,3.85,3.68,3.59,3.61,3.62,3.68,3.71,3.61,3.50,3.38,3.18,3.34,3.29,3.31,3.30,3.36,3.25,3.13,3.26,3.18,3.16,3.22,3.11,3.16,3.18,2.98,2.92,2.98,2.89,2.93,2.93,2.89,2.96,3.25,2.90,3.23,3.11,3.04,3.04,2.93,2.96,2.99,2.92,3.01,3.18,3.23,3.19,3.07,3.08,3.23,3.22,3.37,3.38,3.46,3.57,3.50,3.57,3.85,4.00,3.94,3.99,4.00,3.74,3.97,3.92,3.83,3.74,3.68,3.71,3.67,3.73,3.63,3.73,3.48,3.44,3.35,3.28,3.40,3.37,3.35,3.01,3.00,3.08,3.26,3.46,3.47,3.37,3.56,3.71,3.69,3.61,3.75,3.83,3.62,3.60,3.63,3.60,3.73,3.61,3.36
1.31,1.04,0.87,0.77,0.80,0.88,0.90,0.79,0.58,0.49,0.58,0.54,0.51,0.53,0.55,0.55,0.75,0.88,0.40,0.35,0.51,0.67,0.84,0.92,0.92,0.77,0.80,1.06,1.49,1.80,1.89,1.92,2.08,2.13,2.24,2.42,2.52,2.76,3.00,3.42,3.91,3.88,4.20,4.18,4.09,4.12,4.32,4.23,4.22,4.15,3.91,3.81,3.83,3.91,3.99,4.05,4.11,4.19,3.94,3.83,3.84,3.78,3.67,3.74,3.87,3.78,3.67,3.74,3.74,3.53,3.38,3.36,3.57,3.59,3.66,3.43,3.23,3.32,3.36,3.28,3.17,3.18,3.14,3.13,3.13,3.05,2.98,3.00,3.02,2.93,2.93,3.16,2.81,3.18,3.16,3.24,3.17,3.22,3.05,2.90,2.88,3.08,3.18,3.19,3.23,3.24,3.34,3.36,3.56,3.47,3.52,3.59,3.44,3.60,3.53,3.50,3.67,3.93,4.05,4.06,4.03,4.17,3.85,3.99,4.02,3.91,3.83,3.79,3.72,3.68,3.78,3.73,3.80,3.56,3.53,3.43,3.35,3.48,3.46,3.29,3.05,3.02,3.04,3.14,3.36,3.59,3.43,3.68,3.74,3.63,3.57,3.54,3.75,3.83,3.68,3.54,3.54,3.50,3.66,3.55
1.07,0.91,0.96,0.91,0.70,0.69,0.85,0.64,0.51,0.50,0.55,0.51,0.48,0.54,0.46,0.45,0.59,0.58,0.40,0.60,0.71,0.81,0.90,0.88,1.06,0.72,0.85,1.15,1.57,1.88,1.90,1.80,1.96,1.95,2.03,2.16,2.49,2.84,3.06,3.29,3.47,3.54,3.94,4.17,4.24,4.25,4.29,4.29,4.37,4.18,3.78,3.63,3.75,3.79,3.90,3.87,3.98,4.06,3.80,3.75,3.91,3.83,3.78,3.73,3.77,3.80,3.66,3.43,3.38,3.35,3.19,3.20,3.38,3.29,3.11,3.46,3.40,3.26,3.24,3.14,3.18,3.40,3.24,3.00,3.04,3.14,3.20,3.14,2.98,3.11,3.32,3.20,3.40,3.52,3.11,3.16,3.36,3.08,3.11,3.00,3.00,2.94,2.94,3.10,3.28,3.44,3.50,3.50,3.36,3.47,3.67,3.50,3.40,3.60,3.60,3.63,3.80,3.98,4.07,4.12,3.93,4.17,3.87,4.05,4.05,4.00,3.94,3.81,3.81,3.96,3.68,3.74,3.59,3.71,3.55,3.35,3.36,3.34,3.44,3.37,3.07,3.01,2.95,2.96,3.17,3.37,3.43,3.65,3.77,3.63,3.41,3.49,3.57,3.68,3.63,3.48,3.54,3.48,3.66,3.62
0.80,0.70,0.81,0.88,0.84,0.66,0.70,0.74,0.65,0.61,0.61,0.49,0.71,0.50,0.44,0.50,0.59,0.60,0.66,0.79,0.79,0.88,1.09,1.27,1.02,1.09,1.14,1.22,1.52,1.74,1.78,1.75,1.71,1.69,1.73,2.09,2.13,2.33,2.63,2.82,2.90,3.16,3.80,3.97,4.28,4.25,4.11,4.23,4.36,4.05,3.56,3.41,3.50,3.59,3.73,3.74,4.05,3.85,3.91,3.87,3.92,3.77,3.78,3.83,3.84,3.84,3.68,3.57,3.71,3.56,3.32,3.19,3.80,3.50,3.35,3.41,3.28,3.40,3.47,3.22,3.23,3.26,3.11,3.08,3.14,3.01,2.98,3.10,3.12,3.11,3.34,3.26,3.11,3.34,3.06,3.06,3.12,3.04,3.02,3.01,3.17,3.18,3.17,3.38,3.52,3.59,3.55,3.57,3.44,3.59,3.65,3.47,3.47,3.67,3.69,3.75,3.91,3.98,4.10,4.23,3.90,3.91,3.91,3.98,3.96,3.93,3.92,3.90,3.83,3.75,3.98,3.85,3.60,3.60,3.57,3.42,3.38,3.23,3.34,3.44,3.19,3.07,3.01,3.01,3.22,3.30,3.46,3.52,3.54,3.53,3.48,3.62,3.50,3.56,3.62,3.56,3.50,3.68,3.68,3.54
